bank_ticker,bank_name,cik,scenario_name,period,period_end,forecast_quarter,baseline_period,baseline_period_end,modeled_assets,modeled_loan_portfolio,modeled_deposit_portfolio,modeled_funding_cost,modeled_loan_yield,modeled_net_interest_income,modeled_noninterest_income,modeled_noninterest_expense,modeled_provision_credit_loss,modeled_net_income,modeled_equity_capital_base,modeled_roa,modeled_roe,modeled_efficiency_ratio,modeled_funding_gap,modeled_funding_gap_to_assets,modeled_rate_sensitivity,modeled_capital_ratio,ftp_asset_transfer_rate,ftp_deposit_crediting_rate,ftp_loan_charge,ftp_deposit_credit,ftp_customer_loan_spread,ftp_deposit_spread,ftp_loan_spread_income,ftp_deposit_spread_income,ftp_net_spread_income,ftp_adjusted_net_interest_income,ftp_methodology,rate_shock_bps,deposit_beta,loan_yield_beta,expense_growth_annual,credit_loss_rate_annual,capital_ratio_assumption,scenario_short_rate,source_rate_series,data_type,scenario_data_label,model_version,period_sort
BAC,BANK OF AMERICA CORP /DE/,0000070858,Base,2026Q2,2026-06-30,1,2026Q1,2026-03-31,3515686288398.7173,1199267457896.3235,2047775782038.2493,0.01759942798325511,0.1272425069538668,15854259053.672592,13031699529.993944,18144459239.454628,1798901186.8444853,7064652544.320262,344229633712.8394,0.008037864547394512,0.08209232271052738,0.6281411498566072,-848508324141.9258,-0.24134927139030776,1884055422.0135713,0.0979125,0.04326896551724138,0.038349999999999995,12972765570.416437,19633050310.291714,0.08397354143662542,0.020750572016744885,25176683892.31334,10623129709.832693,35799813602.146034,22514543793.547874,Modeled Funds Transfer Pricing using FRED SOFR and Treasury 2Y curve proxies; calibrated from public EDGAR baselines.,0,0.35,0.55,0.03,0.006,0.095,0.03634999999999999,SOFR,modeled_scenario_calibrated_from_public_data,MODELED/SCENARIO DATA - calibrated from public SEC EDGAR and FRED data; not actual internal bank data,v1_public_calibrated_deterministic,20262
BAC,BANK OF AMERICA CORP /DE/,0000070858,Base,2026Q3,2026-09-30,2,2026Q1,2026-03-31,3535295341390.5176,1206693617405.937,2057938753121.769,0.01759942798325511,0.1272425069538668,15964253496.33265,13169421159.315193,18380990956.334343,1810040426.1089056,7064688185.83163,348115212215.0468,0.007993321636378947,0.08117643743149548,0.6309190712669338,-851245135715.832,-0.24078473041548393,1896033823.4381235,0.09846849516061214,0.04326896551724138,0.038349999999999995,13053096130.353188,19730487795.55496,0.08397354143662542,0.020750572016744885,25332584120.637215,10675851575.675861,36008435696.31308,22641645161.53443,Modeled Funds Transfer Pricing using FRED SOFR and Treasury 2Y curve proxies; calibrated from public EDGAR baselines.,0,0.35,0.55,0.03,0.006,0.095,0.03634999999999999,SOFR,modeled_scenario_calibrated_from_public_data,MODELED/SCENARIO DATA - calibrated from public SEC EDGAR and FRED data; not actual internal bank data,v1_public_calibrated_deterministic,20263
BAC,BANK OF AMERICA CORP /DE/,0000070858,Base,2026Q4,2026-12-31,3,2026Q1,2026-03-31,3555013765619.5938,1214165761524.4875,2068152162335.3567,0.01759942798325511,0.1272425069538668,16074988176.19899,13308598258.595615,18620606107.796024,1821248642.2867312,7063968030.922361,352000394632.05414,0.007948175165157147,0.08027227399340077,0.6337077384721973,-853986400810.8691,-0.24022027961459388,1908086783.635952,0.09901519876975917,0.04326896551724138,0.038349999999999995,13133924116.904543,19828408856.39023,0.08397354143662542,0.020750572016744885,25489449721.577103,10728835096.531618,36218284818.10872,22769472915.684677,Modeled Funds Transfer Pricing using FRED SOFR and Treasury 2Y curve proxies; calibrated from public EDGAR baselines.,0,0.35,0.55,0.03,0.006,0.095,0.03634999999999999,SOFR,modeled_scenario_calibrated_from_public_data,MODELED/SCENARIO DATA - calibrated from public SEC EDGAR and FRED data; not actual internal bank data,v1_public_calibrated_deterministic,20264
BAC,BANK OF AMERICA CORP /DE/,0000070858,Base,2027Q1,2027-03-31,4,2026Q1,2026-03-31,3574842171113.75,1221684175000.0007,2078416260000.0005,0.01759942798325511,0.1272425069538668,16186467972.987541,13449246209.535332,18863344889.585712,1832526262.5000012,7062475994.045356,355884756428.7791,0.007902419917850555,0.07937935937369908,0.6365071809442011,-856732084999.9998,-0.23965591877671147,1920214759.7245312,0.09955257865773202,0.04326896551724138,0.038349999999999995,13215252610.258629,19926815892.750004,0.08397354143662542,0.020750572016744885,25647286672.958023,10782081570.975895,36429368243.933914,22898031255.478912,Modeled Funds Transfer Pricing using FRED SOFR and Treasury 2Y curve proxies; calibrated from public EDGAR baselines.,0,0.35,0.55,0.03,0.006,0.095,0.03634999999999999,SOFR,modeled_scenario_calibrated_from_public_data,MODELED/SCENARIO DATA - calibrated from public SEC EDGAR and FRED data; not actual internal bank data,v1_public_calibrated_deterministic,20271
BAC,BANK OF AMERICA CORP /DE/,0000070858,Base,2027Q2,2027-06-30,5,2026Q1,2026-03-31,3594781171303.275,1229249144343.7322,2088731297679.0146,0.01759942798325511,0.1272425069538668,16298697798.113884,13591380556.391367,19109248021.4424,1843873716.5155983,7060195727.072327,359767864078.6689,0.007856050636331421,0.07849723593465262,0.639317428171349,-859482153335.2825,-0.23909164769094424,1932418211.593094,0.10008060211026318,0.04326896551724138,0.038349999999999995,13297084709.676855,20025711316.49755,0.08397354143662542,0.020750572016744885,25806100989.621178,10835592304.029348,36641693293.65053,23027324404.934578,Modeled Funds Transfer Pricing using FRED SOFR and Treasury 2Y curve proxies; calibrated from public EDGAR baselines.,0,0.35,0.55,0.03,0.006,0.095,0.03634999999999999,SOFR,modeled_scenario_calibrated_from_public_data,MODELED/SCENARIO DATA - calibrated from public SEC EDGAR and FRED data; not actual internal bank data,v1_public_calibrated_deterministic,20272
BAC,BANK OF AMERICA CORP /DE/,0000070858,Base,2027Q3,2027-09-30,6,2026Q1,2026-03-31,3614831383039.9194,1236860957841.086,2099097528184.2048,0.01759942798325511,0.1272425069538668,16411682594.896873,13735017007.695599,19358356753.928814,1855291436.7616289,7057110615.402603,363649274917.1403,0.007809062019891919,0.07762546059810634,0.64213850965842,-862236570343.1189,-0.23852746614643325,1944697601.9192932,0.10059923586569251,0.04326896551724138,0.038349999999999995,13379423533.612022,20125097551.46606,0.08397354143662542,0.020750572016744885,25965898723.65316,10889368607.189379,36855267330.84254,23157356612.750908,Modeled Funds Transfer Pricing using FRED SOFR and Treasury 2Y curve proxies; calibrated from public EDGAR baselines.,0,0.35,0.55,0.03,0.006,0.095,0.03634999999999999,SOFR,modeled_scenario_calibrated_from_public_data,MODELED/SCENARIO DATA - calibrated from public SEC EDGAR and FRED data; not actual internal bank data,v1_public_calibrated_deterministic,20273
BAC,BANK OF AMERICA CORP /DE/,0000070858,Base,2027Q4,2027-12-31,7,2026Q1,2026-03-31,3634993426615.98,1244519905562.6,2109515205582.0642,0.01759942798325511,0.1272425069538668,16525427338.763779,13880171437.99083,19610712875.351284,1866779858.3439002,7053203774.016945,367528536992.8496,0.007761448724910812,0.0767636040643469,0.6449704549263432,-864995300019.4641,-0.23796337393235314,1957053396.1859763,0.10110844611210278,0.04326896551724138,0.038349999999999995,13462272219.827162,20224977033.51804,0.08397354143662542,0.020750572016744885,26126685964.61653,10943411798.462255,37070097763.07879,23288132152.45466,Modeled Funds Transfer Pricing using FRED SOFR and Treasury 2Y curve proxies; calibrated from public EDGAR baselines.,0,0.35,0.55,0.03,0.006,0.095,0.03634999999999999,SOFR,modeled_scenario_calibrated_from_public_data,MODELED/SCENARIO DATA - calibrated from public SEC EDGAR and FRED data; not actual internal bank data,v1_public_calibrated_deterministic,20274
BAC,BANK OF AMERICA CORP /DE/,0000070858,Base,2028Q1,2028-03-31,8,2026Q1,2026-03-31,3655267925783.488,1252226279375.001,2119984585200.001,0.01759942798325511,0.1272425069538668,16639937037.456543,14026859889.585234,19866358718.769726,1878339419.0625014,7048458043.475546,371405188916.76117,0.007713205364517563,0.07591125007200948,0.647813293511971,-867758305825.0,-0.2373993708379121,1969486062.6980517,0.10160819848442502,0.04326896551724138,0.038349999999999995,13545633925.515097,20325352210.605007,0.08397354143662542,0.020750572016744885,26288468839.781975,10997723202.395414,37286192042.17739,23419655322.546455,Modeled Funds Transfer Pricing using FRED SOFR and Treasury 2Y curve proxies; calibrated from public EDGAR baselines.,0,0.35,0.55,0.03,0.006,0.095,0.03634999999999999,SOFR,modeled_scenario_calibrated_from_public_data,MODELED/SCENARIO DATA - calibrated from public SEC EDGAR and FRED data; not actual internal bank data,v1_public_calibrated_deterministic,20281
BAC,BANK OF AMERICA CORP /DE/,0000070858,Credit Stress,2026Q2,2026-06-30,1,2026Q1,2026-03-31,3489610057533.023,1188896042926.5454,2035111131499.9443,0.02009942798325511,0.1297425069538668,16171139185.502785,12855044073.205309,18075094669.130806,5350032193.169454,4424834553.162188,383857106328.6325,0.00507201031657998,0.04610918469618164,0.6227168935036655,-846215088573.3989,-0.2424956011192924,955355902.0639191,0.11,0.046268965517241384,0.045099999999999994,13752247503.438265,22945878007.66187,0.08347354143662541,0.025000572016744885,24810340775.76725,12719735601.285881,37530076377.05313,25364769689.726387,Modeled Funds Transfer Pricing using FRED SOFR and Treasury 2Y curve proxies; calibrated from public EDGAR baselines.,50,0.5,0.5,0.045,0.018,0.11,0.04134999999999999,SOFR,modeled_scenario_calibrated_from_public_data,MODELED/SCENARIO DATA - calibrated from public SEC EDGAR and FRED data; not actual internal bank data,v1_public_calibrated_deterministic,20262
BAC,BANK OF AMERICA CORP /DE/,0000070858,Credit Stress,2026Q3,2026-09-30,2,2026Q1,2026-03-31,3483046483692.695,1185912591450.698,2032562458833.9602,0.02009942798325511,0.1297425069538668,16117907251.76162,12814796403.229372,18240721969.516037,5336606661.528141,4230746268.9179816,386184016776.5374,0.004858673335226445,0.043821039557585546,0.6304534200131501,-846649867383.2622,-0.2430773954201299,951679821.4826697,0.11087535540642816,0.046268965517241384,0.045099999999999994,13717737200.073679,22917141723.352898,0.08347354143662541,0.025000572016744885,24748080960.668915,12703806032.65262,37451886993.32153,25317311775.04084,Modeled Funds Transfer Pricing using FRED SOFR and Treasury 2Y curve proxies; calibrated from public EDGAR baselines.,50,0.5,0.5,0.045,0.018,0.11,0.04134999999999999,SOFR,modeled_scenario_calibrated_from_public_data,MODELED/SCENARIO DATA - calibrated from public SEC EDGAR and FRED data; not actual internal bank data,v1_public_calibrated_deterministic,20263
BAC,BANK OF AMERICA CORP /DE/,0000070858,Credit Stress,2026Q4,2026-12-31,3,2026Q1,2026-03-31,3476495255214.985,1182936626737.6855,2030016977999.7427,0.02009942798325511,0.1297425069538668,16064824616.166077,12774674744.096285,18407866960.57647,5323214820.319585,4035649887.6993814,388403624214.7721,0.004643354403139916,0.04156140299522874,0.6382866335724424,-847080351262.0571,-0.24365928588321173,948013360.8400654,0.11172275400984356,0.046268965517241384,0.045099999999999994,13683313497.901953,22888441426.947094,0.08347354143662541,0.025000572016744885,24685977382.22252,12687896413.424345,37373873795.646866,25269952545.21122,Modeled Funds Transfer Pricing using FRED SOFR and Treasury 2Y curve proxies; calibrated from public EDGAR baselines.,50,0.5,0.5,0.045,0.018,0.11,0.04134999999999999,SOFR,modeled_scenario_calibrated_from_public_data,MODELED/SCENARIO DATA - calibrated from public SEC EDGAR and FRED data; not actual internal bank data,v1_public_calibrated_deterministic,20264
BAC,BANK OF AMERICA CORP /DE/,0000070858,Credit Stress,2027Q1,2027-03-31,4,2026Q1,2026-03-31,3469956348879.62,1179968130000.0002,2027474684999.9995,0.02009942798325511,0.1297425069538668,16011890884.62107,12734678701.280529,18576543549.349068,5309856585.000001,3839533866.7265,390515367841.4717,0.004426031316464496,0.0393278644878851,0.6462177510898449,-847506554999.9993,-0.24424127273924995,944356497.7696683,0.11254186755621906,0.046268965517241384,0.045099999999999994,13648976179.603453,22859777073.374992,0.08347354143662541,0.025000572016744885,24624029648.363106,12672006718.61741,37296036366.980515,25222691778.3926,Modeled Funds Transfer Pricing using FRED SOFR and Treasury 2Y curve proxies; calibrated from public EDGAR baselines.,50,0.5,0.5,0.045,0.018,0.11,0.04134999999999999,SOFR,modeled_scenario_calibrated_from_public_data,MODELED/SCENARIO DATA - calibrated from public SEC EDGAR and FRED data; not actual internal bank data,v1_public_calibrated_deterministic,20271
BAC,BANK OF AMERICA CORP /DE/,0000070858,Credit Stress,2027Q2,2027-06-30,5,2026Q1,2026-03-31,3463429741510.0024,1177007082497.2803,2024935575842.444,0.02009942798325511,0.1297425069538668,15959105664.044403,12694807881.491817,18746765770.304955,5296531871.237761,3642386564.1548696,392518680451.75684,0.004206681626019467,0.03711809649377992,0.6542480049195714,-847928493345.1638,-0.24482335621899462,940709209.9546771,0.11333236408619182,0.046268965517241384,0.045099999999999994,13614725028.403887,22831148617.623554,0.08347354143662541,0.025000572016744885,24562237368.009583,12656136923.27945,37218374291.28903,25175529253.264076,Modeled Funds Transfer Pricing using FRED SOFR and Treasury 2Y curve proxies; calibrated from public EDGAR baselines.,50,0.5,0.5,0.045,0.018,0.11,0.04134999999999999,SOFR,modeled_scenario_calibrated_from_public_data,MODELED/SCENARIO DATA - calibrated from public SEC EDGAR and FRED data; not actual internal bank data,v1_public_calibrated_deterministic,20272
BAC,BANK OF AMERICA CORP /DE/,0000070858,Credit Stress,2027Q3,2027-09-30,6,2026Q1,2026-03-31,3456915409973.1255,1174053465536.1914,2022399646539.7898,0.02009942798325511,0.1297425069538668,15906468562.364174,12655061892.671198,18918547786.51716,5283240594.912861,3444196238.148227,394412988382.73834,0.003985282634584342,0.03492984602024292,0.6623786430597888,-848346181003.5984,-0.2454055365532342,937071475.1278192,0.1140939078939755,0.046268965517241384,0.045099999999999994,13580559828.072947,22802556014.736126,0.08347354143662541,0.025000572016744885,24500600151.06224,12640287002.489353,37140887153.55159,25128464749.02735,Modeled Funds Transfer Pricing using FRED SOFR and Treasury 2Y curve proxies; calibrated from public EDGAR baselines.,50,0.5,0.5,0.045,0.018,0.11,0.04134999999999999,SOFR,modeled_scenario_calibrated_from_public_data,MODELED/SCENARIO DATA - calibrated from public SEC EDGAR and FRED data; not actual internal bank data,v1_public_calibrated_deterministic,20273
BAC,BANK OF AMERICA CORP /DE/,0000070858,Credit Stress,2027Q4,2027-12-31,7,2026Q1,2026-03-31,3450413331179.494,1171107260470.309,2019866893109.7434,0.02009942798325511,0.1297425069538668,15853979188.516136,12615440343.987213,19091903890.839043,5269982672.11639,3244951045.942854,396197711458.0069,0.0037618113941538652,0.03276092669996947,0.6706109293532291,-848759632639.4343,-0.2459878139727953,933443271.0712439,0.11482615948581734,0.046268965517241384,0.045099999999999994,13546480362.92294,22773999219.812355,0.08347354143662541,0.025000572016744885,24439117608.400303,12624456931.357222,37063574539.75752,25081498045.405556,Modeled Funds Transfer Pricing using FRED SOFR and Treasury 2Y curve proxies; calibrated from public EDGAR baselines.,50,0.5,0.5,0.045,0.018,0.11,0.04134999999999999,SOFR,modeled_scenario_calibrated_from_public_data,MODELED/SCENARIO DATA - calibrated from public SEC EDGAR and FRED data; not actual internal bank data,v1_public_calibrated_deterministic,20274
BAC,BANK OF AMERICA CORP /DE/,0000070858,Credit Stress,2028Q1,2028-03-31,8,2026Q1,2026-03-31,3443923482083.0425,1168168448700.0005,2017337311574.999,0.02009942798325511,0.1297425069538668,15801637152.441269,12575942845.832056,19266848507.09349,5256758019.150002,3044639042.9035664,397872262931.6039,0.003536244703162835,0.03060921131289772,0.6789461436903996,-849168862874.9985,-0.24657018870854308,929824575.6164136,0.11552877553799556,0.046268965517241384,0.045099999999999994,13512486417.80742,22745478188.00811,0.08347354143662541,0.025000572016744885,24377789351.87948,12608646685.024319,36986436036.90379,25034628922.64196,Modeled Funds Transfer Pricing using FRED SOFR and Treasury 2Y curve proxies; calibrated from public EDGAR baselines.,50,0.5,0.5,0.045,0.018,0.11,0.04134999999999999,SOFR,modeled_scenario_calibrated_from_public_data,MODELED/SCENARIO DATA - calibrated from public SEC EDGAR and FRED data; not actual internal bank data,v1_public_calibrated_deterministic,20281
BAC,BANK OF AMERICA CORP /DE/,0000070858,Rate Down 100bp,2026Q2,2026-06-30,1,2026Q1,2026-03-31,3519976353711.273,1200727311429.9468,2050280711224.6345,0.01509942798325511,0.12274250695386679,13774765283.76191,13053992829.09191,18157775102.65632,1801090967.14492,5427214714.011539,344649684732.755,0.006167330877992265,0.0629881871874609,0.6768026692207127,-849553399794.6877,-0.2413520189983562,2098735692.8394537,0.0979125,0.03726896551724138,0.024849999999999994,11187466191.32316,12737368918.483038,0.08547354143662542,0.009750572016744884,25657603901.89885,4997852432.33468,30655456334.23353,15324668010.921791,Modeled Funds Transfer Pricing using FRED SOFR and Treasury 2Y curve proxies; calibrated from public EDGAR baselines.,-100,0.25,0.45,0.028,0.006,0.095,0.02634999999999999,SOFR,modeled_scenario_calibrated_from_public_data,MODELED/SCENARIO DATA - calibrated from public SEC EDGAR and FRED data; not actual internal bank data,v1_public_calibrated_deterministic,20262
BAC,BANK OF AMERICA CORP /DE/,0000070858,Rate Down 100bp,2026Q3,2026-09-30,2,2026Q1,2026-03-31,3543928592668.27,1209633192084.307,2062976554425.2378,0.01509942798325511,0.12274250695386679,13889042604.159653,13214517497.811832,18407979754.36737,1814449788.1264603,5436093141.987348,347639535960.848,0.006135668933322883,0.06254861809043,0.6791720233471614,-853343362340.9309,-0.24079022475405962,2113985470.090039,0.09809439633745715,0.03726896551724138,0.024849999999999994,11270444431.075163,12816241844.366787,0.08547354143662542,0.009750572016744884,25847908191.68387,5028800365.694876,30876708557.378746,15434840017.451279,Modeled Funds Transfer Pricing using FRED SOFR and Treasury 2Y curve proxies; calibrated from public EDGAR baselines.,-100,0.25,0.45,0.028,0.006,0.095,0.02634999999999999,SOFR,modeled_scenario_calibrated_from_public_data,MODELED/SCENARIO DATA - calibrated from public SEC EDGAR and FRED data; not actual internal bank data,v1_public_calibrated_deterministic,20263
BAC,BANK OF AMERICA CORP /DE/,0000070858,Rate Down 100bp,2026Q4,2026-12-31,3,2026Q1,2026-03-31,3568043818444.894,1218605128294.7244,2075751013414.251,0.01509942798325511,0.12274250695386679,14004244119.163582,13377016134.926332,18661632095.42274,1827907692.4420867,5444459168.317817,350633988503.42285,0.006103578818368598,0.06210988491510336,0.6815475957734732,-857145885119.5266,-0.2402285198092403,2129345239.8290567,0.09827065090704075,0.03726896551724138,0.024849999999999994,11354038126.387398,12895603170.836031,0.08547354143662542,0.009750572016744884,26039623982.045837,5059939936.281708,31099563918.327545,15545809163.61222,Modeled Funds Transfer Pricing using FRED SOFR and Treasury 2Y curve proxies; calibrated from public EDGAR baselines.,-100,0.25,0.45,0.028,0.006,0.095,0.02634999999999999,SOFR,modeled_scenario_calibrated_from_public_data,MODELED/SCENARIO DATA - calibrated from public SEC EDGAR and FRED data; not actual internal bank data,v1_public_calibrated_deterministic,20264
BAC,BANK OF AMERICA CORP /DE/,0000070858,Rate Down 100bp,2027Q1,2027-03-31,4,2026Q1,2026-03-31,3592323140110.8823,1227643609999.9998,2088604575000.0007,0.01509942798325511,0.12274250695386679,14120377168.822113,13541513014.282248,18918779633.179832,1841465414.9999998,5452299656.590379,353632753314.54755,0.006071057022361396,0.06167188537245806,0.6839293883371447,-860960965000.001,-0.23966690395603613,2144815790.7220216,0.09844124248344545,0.03726896551724138,0.024849999999999994,11438251842.13793,12975455922.187502,0.08547354143662542,0.009750572016744884,26232761742.185844,5091272330.760088,31324034072.94593,15657581248.871674,Modeled Funds Transfer Pricing using FRED SOFR and Treasury 2Y curve proxies; calibrated from public EDGAR baselines.,-100,0.25,0.45,0.028,0.006,0.095,0.02634999999999999,SOFR,modeled_scenario_calibrated_from_public_data,MODELED/SCENARIO DATA - calibrated from public SEC EDGAR and FRED data; not actual internal bank data,v1_public_calibrated_deterministic,20271
BAC,BANK OF AMERICA CORP /DE/,0000070858,Rate Down 100bp,2027Q2,2027-06-30,5,2026Q1,2026-03-31,3616767674282.814,1236749130772.845,2101537729005.2512,0.01509942798325511,0.12274250695386679,14237449150.70456,13708032708.221394,19179470529.622612,1855123696.1592674,5459601230.183818,356635533991.1486,0.006038100007367963,0.06123451770590331,0.686317402807516,-864788598232.4062,-0.2391053769866181,2160397917.0623913,0.09860614949835493,0.03726896551724138,0.024849999999999994,11523090177.062853,13055803141.44512,0.08547354143662542,0.009750572016744884,26427332018.95581,5122798743.143049,31550130762.09886,15770162115.086838,Modeled Funds Transfer Pricing using FRED SOFR and Treasury 2Y curve proxies; calibrated from public EDGAR baselines.,-100,0.25,0.45,0.028,0.006,0.095,0.02634999999999999,SOFR,modeled_scenario_calibrated_from_public_data,MODELED/SCENARIO DATA - calibrated from public SEC EDGAR and FRED data; not actual internal bank data,v1_public_calibrated_deterministic,20272
BAC,BANK OF AMERICA CORP /DE/,0000070858,Rate Down 100bp,2027Q3,2027-09-30,6,2026Q1,2026-03-31,3641378545175.463,1245922187846.836,2114550968285.8696,0.01509942798325511,0.12274250695386679,14355467520.347366,13876600091.251143,19443753610.382034,1868883281.770254,5466350268.362515,359642026638.748,0.006004704208086242,0.060797680620939626,0.6887116408857707,-868628780439.0337,-0.23854393869319018,2176092418.8115706,0.09876535003899693,0.03726896551724138,0.024849999999999994,11608557764.007418,13136647890.475962,0.08547354143662542,0.009750572016744884,26623345437.43438,5154520374.83725,31777865812.27163,15883557646.815903,Modeled Funds Transfer Pricing using FRED SOFR and Treasury 2Y curve proxies; calibrated from public EDGAR baselines.,-100,0.25,0.45,0.028,0.006,0.095,0.02634999999999999,SOFR,modeled_scenario_calibrated_from_public_data,MODELED/SCENARIO DATA - calibrated from public SEC EDGAR and FRED data; not actual internal bank data,v1_public_calibrated_deterministic,20273
BAC,BANK OF AMERICA CORP /DE/,0000070858,Rate Down 100bp,2027Q4,2027-12-31,7,2026Q1,2026-03-31,3666156884653.501,1255163282143.566,2127644788749.6082,0.01509942798325511,0.12274250695386679,14474439791.703682,14047240343.760143,19711678373.8807,1882744923.215349,5472532902.310544,362651919735.0188,0.005970866031640399,0.06036127321547554,0.691112104204942,-872481506606.0422,-0.2379825888679892,2191900101.6391997,0.09891882184667994,0.03726896551724138,0.024849999999999994,11694659270.179018,13217993250.106937,0.08547354143662542,0.009750572016744884,26820812701.50721,5186438434.688752,32007251136.19596,15997773771.6316,Modeled Funds Transfer Pricing using FRED SOFR and Treasury 2Y curve proxies; calibrated from public EDGAR baselines.,-100,0.25,0.45,0.028,0.006,0.095,0.02634999999999999,SOFR,modeled_scenario_calibrated_from_public_data,MODELED/SCENARIO DATA - calibrated from public SEC EDGAR and FRED data; not actual internal bank data,v1_public_calibrated_deterministic,20274
BAC,BANK OF AMERICA CORP /DE/,0000070858,Rate Down 100bp,2028Q1,2028-03-31,8,2026Q1,2026-03-31,3691103832283.554,1264472918299.9995,2140819689375.0017,0.01509942798325511,0.12274250695386679,14594373537.596542,14219978955.779753,19983295000.60363,1896709377.4499993,5478135011.104908,365664893991.1265,0.00593658185737439,0.05992519491070252,0.6935187943299191,-876346771075.0022,-0.2374213273032847,2207821776.9637337,0.09906654231531133,0.03726896551724138,0.024849999999999994,11781399397.402065,13299842320.242195,0.08547354143662542,0.009750572016744884,27019744594.45142,5218554139.029092,32238298733.48051,16112816460.436668,Modeled Funds Transfer Pricing using FRED SOFR and Treasury 2Y curve proxies; calibrated from public EDGAR baselines.,-100,0.25,0.45,0.028,0.006,0.095,0.02634999999999999,SOFR,modeled_scenario_calibrated_from_public_data,MODELED/SCENARIO DATA - calibrated from public SEC EDGAR and FRED data; not actual internal bank data,v1_public_calibrated_deterministic,20281
BAC,BANK OF AMERICA CORP /DE/,0000070858,Rate Up 100bp,2026Q2,2026-06-30,1,2026Q1,2026-03-31,3511380460211.654,1197802253623.9912,2045261626552.8613,0.02209942798325511,0.1337425069538668,17504837078.89875,13009354026.898975,18135418272.441814,2096153943.8419847,8123268922.716003,351138046021.1654,0.009253647122278923,0.09253647122278923,0.5943273478744147,-847459372928.8701,-0.24134649677858838,1669890263.0312216,0.1,0.04926896551724138,0.05184999999999999,14753619482.56861,26511703834.19146,0.08447354143662542,0.029750572016744883,25295649576.09738,15211925828.461418,40507575404.5588,29262921430.5216,Modeled Funds Transfer Pricing using FRED SOFR and Treasury 2Y curve proxies; calibrated from public EDGAR baselines.,100,0.45,0.65,0.033,0.007,0.1,0.046349999999999995,SOFR,modeled_scenario_calibrated_from_public_data,MODELED/SCENARIO DATA - calibrated from public SEC EDGAR and FRED data; not actual internal bank data,v1_public_calibrated_deterministic,20262
BAC,BANK OF AMERICA CORP /DE/,0000070858,Rate Up 100bp,2026Q3,2026-09-30,2,2026Q1,2026-03-31,3526640955703.217,1203746864246.9563,2052888589059.9456,0.02209942798325511,0.1337425069538668,17604505835.66604,13124296570.40364,18362677869.304565,2106557012.4321735,8105058344.223023,355595828110.4881,0.00919294983076253,0.09117157968124058,0.5975721938866545,-849141724812.9893,-0.24077918208253477,1679121321.7330933,0.10083131018354032,0.04926896551724138,0.05184999999999999,14826840686.517683,26610568335.68954,0.08447354143662542,0.029750572016744883,25421190154.04329,15268652452.795425,40689842606.838715,29388233484.8379,Modeled Funds Transfer Pricing using FRED SOFR and Treasury 2Y curve proxies; calibrated from public EDGAR baselines.,100,0.45,0.65,0.033,0.007,0.1,0.046349999999999995,SOFR,modeled_scenario_calibrated_from_public_data,MODELED/SCENARIO DATA - calibrated from public SEC EDGAR and FRED data; not actual internal bank data,v1_public_calibrated_deterministic,20263
BAC,BANK OF AMERICA CORP /DE/,0000070858,Rate Up 100bp,2026Q4,2026-12-31,3,2026Q1,2026-03-31,3541967773464.6924,1209720977565.6726,2060543993188.5464,0.02209942798325511,0.1337425069538668,17704716240.90175,13240254674.579493,18592785314.70272,2117011710.739927,8085787373.130487,360043011165.70984,0.009131407048597858,0.0898313492818668,0.6008338274249619,-850823015622.8738,-0.24021195844777923,1688400542.618745,0.10165056098563029,0.04926896551724138,0.05184999999999999,14900425282.291664,26709801511.706528,0.08447354143662542,0.029750572016744883,25547353781.287216,15325590615.756731,40872944397.043945,29514092470.316612,Modeled Funds Transfer Pricing using FRED SOFR and Treasury 2Y curve proxies; calibrated from public EDGAR baselines.,100,0.45,0.65,0.033,0.007,0.1,0.046349999999999995,SOFR,modeled_scenario_calibrated_from_public_data,MODELED/SCENARIO DATA - calibrated from public SEC EDGAR and FRED data; not actual internal bank data,v1_public_calibrated_deterministic,20264
BAC,BANK OF AMERICA CORP /DE/,0000070858,Rate Up 100bp,2027Q1,2027-03-31,4,2026Q1,2026-03-31,3557361201733.3457,1215724740000.0002,2068227944999.9998,0.02209942798325511,0.1337425069538668,17805471154.954742,13357237312.287632,18825776295.7597,2127518295.0000005,8065436962.421312,364479001495.04156,0.009069010994431918,0.08851469554446786,0.6041123259728527,-852503204999.9995,-0.23964482566027093,1697728168.391678,0.10245768726477564,0.04926896551724138,0.05184999999999999,14974375073.379313,26809404737.062492,0.08447354143662542,0.029750572016744883,25674143549.98018,15382741106.19169,41056884656.17187,29640500818.637924,Modeled Funds Transfer Pricing using FRED SOFR and Treasury 2Y curve proxies; calibrated from public EDGAR baselines.,100,0.45,0.65,0.033,0.007,0.1,0.046349999999999995,SOFR,modeled_scenario_calibrated_from_public_data,MODELED/SCENARIO DATA - calibrated from public SEC EDGAR and FRED data; not actual internal bank data,v1_public_calibrated_deterministic,20271
BAC,BANK OF AMERICA CORP /DE/,0000070858,Rate Up 100bp,2027Q2,2027-06-30,5,2026Q1,2026-03-31,3572821529999.124,1221758298696.4712,2075940550951.154,0.02209942798325511,0.1337425069538668,17906773452.998222,13475253535.667767,19061686946.80346,2138077022.7188246,8043987785.123528,368903194776.8595,0.009005753819587512,0.0872205814318213,0.607407767308588,-854182252254.6829,-0.23907778350599346,1707104442.9515388,0.10325262308216944,0.04926896551724138,0.05184999999999999,15048691872.219984,26909379391.70433,0.08447354143662542,0.029750572016744883,25801562567.61933,15440104715.888338,41241667283.50767,29767460972.482567,Modeled Funds Transfer Pricing using FRED SOFR and Treasury 2Y curve proxies; calibrated from public EDGAR baselines.,100,0.45,0.65,0.033,0.007,0.1,0.046349999999999995,SOFR,modeled_scenario_calibrated_from_public_data,MODELED/SCENARIO DATA - calibrated from public SEC EDGAR and FRED data; not actual internal bank data,v1_public_calibrated_deterministic,20272
BAC,BANK OF AMERICA CORP /DE/,0000070858,Rate Up 100bp,2027Q3,2027-09-30,6,2026Q1,2026-03-31,3588349049010.101,1227821801531.8958,2083681917895.8447,0.02209942798325511,0.1337425069538668,18008626025.105766,13594312476.838655,19300553854.97051,2148688152.6808176,8021420230.491545,373314975903.6298,0.008941627607497516,0.08594801439267469,0.6107202295059686,-855860116363.949,-0.23851083177096458,1716529611.3999348,0.1040353016958075,0.04926896551724138,0.05184999999999999,15123377500.24804,27009726860.724884,0.08447354143662542,0.029750572016744883,25929613957.12417,15497682239.587357,41427296196.711525,29894975385.58262,Modeled Funds Transfer Pricing using FRED SOFR and Treasury 2Y curve proxies; calibrated from public EDGAR baselines.,100,0.45,0.65,0.033,0.007,0.1,0.046349999999999995,SOFR,modeled_scenario_calibrated_from_public_data,MODELED/SCENARIO DATA - calibrated from public SEC EDGAR and FRED data; not actual internal bank data,v1_public_calibrated_deterministic,20273
BAC,BANK OF AMERICA CORP /DE/,0000070858,Rate Up 100bp,2027Q4,2027-12-31,7,2026Q1,2026-03-31,3603944050777.945,1233915397116.9863,2091452153086.3745,0.02209942798325511,0.1337425069538668,18111031776.327423,13714423348.604782,19542414065.880207,2159351944.954726,7997714400.136845,377713718823.7051,0.008876624373134166,0.08469604360724546,0.6140497909351371,-857536755969.3882,-0.23794397024123637,1726003920.0462701,0.1048056555545506,0.04926896551724138,0.05184999999999999,15198433787.9375,27110448534.382126,0.08447354143662542,0.029750572016744883,26058300856.912964,15555474474.993082,41613775331.906044,30023046522.77205,Modeled Funds Transfer Pricing using FRED SOFR and Treasury 2Y curve proxies; calibrated from public EDGAR baselines.,100,0.45,0.65,0.033,0.007,0.1,0.046349999999999995,SOFR,modeled_scenario_calibrated_from_public_data,MODELED/SCENARIO DATA - calibrated from public SEC EDGAR and FRED data; not actual internal bank data,v1_public_calibrated_deterministic,20274
BAC,BANK OF AMERICA CORP /DE/,0000070858,Rate Up 100bp,2028Q1,2028-03-31,8,2026Q1,2026-03-31,3619606828583.408,1240039234800.0005,2099251364174.9998,0.02209942798325511,0.1337425069538668,18213993626.766396,13835595445.169222,19787305089.38009,2170068660.900001,7972850104.107865,382098786380.9644,0.008810736062433797,0.0834637574185717,0.6173965302633768,-859212129374.9993,-0.237377198702895,1735527616.4136078,0.1055636162921333,0.04926896551724138,0.05184999999999999,15273862574.846903,27211545808.11843,0.08447354143662542,0.029750572016744883,26187626420.979782,15613482222.784567,41801108643.76435,30151676860.037926,Modeled Funds Transfer Pricing using FRED SOFR and Treasury 2Y curve proxies; calibrated from public EDGAR baselines.,100,0.45,0.65,0.033,0.007,0.1,0.046349999999999995,SOFR,modeled_scenario_calibrated_from_public_data,MODELED/SCENARIO DATA - calibrated from public SEC EDGAR and FRED data; not actual internal bank data,v1_public_calibrated_deterministic,20281
C,CITIGROUP INC,0000831001,Base,2026Q1,2026-03-31,1,2025Q4,2025-12-31,2672022780511.5767,737521811288.5037,1410538836756.9963,0.027817806531945023,0.20637513567669333,15777081745.763512,7210494848.633685,14695983068.992,1106282716.9327555,5676395538.693229,261624430496.83975,0.00849752566496674,0.08678693389471968,0.6393011028650092,-673017025468.4927,-0.25187548189227604,1472559356.4295099,0.0979125,0.04326896551724138,0.038349999999999995,7977951455.213918,13523541097.407701,0.16310617015945195,0.010532193468054972,30073589512.08247,3714016980.7324753,33787606492.814945,21322671387.9573,Modeled Funds Transfer Pricing using FRED SOFR and Treasury 2Y curve proxies; calibrated from public EDGAR baselines.,0,0.35,0.55,0.03,0.006,0.095,0.03634999999999999,SOFR,modeled_scenario_calibrated_from_public_data,MODELED/SCENARIO DATA - calibrated from public SEC EDGAR and FRED data; not actual internal bank data,v1_public_calibrated_deterministic,20261
C,CITIGROUP INC,0000831001,Base,2026Q2,2026-06-30,2,2025Q4,2025-12-31,2686926225244.757,742088728014.5314,1417539244485.1677,0.027817806531945023,0.20637513567669333,15889934264.957237,7286696812.658463,14887560346.698092,1113133092.0217972,5668990734.727691,264742375400.93997,0.00843936939014586,0.08565294054104136,0.6423522166289602,-675450516470.6364,-0.25138409462995526,1481757972.1719062,0.09852982672675507,0.04326896551724138,0.038349999999999995,8027352895.798569,13590657506.501543,0.16310617015945195,0.010532193468054972,30259812586.23735,3732449392.869566,33992261979.10692,21453238875.66021,Modeled Funds Transfer Pricing using FRED SOFR and Treasury 2Y curve proxies; calibrated from public EDGAR baselines.,0,0.35,0.55,0.03,0.006,0.095,0.03634999999999999,SOFR,modeled_scenario_calibrated_from_public_data,MODELED/SCENARIO DATA - calibrated from public SEC EDGAR and FRED data; not actual internal bank data,v1_public_calibrated_deterministic,20262
C,CITIGROUP INC,0000831001,Base,2026Q3,2026-09-30,3,2025Q4,2025-12-31,2701912795266.589,746683924213.8754,1424574394757.8787,0.027817806531945023,0.20637513567669333,16003562721.795696,7363704094.410125,15081635031.563744,1120025886.3208132,5660828659.6737995,267855831163.76056,0.008380475742356836,0.08453545528695855,0.6454171619722435,-677890470544.0033,-0.2508928014744155,1491013062.5520587,0.0991356314804128,0.04326896551724138,0.038349999999999995,8077060242.272162,13658107009.74116,0.16310617015945195,0.010532193468054972,30447188799.538918,3750973283.8068237,34198162083.34574,21584609489.26469,Modeled Funds Transfer Pricing using FRED SOFR and Treasury 2Y curve proxies; calibrated from public EDGAR baselines.,0,0.35,0.55,0.03,0.006,0.095,0.03634999999999999,SOFR,modeled_scenario_calibrated_from_public_data,MODELED/SCENARIO DATA - calibrated from public SEC EDGAR and FRED data; not actual internal bank data,v1_public_calibrated_deterministic,20263
C,CITIGROUP INC,0000831001,Base,2026Q4,2026-12-31,4,2025Q4,2025-12-31,2716982954215.7646,751307575000.0002,1431644460000.0002,0.027817806531945023,0.20637513567669333,16117972314.472904,7441525204.648858,15278239679.86387,1126961362.5000005,5651894216.638734,270964372982.91187,0.008320838683023843,0.08343376148561296,0.6484959905220171,-680336885000.0,-0.2504016022420626,1500324969.938794,0.099729875950261,0.04326896551724138,0.038349999999999995,8127075388.879313,13725891260.25,0.16310617015945195,0.010532193468054972,30635725292.50881,3769589107.5472717,34405314400.056076,21716788185.843586,Modeled Funds Transfer Pricing using FRED SOFR and Treasury 2Y curve proxies; calibrated from public EDGAR baselines.,0,0.35,0.55,0.03,0.006,0.095,0.03634999999999999,SOFR,modeled_scenario_calibrated_from_public_data,MODELED/SCENARIO DATA - calibrated from public SEC EDGAR and FRED data; not actual internal bank data,v1_public_calibrated_deterministic,20264
C,CITIGROUP INC,0000831001,Base,2027Q1,2027-03-31,5,2025Q4,2025-12-31,2732137168316.961,755959856570.7166,1438749613492.1365,0.027817806531945023,0.20637513567669333,16233168275.383026,7520168744.078273,15477407272.277971,1133939784.8560748,5642172070.23853,274067567621.54306,0.008260452126148843,0.0823471689000392,0.6515887540178968,-682789756921.4199,-0.24991049674933746,1509694038.75708,0.10031252120125907,0.04326896551724138,0.038349999999999995,8177400241.594269,13794011919.355856,0.16310617015945195,0.010532193468054972,30825429249.884544,3788297320.347122,34613726570.23167,21849779953.144608,Modeled Funds Transfer Pricing using FRED SOFR and Treasury 2Y curve proxies; calibrated from public EDGAR baselines.,0,0.35,0.55,0.03,0.006,0.095,0.03634999999999999,SOFR,modeled_scenario_calibrated_from_public_data,MODELED/SCENARIO DATA - calibrated from public SEC EDGAR and FRED data; not actual internal bank data,v1_public_calibrated_deterministic,20271
C,CITIGROUP INC,0000831001,Base,2027Q2,2027-06-30,6,2025Q4,2025-12-31,2747375906395.2656,760640946214.8949,1445890029374.8713,0.027817806531945023,0.20637513567669333,16349155871.342411,7599643404.295955,15679171219.422668,1140961419.3223424,5631646643.145752,277164973275.27325,0.008199309937947059,0.08127501215750725,0.6546955043116555,-685249083159.9764,-0.24941948481271622,1519120615.5002923,0.10088352767093003,0.04326896551724138,0.038349999999999995,8228036718.193536,13862470656.631577,0.16310617015945195,0.010532193468054972,31016307900.893295,3807098380.7269573,34823406281.620255,21983589809.780453,Modeled Funds Transfer Pricing using FRED SOFR and Treasury 2Y curve proxies; calibrated from public EDGAR baselines.,0,0.35,0.55,0.03,0.006,0.095,0.03634999999999999,SOFR,modeled_scenario_calibrated_from_public_data,MODELED/SCENARIO DATA - calibrated from public SEC EDGAR and FRED data; not actual internal bank data,v1_public_calibrated_deterministic,20272
C,CITIGROUP INC,0000831001,Base,2027Q3,2027-09-30,7,2025Q4,2025-12-31,2762699639890.6787,765351022319.2224,1453065882653.0364,0.027817806531945023,0.20637513567669333,16465940403.813198,7679957968.75404,15883565367.4564,1148026533.4788337,5620302112.589283,280256139437.1974,0.008137405936479842,0.08021664929625903,0.6578162933669147,-687714860333.814,-0.24892856624870996,1528605048.7425482,0.10144285516621968,0.04326896551724138,0.038349999999999995,8278986748.328968,13931269149.935984,0.16310617015945195,0.010532193468054972,31208368519.5274,3825992749.4829597,35034361269.01036,22118222805.420208,Modeled Funds Transfer Pricing using FRED SOFR and Treasury 2Y curve proxies; calibrated from public EDGAR baselines.,0,0.35,0.55,0.03,0.006,0.095,0.03634999999999999,SOFR,modeled_scenario_calibrated_from_public_data,MODELED/SCENARIO DATA - calibrated from public SEC EDGAR and FRED data; not actual internal bank data,v1_public_calibrated_deterministic,20273
C,CITIGROUP INC,0000831001,Base,2027Q4,2027-12-31,8,2025Q4,2025-12-31,2778108842872.6997,770090264375.0005,1460277349200.0005,0.027817806531945023,0.20637513567669333,16583527209.128204,7761121313.729965,16090624003.757126,1155135396.5625007,5608122406.8054495,283340606760.94037,0.00807473389128466,0.07917146039765666,0.6609511732588372,-690187084825.0,-0.24843774087386475,1538147689.151112,0.10199046286032205,0.04326896551724138,0.038349999999999995,8330252273.601298,14000409085.455004,0.16310617015945195,0.010532193468054972,31401618424.821537,3844980889.6982193,35246599314.51976,22253684020.981903,Modeled Funds Transfer Pricing using FRED SOFR and Treasury 2Y curve proxies; calibrated from public EDGAR baselines.,0,0.35,0.55,0.03,0.006,0.095,0.03634999999999999,SOFR,modeled_scenario_calibrated_from_public_data,MODELED/SCENARIO DATA - calibrated from public SEC EDGAR and FRED data; not actual internal bank data,v1_public_calibrated_deterministic,20274
C,CITIGROUP INC,0000831001,Credit Stress,2026Q1,2026-03-31,1,2025Q4,2025-12-31,2652204094432.294,731143630421.6993,1401815234497.9377,0.030317806531945022,0.20887513567669333,16031563177.182297,7112750632.061953,14639801700.47537,3290146336.897647,4119348959.778272,291742450387.5523,0.006212717895166392,0.05647925359242175,0.6325442102598857,-670671604076.2384,-0.2528733009213592,842588400.9139724,0.10999999999999999,0.046268965517241384,0.045099999999999994,8457314856.0330715,15805466768.964247,0.16260617015945195,0.014782193468054972,29722116394.83757,5180476000.703842,34902592395.54141,23379715090.11348,Modeled Funds Transfer Pricing using FRED SOFR and Treasury 2Y curve proxies; calibrated from public EDGAR baselines.,50,0.5,0.5,0.045,0.018,0.11,0.04134999999999999,SOFR,modeled_scenario_calibrated_from_public_data,MODELED/SCENARIO DATA - calibrated from public SEC EDGAR and FRED data; not actual internal bank data,v1_public_calibrated_deterministic,20261
C,CITIGROUP INC,0000831001,Credit Stress,2026Q2,2026-06-30,2,2025Q4,2025-12-31,2647215589376.88,729308876612.7216,1400059670334.5735,0.030317806531945022,0.20887513567669333,15975561530.252583,7090481424.8596945,14773950421.586409,3281889944.757247,3958060045.127212,293919383412.37225,0.005980714318864959,0.05386592744138972,0.6405064991137529,-670750793721.8519,-0.2533797384744693,839729881.5163234,0.11102963604167844,0.046268965517241384,0.045099999999999994,8436091815.853016,15785672783.022314,0.16260617015945195,0.014782193468054972,29647530822.321735,5173988228.426733,34821519050.74847,23325142497.42188,Modeled Funds Transfer Pricing using FRED SOFR and Treasury 2Y curve proxies; calibrated from public EDGAR baselines.,50,0.5,0.5,0.045,0.018,0.11,0.04134999999999999,SOFR,modeled_scenario_calibrated_from_public_data,MODELED/SCENARIO DATA - calibrated from public SEC EDGAR and FRED data; not actual internal bank data,v1_public_calibrated_deterministic,20262
C,CITIGROUP INC,0000831001,Credit Stress,2026Q3,2026-09-30,3,2025Q4,2025-12-31,2642236467152.4253,727478726990.1163,1398306304753.0593,0.030317806531945022,0.20887513567669333,15919721685.050545,7068281939.993433,14909328386.080917,3273654271.455523,3795966564.3309536,296007165022.7543,0.005746596281629432,0.051295603794444034,0.6485699510608284,-670827577762.943,-0.2538862763051269,836878550.4383415,0.11202902113517693,0.046268965517241384,0.045099999999999994,8414922033.408088,15765903586.090742,0.16260617015945195,0.014782193468054972,29573132417.084084,5167508581.1151905,34740640998.19927,23270703237.7332,Modeled Funds Transfer Pricing using FRED SOFR and Treasury 2Y curve proxies; calibrated from public EDGAR baselines.,50,0.5,0.5,0.045,0.018,0.11,0.04134999999999999,SOFR,modeled_scenario_calibrated_from_public_data,MODELED/SCENARIO DATA - calibrated from public SEC EDGAR and FRED data; not actual internal bank data,v1_public_calibrated_deterministic,20263
C,CITIGROUP INC,0000831001,Credit Stress,2026Q4,2026-12-31,4,2025Q4,2025-12-31,2637266710110.854,725653170000.0,1396555134999.9998,0.030317806531945022,0.20887513567669333,15864043206.054,7046151959.170521,15045946857.870213,3265439264.9999995,3633059143.459904,298005347551.6572,0.005510340125299187,0.04876501946435895,0.6567358658170017,-670901964999.9998,-0.25439291461416097,834034391.3469974,0.11299780428318187,0.046268965517241384,0.045099999999999994,8393805375.051725,15746159147.124996,0.16260617015945195,0.014782193468054972,29498920709.44142,5161037048.593908,34659957758.03533,23216396978.127274,Modeled Funds Transfer Pricing using FRED SOFR and Treasury 2Y curve proxies; calibrated from public EDGAR baselines.,50,0.5,0.5,0.045,0.018,0.11,0.04134999999999999,SOFR,modeled_scenario_calibrated_from_public_data,MODELED/SCENARIO DATA - calibrated from public SEC EDGAR and FRED data; not actual internal bank data,v1_public_calibrated_deterministic,20264
C,CITIGROUP INC,0000831001,Credit Stress,2027Q1,2027-03-31,5,2025Q4,2025-12-31,2632306300637.2837,723832194117.4824,1394806158325.4478,0.030317806531945022,0.20887513567669333,15808525658.876,7024091264.781763,15183817204.08005,3257244873.528671,3469328328.3787417,299913478132.26556,0.005271921930269003,0.04627105590564656,0.6650055600217909,-670973964207.9653,-0.25489965360244055,831197387.9448694,0.11393563053800246,0.046268965517241384,0.045099999999999994,8372741707.472741,15726439435.119421,0.16260617015945195,0.014782193468054972,29424895230.8892,5154573620.700321,34579468851.58952,23162223386.522682,Modeled Funds Transfer Pricing using FRED SOFR and Treasury 2Y curve proxies; calibrated from public EDGAR baselines.,50,0.5,0.5,0.045,0.018,0.11,0.04134999999999999,SOFR,modeled_scenario_calibrated_from_public_data,MODELED/SCENARIO DATA - calibrated from public SEC EDGAR and FRED data; not actual internal bank data,v1_public_calibrated_deterministic,20271
C,CITIGROUP INC,0000831001,Credit Stress,2027Q2,2027-06-30,6,2025Q4,2025-12-31,2627355221149.9644,722015787846.5945,1393059371982.9004,0.030317806531945022,0.20887513567669333,15753168610.26189,7002099639.899274,15322950895.996443,3249071045.3096747,3304764583.9954863,301731098653.4631,0.005031317512595845,0.04381072549357592,0.6733803674622872,-671043584136.3059,-0.2554064934708743,828367523.9700662,0.11484214095777985,0.046268965517241384,0.045099999999999994,8351730897.694488,15706744419.1072,0.16260617015945195,0.014782193468054972,29351055514.098526,5148118287.284599,34499173801.383125,23108182131.674595,Modeled Funds Transfer Pricing using FRED SOFR and Treasury 2Y curve proxies; calibrated from public EDGAR baselines.,50,0.5,0.5,0.045,0.018,0.11,0.04134999999999999,SOFR,modeled_scenario_calibrated_from_public_data,MODELED/SCENARIO DATA - calibrated from public SEC EDGAR and FRED data; not actual internal bank data,v1_public_calibrated_deterministic,20272
C,CITIGROUP INC,0000831001,Credit Stress,2027Q3,2027-09-30,7,2025Q4,2025-12-31,2622413454100.2153,720203939720.2153,1391314773229.2937,0.030317806531945022,0.20887513567669333,15697971628.086407,6980176868.274345,15463359510.020117,3240917728.7409687,3139358293.503737,303457745714.89014,0.004788502421073633,0.04138115883129615,0.681861639300121,-671110833509.0784,-0.25591343442041076,825544783.1961521,0.11571697256221197,0.046268965517241384,0.045099999999999994,8330772813.074009,15687074068.160284,0.16260617015945195,0.014782193468054972,29277401092.91325,5141671038.209612,34419072131.12286,23054272883.17268,Modeled Funds Transfer Pricing using FRED SOFR and Treasury 2Y curve proxies; calibrated from public EDGAR baselines.,50,0.5,0.5,0.045,0.018,0.11,0.04134999999999999,SOFR,modeled_scenario_calibrated_from_public_data,MODELED/SCENARIO DATA - calibrated from public SEC EDGAR and FRED data; not actual internal bank data,v1_public_calibrated_deterministic,20273
C,CITIGROUP INC,0000831001,Credit Stress,2027Q4,2027-12-31,8,2025Q4,2025-12-31,2617480981972.3623,718396638300.0001,1389572359324.9995,0.030317806531945022,0.20887513567669333,15642934281.350819,6958322734.335315,15605054728.629671,3232784872.3500004,2973099757.618106,305092950581.5801,0.00454345193427579,0.038979592966021236,0.6904507443014859,-671175721024.9994,-0.25642047665203865,822729149.4320678,0.11655975828778782,0.046268965517241384,0.045099999999999994,8309867321.301209,15667428351.389368,0.16260617015945195,0.014782193468054972,29203931502.347015,5135231863.350937,34339163365.697952,23000495311.438976,Modeled Funds Transfer Pricing using FRED SOFR and Treasury 2Y curve proxies; calibrated from public EDGAR baselines.,50,0.5,0.5,0.045,0.018,0.11,0.04134999999999999,SOFR,modeled_scenario_calibrated_from_public_data,MODELED/SCENARIO DATA - calibrated from public SEC EDGAR and FRED data; not actual internal bank data,v1_public_calibrated_deterministic,20274
C,CITIGROUP INC,0000831001,Rate Down 100bp,2026Q1,2026-03-31,1,2025Q4,2025-12-31,2675283353641.4546,738419587522.858,1412264269752.012,0.02531780653194502,0.20187513567669332,14153400902.760078,7222829825.966071,14706768163.084831,1107629381.284287,4393848215.642056,261943681363.4189,0.006569544432983343,0.0670960748932296,0.6879963240348704,-673844682229.1539,-0.25187787353887287,1642812662.72198,0.0979125,0.03726896551724138,0.024849999999999994,6880033536.16125,8773691775.834372,0.16460617015945195,-0.0004678065319450274,30387105068.21497,-165166612.55564117,30221938455.65933,16047059142.433205,Modeled Funds Transfer Pricing using FRED SOFR and Treasury 2Y curve proxies; calibrated from public EDGAR baselines.,-100,0.25,0.45,0.028,0.006,0.095,0.02634999999999999,SOFR,modeled_scenario_calibrated_from_public_data,MODELED/SCENARIO DATA - calibrated from public SEC EDGAR and FRED data; not actual internal bank data,v1_public_calibrated_deterministic,20261
C,CITIGROUP INC,0000831001,Rate Down 100bp,2026Q2,2026-06-30,2,2025Q4,2025-12-31,2693487744729.632,743896498605.599,1421009357987.211,0.02531780653194502,0.20187513567669332,14273850218.004166,7311648808.802469,14909419742.655367,1115844747.9083986,4392585283.6318655,264359603269.41644,0.00652326752512889,0.06646378991808753,0.6907146192978737,-677112859381.6119,-0.2513888770077101,1654645052.5478206,0.09814769114383048,0.03726896551724138,0.024849999999999994,6931063238.732168,8828020636.495546,0.16460617015945195,-0.0004678065319450274,30612488407.62343,-166189364.90535545,30446299042.71807,16170807615.76754,Modeled Funds Transfer Pricing using FRED SOFR and Treasury 2Y curve proxies; calibrated from public EDGAR baselines.,-100,0.25,0.45,0.028,0.006,0.095,0.02634999999999999,SOFR,modeled_scenario_calibrated_from_public_data,MODELED/SCENARIO DATA - calibrated from public SEC EDGAR and FRED data; not actual internal bank data,v1_public_calibrated_deterministic,20262
C,CITIGROUP INC,0000831001,Rate Down 100bp,2026Q3,2026-09-30,3,2025Q4,2025-12-31,2711816010492.4077,749414032330.9609,1429808597962.9019,0.02531780653194502,0.20187513567669332,14395291494.695274,7401559996.758215,15114863755.087225,1124121048.4964414,4390714683.417162,266774496345.29587,0.0064764197370748644,0.06583409948954193,0.6934425259085578,-680394565631.9409,-0.25089997367055733,1666562143.5367835,0.09837485113780095,0.03726896551724138,0.024849999999999994,6982471432.269851,8882685914.844526,0.16460617015945195,-0.0004678065319450274,30839543431.43779,-167218450.38955116,30672324981.04824,16295505977.26995,Modeled Funds Transfer Pricing using FRED SOFR and Treasury 2Y curve proxies; calibrated from public EDGAR baselines.,-100,0.25,0.45,0.028,0.006,0.095,0.02634999999999999,SOFR,modeled_scenario_calibrated_from_public_data,MODELED/SCENARIO DATA - calibrated from public SEC EDGAR and FRED data; not actual internal bank data,v1_public_calibrated_deterministic,20263
C,CITIGROUP INC,0000831001,Rate Down 100bp,2026Q4,2026-12-31,4,2025Q4,2025-12-31,2730268993854.708,754972489999.9999,1438662325000.0005,0.02531780653194502,0.20187513567669332,14517732719.568329,7492576820.656141,15323138678.645914,1132458734.9999998,4388222579.997061,269188018764.29425,0.006428996688420191,0.06520680378184983,0.6961800628311219,-683689835000.0006,-0.2504111633464872,1678564538.9978688,0.09859395516345931,0.03726896551724138,0.024849999999999994,7034260924.068965,8937689694.0625,0.16460617015945195,-0.0004678065319450274,31068282538.661274,-168253908.22455597,30900028630.436718,16421161489.56186,Modeled Funds Transfer Pricing using FRED SOFR and Treasury 2Y curve proxies; calibrated from public EDGAR baselines.,-100,0.25,0.45,0.028,0.006,0.095,0.02634999999999999,SOFR,modeled_scenario_calibrated_from_public_data,MODELED/SCENARIO DATA - calibrated from public SEC EDGAR and FRED data; not actual internal bank data,v1_public_calibrated_deterministic,20264
C,CITIGROUP INC,0000831001,Rate Down 100bp,2027Q1,2027-03-31,5,2025Q4,2025-12-31,2748847543477.2754,760572175148.5436,1447570876495.8127,0.02531780653194502,0.20187513567669332,14641181942.621418,7584712876.477621,15534283521.807339,1140858262.7228153,4385094897.309418,271599820957.81442,0.0063809939663111315,0.06458170527278104,0.6989272489699043,-686998701347.2692,-0.24992244585460713,1690652846.5198689,0.09880497796332578,0.03726896551724138,0.024849999999999994,7086434542.246086,8993034070.230234,0.16460617015945195,-0.0004678065319450274,31298718220.261414,-169295777.86953354,31129422442.39188,16547781470.605572,Modeled Funds Transfer Pricing using FRED SOFR and Treasury 2Y curve proxies; calibrated from public EDGAR baselines.,-100,0.25,0.45,0.028,0.006,0.095,0.02634999999999999,SOFR,modeled_scenario_calibrated_from_public_data,MODELED/SCENARIO DATA - calibrated from public SEC EDGAR and FRED data; not actual internal bank data,v1_public_calibrated_deterministic,20271
C,CITIGROUP INC,0000831001,Rate Down 100bp,2027Q2,2027-06-30,6,2025Q4,2025-12-31,2767552513795.699,766213393563.7667,1456534591936.8918,0.02531780653194502,0.20187513567669332,14765647277.610851,7677981927.3935175,15748337830.563812,1149320090.3456502,4381317314.434976,274009545480.75366,0.006332407125205364,0.0639586085477116,0.7016841031686768,-690321198373.1251,-0.24943382101405887,1702827678.0016212,0.09900789383936548,0.03726896551724138,0.024849999999999994,7138995135.894131,9048721152.407938,0.16460617015945195,-0.0004678065319450274,31530863059.852123,-170344099.02799034,31360518960.824135,16675373294.12466,Modeled Funds Transfer Pricing using FRED SOFR and Treasury 2Y curve proxies; calibrated from public EDGAR baselines.,-100,0.25,0.45,0.028,0.006,0.095,0.02634999999999999,SOFR,modeled_scenario_calibrated_from_public_data,MODELED/SCENARIO DATA - calibrated from public SEC EDGAR and FRED data; not actual internal bank data,v1_public_calibrated_deterministic,20272
C,CITIGROUP INC,0000831001,Rate Down 100bp,2027Q3,2027-09-30,7,2025Q4,2025-12-31,2786384765059.7114,771896453300.8895,1465553812911.9749,0.02531780653194502,0.20187513567669332,14891136902.549957,7772397905.8201065,15965341695.830753,1157844679.9513342,4376875261.744502,276416826874.71313,0.006283231686634214,0.06333732010791565,0.7044506442099427,-693657359611.0853,-0.24894528864401844,1715089649.6824853,0.09920267665143856,0.03726896551724138,0.024849999999999994,7191945575.237944,9104753062.715641,0.16460617015945195,-0.0004678065319450274,31764729734.380913,-171398911.64929008,31593330822.73162,16803944390.027649,Modeled Funds Transfer Pricing using FRED SOFR and Treasury 2Y curve proxies; calibrated from public EDGAR baselines.,-100,0.25,0.45,0.028,0.006,0.095,0.02634999999999999,SOFR,modeled_scenario_calibrated_from_public_data,MODELED/SCENARIO DATA - calibrated from public SEC EDGAR and FRED data; not actual internal bank data,v1_public_calibrated_deterministic,20273
C,CITIGROUP INC,0000831001,Rate Down 100bp,2027Q4,2027-12-31,8,2025Q4,2025-12-31,2805345163372.751,777621664699.9996,1474628883125.001,0.02531780653194502,0.20187513567669332,15017659060.211842,7867974915.500294,16185335760.955446,1166432497.0499995,4371753916.988285,278821291529.0567,0.006233463138963343,0.06271764818265599,0.7072268908142321,-697007218425.0013,-0.24845684856369626,1727439382.1730316,0.09938929981572797,0.03726896551724138,0.024849999999999994,7245288751.791032,9161131936.414066,0.16460617015945195,-0.0004678065319450274,32000331014.821106,-172460255.93016815,31827870758.890938,16933502244.834873,Modeled Funds Transfer Pricing using FRED SOFR and Treasury 2Y curve proxies; calibrated from public EDGAR baselines.,-100,0.25,0.45,0.028,0.006,0.095,0.02634999999999999,SOFR,modeled_scenario_calibrated_from_public_data,MODELED/SCENARIO DATA - calibrated from public SEC EDGAR and FRED data; not actual internal bank data,v1_public_calibrated_deterministic,20274
C,CITIGROUP INC,0000831001,Rate Up 100bp,2026Q1,2026-03-31,1,2025Q4,2025-12-31,2668750227143.329,736620744473.3217,1408807048548.106,0.03231780653194503,0.21287513567669333,17060594151.939983,7198130986.607435,14688660398.396301,1289086302.8283129,6541972965.485014,266875022714.33292,0.009805298223787156,0.09805298223787157,0.6055000959244902,-672186304074.7843,-0.2518730667404206,1302714077.488785,0.1,0.04926896551724138,0.05184999999999999,9073135514.68519,18261661366.80482,0.16360617015945195,0.019532193468054966,30128924715.821114,6879272957.850277,37008197673.67139,26249120004.059612,Modeled Funds Transfer Pricing using FRED SOFR and Treasury 2Y curve proxies; calibrated from public EDGAR baselines.,100,0.45,0.65,0.033,0.007,0.1,0.046349999999999995,SOFR,modeled_scenario_calibrated_from_public_data,MODELED/SCENARIO DATA - calibrated from public SEC EDGAR and FRED data; not actual internal bank data,v1_public_calibrated_deterministic,20261
C,CITIGROUP INC,0000831001,Rate Up 100bp,2026Q2,2026-06-30,2,2025Q4,2025-12-31,2680348643000.258,740276542823.5452,1414060615328.7542,0.03231780653194503,0.21287513567669333,17160973734.008461,7261729185.439573,14872727784.681288,1295483949.941204,6521048036.01218,270461599134.13962,0.009731641520653554,0.09644323714551381,0.6089714080269957,-673784072505.209,-0.25137926525521187,1309694277.4980361,0.10090538029090032,0.04926896551724138,0.05184999999999999,9118164865.398977,18329760726.198975,0.16360617015945195,0.019532193468054966,30278452507.559937,6904926378.53952,37183378886.09946,26372569594.808464,Modeled Funds Transfer Pricing using FRED SOFR and Treasury 2Y curve proxies; calibrated from public EDGAR baselines.,100,0.45,0.65,0.033,0.007,0.1,0.046349999999999995,SOFR,modeled_scenario_calibrated_from_public_data,MODELED/SCENARIO DATA - calibrated from public SEC EDGAR and FRED data; not actual internal bank data,v1_public_calibrated_deterministic,20262
C,CITIGROUP INC,0000831001,Rate Up 100bp,2026Q3,2026-09-30,3,2025Q4,2025-12-31,2691997465691.4497,743950484650.8263,1419333773127.1697,0.03231780653194503,0.21287513567669333,17261911100.5492,7325889298.316094,15059101766.78746,1301913348.138946,6499160374.311719,274036137340.01108,0.009657008161621556,0.09486574197691114,0.6124623399611796,-675383288476.3434,-0.25088555880303126,1316710151.2000723,0.10179658072955275,0.04926896551724138,0.05184999999999999,9163417693.699142,18398114034.160934,0.16360617015945195,0.019532193468054966,30428722395.49746,6930675463.116077,37359397858.61354,26496607441.010998,Modeled Funds Transfer Pricing using FRED SOFR and Treasury 2Y curve proxies; calibrated from public EDGAR baselines.,100,0.45,0.65,0.033,0.007,0.1,0.046349999999999995,SOFR,modeled_scenario_calibrated_from_public_data,MODELED/SCENARIO DATA - calibrated from public SEC EDGAR and FRED data; not actual internal bank data,v1_public_calibrated_deterministic,20263
C,CITIGROUP INC,0000831001,Rate Up 100bp,2026Q4,2026-12-31,4,2025Q4,2025-12-31,2703696914285.524,747642660000.0001,1424626595000.0,0.03231780653194503,0.21287513567669333,17363409246.553898,7390616289.959256,15247811249.261084,1308374655.0000002,6476293309.4791355,277598098660.2246,0.009581389504511905,0.09331898655986126,0.6159729950496321,-676983934999.9999,-0.25039194719756486,1323761875.6248338,0.10267352719658757,0.04926896551724138,0.05184999999999999,9208895108.689657,18466722237.687496,0.16360617015945195,0.019532193468054966,30579738062.606323,6956520568.319096,37536258630.925415,26621236375.55173,Modeled Funds Transfer Pricing using FRED SOFR and Treasury 2Y curve proxies; calibrated from public EDGAR baselines.,100,0.45,0.65,0.033,0.007,0.1,0.046349999999999995,SOFR,modeled_scenario_calibrated_from_public_data,MODELED/SCENARIO DATA - calibrated from public SEC EDGAR and FRED data; not actual internal bank data,v1_public_calibrated_deterministic,20264
C,CITIGROUP INC,0000831001,Rate Up 100bp,2027Q1,2027-03-31,5,2025Q4,2025-12-31,2715447208803.1733,751353159362.7882,1429939154276.3276,0.03231780653194503,0.21287513567669333,17465471182.743168,7455915168.9565115,15438885498.858734,1314868028.8848794,6452429930.925293,281146935122.2335,0.009504776833822795,0.09180153328891864,0.6195034770931103,-678585994913.5394,-0.24989843025253455,1330849628.6639993,0.10353614469498316,0.04926896551724138,0.05184999999999999,9254598224.978895,18535586287.306896,0.16360617015945195,0.019532193468054966,30731503210.137535,6982462052.218035,37713965262.35557,26746459245.07117,Modeled Funds Transfer Pricing using FRED SOFR and Treasury 2Y curve proxies; calibrated from public EDGAR baselines.,100,0.45,0.65,0.033,0.007,0.1,0.046349999999999995,SOFR,modeled_scenario_calibrated_from_public_data,MODELED/SCENARIO DATA - calibrated from public SEC EDGAR and FRED data; not actual internal bank data,v1_public_calibrated_deterministic,20271
C,CITIGROUP INC,0000831001,Rate Up 100bp,2027Q2,2027-06-30,6,2025Q4,2025-12-31,2727248570221.303,755082073680.0162,1435271524558.6855,0.03231780653194503,0.21287513567669333,17568099935.64786,7521790988.148059,15632354149.086246,1321393628.9400284,6427553085.158021,284682089319.07043,0.009427161360119743,0.09031201225945827,0.6230538903722417,-680189450878.6693,-0.24940500778169816,1337973589.0751312,0.10438435734369818,0.04926896551724138,0.05184999999999999,9300528162.706959,18604707137.09196,0.16360617015945195,0.019532193468054966,30884021557.71114,7008500274.217615,37892521831.92876,26872278910.032856,Modeled Funds Transfer Pricing using FRED SOFR and Treasury 2Y curve proxies; calibrated from public EDGAR baselines.,100,0.45,0.65,0.033,0.007,0.1,0.046349999999999995,SOFR,modeled_scenario_calibrated_from_public_data,MODELED/SCENARIO DATA - calibrated from public SEC EDGAR and FRED data; not actual internal bank data,v1_public_calibrated_deterministic,20272
C,CITIGROUP INC,0000831001,Rate Up 100bp,2027Q3,2027-09-30,7,2025Q4,2025-12-31,2739101220477.187,758829494343.843,1440623779724.0771,0.03231780653194503,0.21287513567669333,17671298547.690895,7588248845.017858,15828247204.794563,1327951615.1017253,6401645372.521846,288202994273.95746,0.00934853421942048,0.08884911676436819,0.6266243396492305,-681794285380.2341,-0.2489116795988491,1345133936.4858341,0.10521808837124637,0.04926896551724138,0.05184999999999999,9346686047.573128,18674085744.673347,0.16360617015945195,0.019532193468054966,31037296843.407417,7034635595.062819,38071932438.47024,26998698244.791115,Modeled Funds Transfer Pricing using FRED SOFR and Treasury 2Y curve proxies; calibrated from public EDGAR baselines.,100,0.45,0.65,0.033,0.007,0.1,0.046349999999999995,SOFR,modeled_scenario_calibrated_from_public_data,MODELED/SCENARIO DATA - calibrated from public SEC EDGAR and FRED data; not actual internal bank data,v1_public_calibrated_deterministic,20273
C,CITIGROUP INC,0000831001,Rate Up 100bp,2027Q4,2027-12-31,8,2025Q4,2025-12-31,2751005382472.6396,762595513200.0004,1445995993925.0,0.03231780653194503,0.21287513567669333,17775070077.26944,7655293882.088049,16026595046.83312,1334542148.1000006,6374689143.895252,291709073303.09985,0.009268886472574763,0.08741159912117841,0.6302149301695656,-683400480724.9996,-0.24841844551781658,1352330851.397935,0.1060372601092143,0.04926896551724138,0.05184999999999999,9393073010.863453,18743723071.25281,0.16360617015945195,0.019532193468054966,31191332823.858463,7060868376.843885,38252201200.70235,27125720137.6588,Modeled Funds Transfer Pricing using FRED SOFR and Treasury 2Y curve proxies; calibrated from public EDGAR baselines.,100,0.45,0.65,0.033,0.007,0.1,0.046349999999999995,SOFR,modeled_scenario_calibrated_from_public_data,MODELED/SCENARIO DATA - calibrated from public SEC EDGAR and FRED data; not actual internal bank data,v1_public_calibrated_deterministic,20274
COF,CAPITAL ONE FINANCIAL CORP,0000927628,Base,2026Q2,2026-06-30,1,2026Q1,2026-03-31,686713963381.5037,450526603061.2889,491480136574.67004,0.03043805990677137,0.1418323275685024,12222015186.009266,2831101313.6549125,7911881158.305458,675789904.5919334,5107701895.045762,115070236042.27518,0.029751554023422007,0.17755075754495767,0.52559755041303,-40953533513.381165,-0.0596369605064073,396092899.98662394,0.16756647189122023,0.04326896551724138,0.038349999999999995,4873455013.114701,4712065809.409649,0.09856336205126101,0.007911940093228625,11101354172.813644,972140349.3976536,12073494522.211298,12060625982.304214,Modeled Funds Transfer Pricing using FRED SOFR and Treasury 2Y curve proxies; calibrated from public EDGAR baselines.,0,0.35,0.55,0.03,0.006,0.095,0.03634999999999999,SOFR,modeled_scenario_calibrated_from_public_data,MODELED/SCENARIO DATA - calibrated from public SEC EDGAR and FRED data; not actual internal bank data,v1_public_calibrated_deterministic,20262
COF,CAPITAL ONE FINANCIAL CORP,0000927628,Base,2026Q3,2026-09-30,2,2026Q1,2026-03-31,690544171595.0728,453316374763.6965,493919318862.079,0.03043805990677137,0.1418323275685024,12299514554.474014,2861020963.4130025,8015020679.270232,679974562.1455448,5107776818.412279,117879513292.40193,0.02958696650274486,0.17332195139769066,0.5286766202825609,-40602944098.38251,-0.0587984748384664,398704933.52321786,0.1707052468781463,0.04326896551724138,0.038349999999999995,4903632647.012814,4735451469.590181,0.09856336205126101,0.007911940093228625,11170096492.399834,976965015.4312639,12147061507.831097,12131333377.05138,Modeled Funds Transfer Pricing using FRED SOFR and Treasury 2Y curve proxies; calibrated from public EDGAR baselines.,0,0.35,0.55,0.03,0.006,0.095,0.03634999999999999,SOFR,modeled_scenario_calibrated_from_public_data,MODELED/SCENARIO DATA - calibrated from public SEC EDGAR and FRED data; not actual internal bank data,v1_public_calibrated_deterministic,20263
COF,CAPITAL ONE FINANCIAL CORP,0000927628,Base,2026Q4,2026-12-31,3,2026Q1,2026-03-31,694395743135.6478,456123421419.6776,496370606644.2749,0.03043805990677137,0.1418323275685024,12377501130.250965,2891256810.064975,8119504730.135292,684185132.1295165,5107403781.660395,120688585372.31516,0.029420709053296606,0.1692754543738976,0.5317724442206517,-40247185224.59729,-0.057960011452338554,401333705.1397901,0.1738037517732004,0.04326896551724138,0.038349999999999995,4933997148.253548,4758953191.201985,0.09856336205126101,0.007911940093228625,11239264481.361897,981813625.9522638,12221078107.31416,12202457173.199402,Modeled Funds Transfer Pricing using FRED SOFR and Treasury 2Y curve proxies; calibrated from public EDGAR baselines.,0,0.35,0.55,0.03,0.006,0.095,0.03634999999999999,SOFR,modeled_scenario_calibrated_from_public_data,MODELED/SCENARIO DATA - calibrated from public SEC EDGAR and FRED data; not actual internal bank data,v1_public_calibrated_deterministic,20264
COF,CAPITAL ONE FINANCIAL CORP,0000927628,Base,2027Q1,2027-03-31,4,2026Q1,2026-03-31,698268797159.0856,458947850000.0002,498834060000.0001,0.03043805990677137,0.1418323275685024,12455977957.00706,2921812195.2433867,8225350838.232894,688421775.0000002,5106573855.823867,123497200993.01828,0.029252768427287714,0.16539885324567183,0.5348851009668099,-39886209999.99994,-0.05712157003474512,403979320.0142,0.17686197850379112,0.04326896551724138,0.038349999999999995,4964549673.96552,4782571550.250001,0.09856336205126101,0.007911940093228625,11308860775.549461,986686299.7955041,12295547075.344965,12273999833.291538,Modeled Funds Transfer Pricing using FRED SOFR and Treasury 2Y curve proxies; calibrated from public EDGAR baselines.,0,0.35,0.55,0.03,0.006,0.095,0.03634999999999999,SOFR,modeled_scenario_calibrated_from_public_data,MODELED/SCENARIO DATA - calibrated from public SEC EDGAR and FRED data; not actual internal bank data,v1_public_calibrated_deterministic,20271
COF,CAPITAL ONE FINANCIAL CORP,0000927628,Base,2027Q2,2027-06-30,5,2026Q1,2026-03-31,702163453485.845,461789768137.8213,501309739306.1636,0.03043805990677137,0.1418323275685024,12534948097.336012,2952690495.895842,8332576759.382128,692684652.2067319,5105277973.497966,126305103878.44217,0.029083131274652042,0.16168081310194268,0.5380146695199545,-39519971168.342285,-0.056283150272415844,406641883.976132,0.17987991720646904,0.04326896551724138,0.038349999999999995,4995291388.442571,4806307125.597842,0.09856336205126101,0.007911940093228625,11378888027.133987,991583156.3856058,12370471183.519592,12345963834.491282,Modeled Funds Transfer Pricing using FRED SOFR and Treasury 2Y curve proxies; calibrated from public EDGAR baselines.,0,0.35,0.55,0.03,0.006,0.095,0.03634999999999999,SOFR,modeled_scenario_calibrated_from_public_data,MODELED/SCENARIO DATA - calibrated from public SEC EDGAR and FRED data; not actual internal bank data,v1_public_calibrated_deterministic,20272
COF,CAPITAL ONE FINANCIAL CORP,0000927628,Base,2027Q3,2027-09-30,6,2026Q1,2026-03-31,706079832604.6942,464649284132.78906,503797705239.32074,0.03043805990677137,0.1418323275685024,12614414632.875622,2983895124.6582065,8441200480.867467,696973926.1991836,5103506926.869071,129112032688.22015,0.028911784142268908,0.1581109621035252,0.5411612291383334,-39148421106.53168,-0.05544475185208881,409321503.51109636,0.18285755622268962,0.04326896551724138,0.038349999999999995,5026223463.188136,4830160498.981987,0.09856336205126101,0.007911940093228625,11449348904.709835,996504315.7398896,12445853220.449724,12418351668.669472,Modeled Funds Transfer Pricing using FRED SOFR and Treasury 2Y curve proxies; calibrated from public EDGAR baselines.,0,0.35,0.55,0.03,0.006,0.095,0.03634999999999999,SOFR,modeled_scenario_calibrated_from_public_data,MODELED/SCENARIO DATA - calibrated from public SEC EDGAR and FRED data; not actual internal bank data,v1_public_calibrated_deterministic,20273
COF,CAPITAL ONE FINANCIAL CORP,0000927628,Base,2027Q4,2027-12-31,7,2026Q1,2026-03-31,710018055676.4385,467526506955.16974,506298018777.1606,0.03043805990677137,0.1418323275685024,12694380664.42579,3015429530.23177,8551240224.456181,701289760.4327546,5101251365.717215,131917720939.36462,0.028738713473179054,0.15467979068746893,0.5443248593394339,-38771511821.990845,-0.05460637446051001,412018285.7644531,0.1857948820944924,0.04326896551724138,0.038349999999999995,5057347076.959888,4854132255.026027,0.09856336205126101,0.007911940093228625,11520246093.395948,1001449898.4713092,12521695991.867258,12491165842.49193,Modeled Funds Transfer Pricing using FRED SOFR and Treasury 2Y curve proxies; calibrated from public EDGAR baselines.,0,0.35,0.55,0.03,0.006,0.095,0.03634999999999999,SOFR,modeled_scenario_calibrated_from_public_data,MODELED/SCENARIO DATA - calibrated from public SEC EDGAR and FRED data; not actual internal bank data,v1_public_calibrated_deterministic,20274
COF,CAPITAL ONE FINANCIAL CORP,0000927628,Base,2028Q1,2028-03-31,8,2026Q1,2026-03-31,713978244537.6681,470421546250.00037,508810741200.0003,0.03043805990677137,0.1418323275685024,12774849312.067286,3047297197.764396,8662714449.455032,705632319.3750006,5098501795.391303,134721896926.82983,0.028563905605795057,0.15137856314954953,0.547505639899879,-38389194949.99994,-0.053768017784433485,414732338.5454596,0.18869187956009514,0.04326896551724138,0.038349999999999995,5088663415.814659,4878222981.255002,0.09856336205126101,0.007911940093228625,11591582294.938204,1006420025.7914138,12598002320.729618,12564408877.50763,Modeled Funds Transfer Pricing using FRED SOFR and Treasury 2Y curve proxies; calibrated from public EDGAR baselines.,0,0.35,0.55,0.03,0.006,0.095,0.03634999999999999,SOFR,modeled_scenario_calibrated_from_public_data,MODELED/SCENARIO DATA - calibrated from public SEC EDGAR and FRED data; not actual internal bank data,v1_public_calibrated_deterministic,20281
COF,CAPITAL ONE FINANCIAL CORP,0000927628,Credit Stress,2026Q2,2026-06-30,1,2026Q1,2026-03-31,681620530583.7816,446630392650.08545,488440534177.36017,0.03293805990677137,0.1443323275685024,12189348576.56904,2792723395.669042,7881634776.765157,2009836766.9253843,4021574338.552558,114472865886.2039,0.023600077510037645,0.14052498144146602,0.5260710795789727,-41810141527.27472,-0.06133932246944785,153353693.78289074,0.1679422211478318,0.046268965517241384,0.045099999999999994,5166281559.119696,5507167022.849735,0.09806336205126101,0.012161940093228622,10949519474.38555,1485096128.9424105,12434615603.327961,12530234040.299082,Modeled Funds Transfer Pricing using FRED SOFR and Treasury 2Y curve proxies; calibrated from public EDGAR baselines.,50,0.5,0.5,0.045,0.018,0.11,0.04134999999999999,SOFR,modeled_scenario_calibrated_from_public_data,MODELED/SCENARIO DATA - calibrated from public SEC EDGAR and FRED data; not actual internal bank data,v1_public_calibrated_deterministic,20262
COF,CAPITAL ONE FINANCIAL CORP,0000927628,Credit Stress,2026Q3,2026-09-30,2,2026Q1,2026-03-31,680338477113.6775,445509604914.23755,487828835376.6666,0.03293805990677137,0.1443323275685024,12156713239.00726,2783979698.726202,7953856467.140442,2004793222.1140687,3935814166.298371,116637563677.66801,0.023140329695865415,0.13497587028395522,0.5323619527078682,-42319230462.42908,-0.062203200151147664,152576225.09647357,0.1714404926390472,0.046268965517241384,0.045099999999999994,5153317136.8441725,5500270118.871916,0.09806336205126101,0.012161940093228622,10922042421.004784,1483236267.900127,12405278688.904911,12503666221.035004,Modeled Funds Transfer Pricing using FRED SOFR and Treasury 2Y curve proxies; calibrated from public EDGAR baselines.,50,0.5,0.5,0.045,0.018,0.11,0.04134999999999999,SOFR,modeled_scenario_calibrated_from_public_data,MODELED/SCENARIO DATA - calibrated from public SEC EDGAR and FRED data; not actual internal bank data,v1_public_calibrated_deterministic,20263
COF,CAPITAL ONE FINANCIAL CORP,0000927628,Credit Stress,2026Q4,2026-12-31,3,2026Q1,2026-03-31,679058835045.558,444391629716.8319,487217902637.339,0.03293805990677137,0.1443323275685024,12124160469.82618,2775263377.2965784,8026739945.673691,1999762333.7257435,3849608038.5014253,118754848098.8438,0.022676138442367252,0.1296657138678587,0.5387282104350459,-42826272920.50708,-0.06306710215711113,151800963.51200145,0.17488153009728022,0.046268965517241384,0.045099999999999994,5140385247.8797,5493381852.235996,0.09806336205126101,0.012161940093228622,10894634319.3679,1481378736.055953,12376013055.423855,12477157074.182476,Modeled Funds Transfer Pricing using FRED SOFR and Treasury 2Y curve proxies; calibrated from public EDGAR baselines.,50,0.5,0.5,0.045,0.018,0.11,0.04134999999999999,SOFR,modeled_scenario_calibrated_from_public_data,MODELED/SCENARIO DATA - calibrated from public SEC EDGAR and FRED data; not actual internal bank data,v1_public_calibrated_deterministic,20264
COF,CAPITAL ONE FINANCIAL CORP,0000927628,Credit Stress,2027Q1,2027-03-31,4,2026Q1,2026-03-31,677781599843.8405,443276460000.00006,486607734999.9998,0.03293805990677137,0.1443323275685024,12091690064.541636,2766574345.670576,8100291276.520477,1994744070.0000002,3762950960.31647,120824471127.01785,0.022207454207570382,0.12457578916643906,0.5451707583661708,-43331274999.999756,-0.06393102882991099,151027903.61336064,0.17826460788380147,0.046268965517241384,0.045099999999999994,5127485810.586208,5486502212.124997,0.09806336205126101,0.012161940093228622,10867294996.445332,1479523530.4929166,12346818526.938248,12450706466.080423,Modeled Funds Transfer Pricing using FRED SOFR and Treasury 2Y curve proxies; calibrated from public EDGAR baselines.,50,0.5,0.5,0.045,0.018,0.11,0.04134999999999999,SOFR,modeled_scenario_calibrated_from_public_data,MODELED/SCENARIO DATA - calibrated from public SEC EDGAR and FRED data; not actual internal bank data,v1_public_calibrated_deterministic,20271
COF,CAPITAL ONE FINANCIAL CORP,0000927628,Credit Stress,2027Q2,2027-06-30,5,2026Q1,2026-03-31,676506766981.473,442164088723.58466,485998331506.4732,0.03293805990677137,0.1443323275685024,12059301819.172485,2757912518.406947,8174516579.403974,1989738399.2561307,3675837893.54627,122846181968.4683,0.02173422690180976,0.11968912129445813,0.5516905130184799,-43834242782.88855,-0.0647949805121299,150257039.99704164,0.18158899210513382,0.046268965517241384,0.045099999999999994,5114618743.5285,5479631187.735485,0.09806336205126101,0.012161940093228622,10840024279.641695,1477670648.2976985,12317694927.939394,12424314263.37947,Modeled Funds Transfer Pricing using FRED SOFR and Treasury 2Y curve proxies; calibrated from public EDGAR baselines.,50,0.5,0.5,0.045,0.018,0.11,0.04134999999999999,SOFR,modeled_scenario_calibrated_from_public_data,MODELED/SCENARIO DATA - calibrated from public SEC EDGAR and FRED data; not actual internal bank data,v1_public_calibrated_deterministic,20272
COF,CAPITAL ONE FINANCIAL CORP,0000927628,Credit Stress,2027Q3,2027-09-30,6,2026Q1,2026-03-31,675234331939.919,441054508865.0952,485389691199.78314,0.03293805990677137,0.1443323275685024,12026995530.239414,2749277810.33195,8249422030.124142,1984745289.8929284,3588263756.2378936,124819727034.39915,0.021256405881667582,0.1149902773060544,0.5582884019527182,-44335182334.68793,-0.06565895754636004,149488367.27211082,0.18485394052135573,0.046268965517241384,0.045099999999999994,5101783965.475731,5472768768.2775545,0.09806336205126101,0.012161940093228622,10812821996.794735,1475820086.560626,12288642083.355362,12397980333.041239,Modeled Funds Transfer Pricing using FRED SOFR and Treasury 2Y curve proxies; calibrated from public EDGAR baselines.,50,0.5,0.5,0.045,0.018,0.11,0.04134999999999999,SOFR,modeled_scenario_calibrated_from_public_data,MODELED/SCENARIO DATA - calibrated from public SEC EDGAR and FRED data; not actual internal bank data,v1_public_calibrated_deterministic,20273
COF,CAPITAL ONE FINANCIAL CORP,0000927628,Credit Stress,2027Q4,2027-12-31,7,2026Q1,2026-03-31,673964290209.1401,439947713419.66364,484781813124.15216,0.03293805990677137,0.1443323275685024,11994770994.763678,2740670136.538514,8325013861.071582,1979764710.3884861,3500223422.275279,126744849916.65056,0.02077393994384547,0.11046518811855731,0.5649653639066785,-44834099704.488525,-0.06652296027520375,148721880.0601813,0.18805870245338954,0.046268965517241384,0.045099999999999994,5088981395.400903,5465914942.974815,0.09806336205126101,0.012161940093228622,10785687976.174225,1473971842.3756733,12259659818.549898,12371704542.337591,Modeled Funds Transfer Pricing using FRED SOFR and Treasury 2Y curve proxies; calibrated from public EDGAR baselines.,50,0.5,0.5,0.045,0.018,0.11,0.04134999999999999,SOFR,modeled_scenario_calibrated_from_public_data,MODELED/SCENARIO DATA - calibrated from public SEC EDGAR and FRED data; not actual internal bank data,v1_public_calibrated_deterministic,20274
COF,CAPITAL ONE FINANCIAL CORP,0000927628,Credit Stress,2028Q1,2028-03-31,8,2026Q1,2026-03-31,672696637287.5815,438843695400.0001,484174696324.9997,0.03293805990677137,0.1443323275685024,11962628010.265875,2732089412.3853993,8401298361.746078,1974796629.3000004,3411711720.968105,128621291363.18301,0.020286777318968992,0.1061009941607439,0.5717223489303603,-45331000924.99957,-0.06738698904127317,147957572.99538425,0.19120251868926275,0.046268965517241384,0.045099999999999994,5076210952.480347,5459069701.064371,0.09806336205126101,0.012161940093228622,10758622046.480879,1472125912.8404517,12230747959.321331,12345486758.8499,Modeled Funds Transfer Pricing using FRED SOFR and Treasury 2Y curve proxies; calibrated from public EDGAR baselines.,50,0.5,0.5,0.045,0.018,0.11,0.04134999999999999,SOFR,modeled_scenario_calibrated_from_public_data,MODELED/SCENARIO DATA - calibrated from public SEC EDGAR and FRED data; not actual internal bank data,v1_public_calibrated_deterministic,20281
COF,CAPITAL ONE FINANCIAL CORP,0000927628,Rate Down 100bp,2026Q2,2026-06-30,1,2026Q1,2026-03-31,687551935689.6907,451075023556.767,492081336642.2913,0.027938059906771368,0.1373323275685024,11830058215.725945,2835944472.309445,7917687532.900681,676612535.3351506,4796645069.641651,114899154788.3029,0.027905645061300485,0.16698626124723992,0.5398667722432627,-41006313085.52429,-0.059641040853721725,406825864.21623904,0.16711341910927258,0.03726896551724138,0.024849999999999994,4202774874.656499,3057055303.890234,0.10006336205126101,-0.003088059906771374,11284020848.610466,-379894161.6388817,10904126686.971584,10684338644.959679,Modeled Funds Transfer Pricing using FRED SOFR and Treasury 2Y curve proxies; calibrated from public EDGAR baselines.,-100,0.25,0.45,0.028,0.006,0.095,0.02634999999999999,SOFR,modeled_scenario_calibrated_from_public_data,MODELED/SCENARIO DATA - calibrated from public SEC EDGAR and FRED data; not actual internal bank data,v1_public_calibrated_deterministic,20262
COF,CAPITAL ONE FINANCIAL CORP,0000927628,Rate Down 100bp,2026Q3,2026-09-30,2,2026Q1,2026-03-31,692230492192.3848,454420679383.6301,495128425491.0286,0.027938059906771368,0.1373323275685024,11919607568.516302,2870818020.4173484,8026789129.342227,681631019.0754452,4804784298.007624,117541786152.20709,0.02776407195118055,0.16350897685988255,0.542701701251109,-40707746107.3985,-0.05880663531372582,409851584.5823514,0.16980151478149544,0.03726896551724138,0.024849999999999994,4233947157.567478,3075985343.3630147,0.10006336205126101,-0.003088059906771374,11367715241.186045,-382246559.8654208,10985468681.320623,10761645754.311838,Modeled Funds Transfer Pricing using FRED SOFR and Treasury 2Y curve proxies; calibrated from public EDGAR baselines.,-100,0.25,0.45,0.028,0.006,0.095,0.02634999999999999,SOFR,modeled_scenario_calibrated_from_public_data,MODELED/SCENARIO DATA - calibrated from public SEC EDGAR and FRED data; not actual internal bank data,v1_public_calibrated_deterministic,20263
COF,CAPITAL ONE FINANCIAL CORP,0000927628,Rate Down 100bp,2026Q4,2026-12-31,3,2026Q1,2026-03-31,696940884676.9337,457791150179.90466,498194382664.4934,0.027938059906771368,0.1373323275685024,12009830819.382774,2906120407.795383,8137394088.766542,686686725.269857,4812577626.3819895,120188703846.7172,0.02762115256655006,0.16016738586413964,0.545549791952893,-40403232484.588745,-0.057972251840724805,412899572.47198474,0.1724517910904747,0.03726896551724138,0.024849999999999994,4265350647.5382843,3095032602.3031645,0.10006336205126101,-0.003088059906771374,11452030401.07875,-384613524.7212343,11067416876.357517,10839512774.147655,Modeled Funds Transfer Pricing using FRED SOFR and Treasury 2Y curve proxies; calibrated from public EDGAR baselines.,-100,0.25,0.45,0.028,0.006,0.095,0.02634999999999999,SOFR,modeled_scenario_calibrated_from_public_data,MODELED/SCENARIO DATA - calibrated from public SEC EDGAR and FRED data; not actual internal bank data,v1_public_calibrated_deterministic,20264
COF,CAPITAL ONE FINANCIAL CORP,0000927628,Rate Down 100bp,2027Q1,2027-03-31,4,2026Q1,2026-03-31,701683329776.3397,461186619999.9999,501279325000.0002,0.027938059906771368,0.1373323275685024,12100733016.744915,2941856907.870817,8249523126.729877,691779929.9999999,4820016625.629826,122839712990.8136,0.02747687693915258,0.15695304094337256,0.5484110893184915,-40092705000.000305,-0.05713789012599142,415969990.42929703,0.17506431716137325,0.03726896551724138,0.024849999999999994,4296987059.448276,3114197806.5625005,0.10006336205126101,-0.003088059906771374,11536970932.564327,-386995146.40647936,11149975786.157848,10917943763.859138,Modeled Funds Transfer Pricing using FRED SOFR and Treasury 2Y curve proxies; calibrated from public EDGAR baselines.,-100,0.25,0.45,0.028,0.006,0.095,0.02634999999999999,SOFR,modeled_scenario_calibrated_from_public_data,MODELED/SCENARIO DATA - calibrated from public SEC EDGAR and FRED data; not actual internal bank data,v1_public_calibrated_deterministic,20271
COF,CAPITAL ONE FINANCIAL CORP,0000927628,Rate Down 100bp,2027Q2,2027-06-30,5,2026Q1,2026-03-31,706458045597.7185,464607274263.4699,504383370058.34875,0.027938059906771368,0.1373323275685024,12192319246.708626,2978032858.918144,8363197244.238016,696910911.3952049,4827092720.4949045,125494613987.0858,0.027331235028462637,0.15385816385686937,0.5512856383297826,-39776095794.878845,-0.0563035498608062,419063002.1774032,0.1776391602715878,0.03726896551724138,0.024849999999999994,4328858120.896193,3133481686.4874907,0.10006336205126101,-0.003088059906771374,11622541474.068777,-389391515.6798539,11233149958.388924,10996942812.299923,Modeled Funds Transfer Pricing using FRED SOFR and Treasury 2Y curve proxies; calibrated from public EDGAR baselines.,-100,0.25,0.45,0.028,0.006,0.095,0.02634999999999999,SOFR,modeled_scenario_calibrated_from_public_data,MODELED/SCENARIO DATA - calibrated from public SEC EDGAR and FRED data; not actual internal bank data,v1_public_calibrated_deterministic,20272
COF,CAPITAL ONE FINANCIAL CORP,0000927628,Rate Down 100bp,2027Q3,2027-09-30,6,2026Q1,2026-03-31,711265251732.3304,468053299765.1389,507506636128.3045,0.027938059906771368,0.1373323275685024,12284594633.346699,3014653664.856501,8478437731.679637,702079949.6477084,4833797187.331925,128153202440.11836,0.027184216721167883,0.15087558001808327,0.5541734839792996,-39453336363.16559,-0.0554692307364581,422178772.62688357,0.1801763858532289,0.03726896551724138,0.024849999999999994,4360965572.294501,3152884976.947091,0.10006336205126101,-0.003088059906771374,11708746698.421623,-391802723.86205626,11316943974.559566,11076514037.999287,Modeled Funds Transfer Pricing using FRED SOFR and Treasury 2Y curve proxies; calibrated from public EDGAR baselines.,-100,0.25,0.45,0.028,0.006,0.095,0.02634999999999999,SOFR,modeled_scenario_calibrated_from_public_data,MODELED/SCENARIO DATA - calibrated from public SEC EDGAR and FRED data; not actual internal bank data,v1_public_calibrated_deterministic,20273
COF,CAPITAL ONE FINANCIAL CORP,0000927628,Rate Down 100bp,2027Q4,2027-12-31,7,2026Q1,2026-03-31,716105169265.6796,471524884685.3017,510649242231.10596,0.027938059906771368,0.1373323275685024,12377564338.981464,3051724796.056905,8595266172.813839,707287327.0279526,4840121151.805296,130815269073.61128,0.02703581183064791,0.14799866058699013,0.5570746712688696,-39124357545.80426,-0.05463493244424392,425317467.8843538,0.1826760574955129,0.03726896551724138,0.024849999999999994,4393311166.964432,3172408417.360745,0.10006336205126101,-0.003088059906771374,11795591313.11111,-394228862.83926535,11401362450.271845,11156661589.377777,Modeled Funds Transfer Pricing using FRED SOFR and Treasury 2Y curve proxies; calibrated from public EDGAR baselines.,-100,0.25,0.45,0.028,0.006,0.095,0.02634999999999999,SOFR,modeled_scenario_calibrated_from_public_data,MODELED/SCENARIO DATA - calibrated from public SEC EDGAR and FRED data; not actual internal bank data,v1_public_calibrated_deterministic,20274
COF,CAPITAL ONE FINANCIAL CORP,0000927628,Rate Down 100bp,2028Q1,2028-03-31,8,2026Q1,2026-03-31,720978020787.6814,475022218599.9998,513811308125.00037,0.027938059906771368,0.1373323275685024,12471233564.469536,3089251790.159405,8713704448.812647,712533327.8999997,4846055586.553872,133480599646.21591,0.026886010096449097,0.14522127108802674,0.5599892452082473,-38789089525.00055,-0.05380065467546816,428479255.2610959,0.18513823694706527,0.03726896551724138,0.024849999999999994,4425896671.231723,3192052751.726564,0.10006336205126101,-0.003088059906771374,11883080060.541256,-396670025.0666418,11486410035.474613,11237389644.964375,Modeled Funds Transfer Pricing using FRED SOFR and Treasury 2Y curve proxies; calibrated from public EDGAR baselines.,-100,0.25,0.45,0.028,0.006,0.095,0.02634999999999999,SOFR,modeled_scenario_calibrated_from_public_data,MODELED/SCENARIO DATA - calibrated from public SEC EDGAR and FRED data; not actual internal bank data,v1_public_calibrated_deterministic,20281
COF,CAPITAL ONE FINANCIAL CORP,0000927628,Rate Up 100bp,2026Q2,2026-06-30,1,2026Q1,2026-03-31,685872912133.6335,449976172463.6283,490876722132.44116,0.034938059906771374,0.1483323275685024,12592476441.40784,2826246813.823879,7907938849.768316,787458301.8113495,5311427621.885122,115182285192.03682,0.030976162072720893,0.18445293433898047,0.5128789666216415,-40900549668.81287,-0.05963284005717362,385384615.0656542,0.16793531739535303,0.04926896551724138,0.05184999999999999,5542465131.17269,6362989510.6417675,0.09906336205126101,0.01691194009322862,11144038121.80127,2075419429.4660687,13219457551.267338,13413000820.876919,Modeled Funds Transfer Pricing using FRED SOFR and Treasury 2Y curve proxies; calibrated from public EDGAR baselines.,100,0.45,0.65,0.033,0.007,0.1,0.046349999999999995,SOFR,modeled_scenario_calibrated_from_public_data,MODELED/SCENARIO DATA - calibrated from public SEC EDGAR and FRED data; not actual internal bank data,v1_public_calibrated_deterministic,20262
COF,CAPITAL ONE FINANCIAL CORP,0000927628,Rate Up 100bp,2026Q3,2026-09-30,2,2026Q1,2026-03-31,688853722843.8376,452209373417.13745,492707245086.9126,0.034938059906771374,0.1483323275685024,12657105261.083921,2851217769.0827775,8007035268.059618,791366403.4799906,5300837873.315401,118097746022.36029,0.030780629892985828,0.17954069579996068,0.5163056800199726,-40497871669.77515,-0.05879023416261041,387608386.8284343,0.17144096359791747,0.04926896551724138,0.05184999999999999,5569972006.365569,6386717664.439104,0.09906336205126101,0.01691194009322862,11199345220.448944,2083158853.102395,13282504073.551338,13473850919.157454,Modeled Funds Transfer Pricing using FRED SOFR and Treasury 2Y curve proxies; calibrated from public EDGAR baselines.,100,0.45,0.65,0.033,0.007,0.1,0.046349999999999995,SOFR,modeled_scenario_calibrated_from_public_data,MODELED/SCENARIO DATA - calibrated from public SEC EDGAR and FRED data; not actual internal bank data,v1_public_calibrated_deterministic,20263
COF,CAPITAL ONE FINANCIAL CORP,0000927628,Rate Up 100bp,2026Q4,2026-12-31,3,2026Q1,2026-03-31,691847488187.9585,454453657594.1681,494544594224.2845,0.034938059906771374,0.1483323275685024,12722060836.540016,2876409352.1380496,8107373489.089246,795293900.7897942,5289684211.051231,121007072338.43846,0.030582949574078096,0.1748553736183877,0.5197543984136259,-40090936630.116394,-0.05794765076783027,389844126.8577698,0.17490425910972407,0.04926896551724138,0.05184999999999999,5597615396.297822,6410534302.632287,0.09906336205126101,0.01691194009322862,11254926804.442719,2090927137.7377892,13345853942.180508,13534979742.874481,Modeled Funds Transfer Pricing using FRED SOFR and Treasury 2Y curve proxies; calibrated from public EDGAR baselines.,100,0.45,0.65,0.033,0.007,0.1,0.046349999999999995,SOFR,modeled_scenario_calibrated_from_public_data,MODELED/SCENARIO DATA - calibrated from public SEC EDGAR and FRED data; not actual internal bank data,v1_public_calibrated_deterministic,20264
COF,CAPITAL ONE FINANCIAL CORP,0000927628,Rate Up 100bp,2027Q1,2027-03-31,4,2026Q1,2026-03-31,694854264466.9679,456709080000.0001,496388794999.99994,0.034938059906771374,0.1483323275685024,12787344803.38044,2901823512.3193874,8208969074.207122,799240890.0000002,5277957097.679237,123909948742.16205,0.030383102573187947,0.17038041420424996,0.523225253820024,-39679714999.99982,-0.05710508955491359,392091897.03359705,0.17832508927208648,0.04926896551724138,0.05184999999999999,5625395978.48276,6434439755.187498,0.09906336205126101,0.01691194009322862,11310784236.034584,2098724390.9974852,13409508627.03207,13596388580.085178,Modeled Funds Transfer Pricing using FRED SOFR and Treasury 2Y curve proxies; calibrated from public EDGAR baselines.,100,0.45,0.65,0.033,0.007,0.1,0.046349999999999995,SOFR,modeled_scenario_calibrated_from_public_data,MODELED/SCENARIO DATA - calibrated from public SEC EDGAR and FRED data; not actual internal bank data,v1_public_calibrated_deterministic,20271
COF,CAPITAL ONE FINANCIAL CORP,0000927628,Rate Up 100bp,2027Q2,2027-06-30,5,2026Q1,2026-03-31,697874108226.5223,458975695912.901,498239872964.42773,0.034938059906771374,0.1483323275685024,12852958805.342087,2927462216.179547,8311837779.76645,803207467.8475767,5265646861.387009,126806054515.9249,0.030181070191977015,0.16610080272549524,0.5267183789602705,-39264177051.52673,-0.05626255020594919,394351759.54790163,0.18170333735144825,0.04926896551724138,0.05184999999999999,5653314433.796146,6458434353.3013935,0.09906336205126101,0.01691194009322862,11366918884.237299,2106550720.90806,13473469605.145359,13658078724.847332,Modeled Funds Transfer Pricing using FRED SOFR and Treasury 2Y curve proxies; calibrated from public EDGAR baselines.,100,0.45,0.65,0.033,0.007,0.1,0.046349999999999995,SOFR,modeled_scenario_calibrated_from_public_data,MODELED/SCENARIO DATA - calibrated from public SEC EDGAR and FRED data; not actual internal bank data,v1_public_calibrated_deterministic,20272
COF,CAPITAL ONE FINANCIAL CORP,0000927628,Rate Up 100bp,2027Q3,2027-09-30,6,2026Q1,2026-03-31,700907076258.0262,461253560885.48035,500097853763.21625,0.034938059906771374,0.1483323275685024,12918904494.334675,2953327447.6465144,8415995559.567353,807193731.5495906,5252743694.1827545,129695063547.72542,0.029976833575291524,0.1620028874036471,0.5302339072621225,-38844292877.7359,-0.05542003240303438,396623776.90626496,0.18503888452679929,0.04926896551724138,0.05184999999999999,5681371446.492882,6482518429.40569,0.09906336205126101,0.01691194009322862,11423332124.857927,2114406235.8989305,13537738360.756859,13720051477.247482,Modeled Funds Transfer Pricing using FRED SOFR and Treasury 2Y curve proxies; calibrated from public EDGAR baselines.,100,0.45,0.65,0.033,0.007,0.1,0.046349999999999995,SOFR,modeled_scenario_calibrated_from_public_data,MODELED/SCENARIO DATA - calibrated from public SEC EDGAR and FRED data; not actual internal bank data,v1_public_calibrated_deterministic,20273
COF,CAPITAL ONE FINANCIAL CORP,0000927628,Rate Up 100bp,2027Q4,2027-12-31,7,2026Q1,2026-03-31,703953225599.7001,463542730746.0516,501962763137.6487,0.034938059906771374,0.1483323275685024,12985183530.481228,2979421208.177032,8521458567.331135,811199778.8055903,5239237650.092012,132576644255.27603,0.029770373709865103,0.15807422731273457,0.5337719728629697,-38420032391.59711,-0.054577535828274605,398908011.92942137,0.1883316098769681,0.04926896551724138,0.05184999999999999,5709567704.22378,6506692317.17177,0.09906336205126101,0.01691194009322862,11480025340.531576,2122291044.803855,13602316385.33543,13782308143.429218,Modeled Funds Transfer Pricing using FRED SOFR and Treasury 2Y curve proxies; calibrated from public EDGAR baselines.,100,0.45,0.65,0.033,0.007,0.1,0.046349999999999995,SOFR,modeled_scenario_calibrated_from_public_data,MODELED/SCENARIO DATA - calibrated from public SEC EDGAR and FRED data; not actual internal bank data,v1_public_calibrated_deterministic,20274
COF,CAPITAL ONE FINANCIAL CORP,0000927628,Rate Up 100bp,2028Q1,2028-03-31,8,2026Q1,2026-03-31,707012613537.6531,465843261600.00024,503834626924.9999,0.034938059906771374,0.1483323275685024,13051797582.15874,3005745516.9114633,8628243159.205536,815225707.8000004,5225118643.331086,135450459509.10812,0.029561671423010978,0.15430346009213006,0.5373327106128176,-37991365324.99963,-0.05373506016378354,401204527.7548218,0.19158139036778937,0.04926896551724138,0.05184999999999999,5737903898.052417,6530956351.51531,0.09906336205126101,0.01691194009322862,11536999920.75528,2130205256.8624477,13667205177.617727,13844850035.62163,Modeled Funds Transfer Pricing using FRED SOFR and Treasury 2Y curve proxies; calibrated from public EDGAR baselines.,100,0.45,0.65,0.033,0.007,0.1,0.046349999999999995,SOFR,modeled_scenario_calibrated_from_public_data,MODELED/SCENARIO DATA - calibrated from public SEC EDGAR and FRED data; not actual internal bank data,v1_public_calibrated_deterministic,20281
JPM,JPMORGAN CHASE & CO,0000019617,Base,2026Q2,2026-06-30,1,2026Q1,2026-03-31,4927807835206.909,1486741613632.7893,2688798422682.7383,0.018203453811875825,0.14058042007198546,25537741181.434242,23816371682.665245,27053441738.742943,2230112420.449184,15855741376.876816,482493984664.6965,0.012870421824158705,0.13144819940414865,0.5481496914600971,-1202056809049.949,-0.24393337752779415,2702504042.7750444,0.0979125,0.04326896551724138,0.038349999999999995,16082442903.331242,25778854877.47075,0.09731145455474408,0.02014654618812417,36169247242.41852,13542500403.2833,49711747645.70182,35234153155.57375,Modeled Funds Transfer Pricing using FRED SOFR and Treasury 2Y curve proxies; calibrated from public EDGAR baselines.,0,0.35,0.55,0.03,0.006,0.095,0.03634999999999999,SOFR,modeled_scenario_calibrated_from_public_data,MODELED/SCENARIO DATA - calibrated from public SEC EDGAR and FRED data; not actual internal bank data,v1_public_calibrated_deterministic,20262
JPM,JPMORGAN CHASE & CO,0000019617,Base,2026Q3,2026-09-30,2,2026Q1,2026-03-31,4955293121733.425,1495947883926.9773,2702142745268.651,0.018203453811875825,0.14058042007198546,25710618442.110756,24068067902.725243,27406111219.68596,2243921825.890466,15901636106.415066,491239884523.22473,0.012836081108237222,0.1294816370364428,0.5505591495491332,-1206194861341.6736,-0.24341544116763192,2719480521.3701653,0.09913437458799264,0.04326896551724138,0.038349999999999995,16182029351.306648,25906793570.263187,0.09731145455474408,0.02014654618812417,36393216130.7564,13609710906.11488,50002927036.87128,35435382661.0673,Modeled Funds Transfer Pricing using FRED SOFR and Treasury 2Y curve proxies; calibrated from public EDGAR baselines.,0,0.35,0.55,0.03,0.006,0.095,0.03634999999999999,SOFR,modeled_scenario_calibrated_from_public_data,MODELED/SCENARIO DATA - calibrated from public SEC EDGAR and FRED data; not actual internal bank data,v1_public_calibrated_deterministic,20263
JPM,JPMORGAN CHASE & CO,0000019617,Base,2026Q4,2026-12-31,3,2026Q1,2026-03-31,4982931709890.343,1505211161714.5671,2715553294814.448,0.018203453811875825,0.14058042007198546,25884639176.271652,24322424099.209713,27763378110.59957,2257816742.571851,15946836053.624859,500010644352.7184,0.012801167651543668,0.1275719725868525,0.5529775354169704,-1210342133099.881,-0.24289759594688817,2736561694.048691,0.10034467126255718,0.04326896551724138,0.038349999999999995,16282232463.098612,26035367214.03352,0.09731145455474408,0.02014654618812417,36618571889.62016,13677254970.073013,50295826859.69318,35637773927.20656,Modeled Funds Transfer Pricing using FRED SOFR and Treasury 2Y curve proxies; calibrated from public EDGAR baselines.,0,0.35,0.55,0.03,0.006,0.095,0.03634999999999999,SOFR,modeled_scenario_calibrated_from_public_data,MODELED/SCENARIO DATA - calibrated from public SEC EDGAR and FRED data; not actual internal bank data,v1_public_calibrated_deterministic,20264
JPM,JPMORGAN CHASE & CO,0000019617,Base,2027Q1,2027-03-31,4,2026Q1,2026-03-31,5010724454731.142,1514531800000.0005,2729030400000.0005,0.018203453811875825,0.14058042007198546,26059810825.72374,24579468383.286068,28125302343.458553,2271797700.000001,15991321540.785494,508805871200.1504,0.012765676249218963,0.12571648596008392,0.5554048711351812,-1214498600000.0,-0.24237984167204937,2753748197.889749,0.10154337477482608,0.04326896551724138,0.038349999999999995,16383056057.241385,26164578960.0,0.09731145455474408,0.02014654618812417,36845323106.8537,13745134250.598745,50590457357.452446,35841333728.48236,Modeled Funds Transfer Pricing using FRED SOFR and Treasury 2Y curve proxies; calibrated from public EDGAR baselines.,0,0.35,0.55,0.03,0.006,0.095,0.03634999999999999,SOFR,modeled_scenario_calibrated_from_public_data,MODELED/SCENARIO DATA - calibrated from public SEC EDGAR and FRED data; not actual internal bank data,v1_public_calibrated_deterministic,20271
JPM,JPMORGAN CHASE & CO,0000019617,Base,2027Q2,2027-06-30,5,2026Q1,2026-03-31,5038672216078.438,1523910153973.6096,2742574391136.3936,0.018203453811875825,0.14058042007198546,26236140880.1419,24839229163.20621,28491944631.512722,2285865230.9604144,16035072542.891233,517625161098.7406,0.012729601653168233,0.12391262054459853,0.5578411787781735,-1218664237162.784,-0.2418621781496359,2771040673.811095,0.1027304692388989,0.04326896551724138,0.038349999999999995,16484503975.91453,26294431975.02017,0.09731145455474408,0.02014654618812417,37073478423.47899,13813350411.348969,50886828834.82796,36046068879.247536,Modeled Funds Transfer Pricing using FRED SOFR and Treasury 2Y curve proxies; calibrated from public EDGAR baselines.,0,0.35,0.55,0.03,0.006,0.095,0.03634999999999999,SOFR,modeled_scenario_calibrated_from_public_data,MODELED/SCENARIO DATA - calibrated from public SEC EDGAR and FRED data; not actual internal bank data,v1_public_calibrated_deterministic,20272
JPM,JPMORGAN CHASE & CO,0000019617,Base,2027Q3,2027-09-30,6,2026Q1,2026-03-31,5066775858550.588,1533346581025.1523,2756185600174.0244,0.018203453811875825,0.14058042007198546,26413636877.374268,25101735147.44619,28863366479.47163,2300019871.537729,16078068682.31077,526468098874.01154,0.012692938571717357,0.12215797095169023,0.560286480423068,-1222839019148.872,-0.24134460518620215,2788439766.592069,0.10390593812938353,0.04326896551724138,0.038349999999999995,16586580085.089321,26424929441.668457,0.09731145455474408,0.02014654618812417,37303046534.02533,13881905124.23718,51184951658.26251,36251986233.953415,Modeled Funds Transfer Pricing using FRED SOFR and Treasury 2Y curve proxies; calibrated from public EDGAR baselines.,0,0.35,0.55,0.03,0.006,0.095,0.03634999999999999,SOFR,modeled_scenario_calibrated_from_public_data,MODELED/SCENARIO DATA - calibrated from public SEC EDGAR and FRED data; not actual internal bank data,v1_public_calibrated_deterministic,20273
JPM,JPMORGAN CHASE & CO,0000019617,Base,2027Q4,2027-12-31,7,2026Q1,2026-03-31,5095036251588.428,1542841440757.432,2769864360710.738,0.018203453811875825,0.14058042007198546,26592306403.74948,25367015347.878975,29239630193.8221,2314262161.136148,16120289223.369465,535334257946.86475,0.012655681669266871,0.1204502718372229,0.5627407981495776,-1227022919953.306,-0.24082712258833672,2805946124.8966956,0.10506976427890362,0.04326896551724138,0.038349999999999995,16689288274.676083,26556074558.314194,0.09731145455474408,0.02014654618812417,37534036186.86067,13950800069.474476,51484836256.335144,36459092687.3876,Modeled Funds Transfer Pricing using FRED SOFR and Treasury 2Y curve proxies; calibrated from public EDGAR baselines.,0,0.35,0.55,0.03,0.006,0.095,0.03634999999999999,SOFR,modeled_scenario_calibrated_from_public_data,MODELED/SCENARIO DATA - calibrated from public SEC EDGAR and FRED data; not actual internal bank data,v1_public_calibrated_deterministic,20274
JPM,JPMORGAN CHASE & CO,0000019617,Base,2028Q1,2028-03-31,8,2026Q1,2026-03-31,5123454269482.182,1552395095000.0012,2783611008000.001,0.018203453811875825,0.14058042007198546,26772157094.385773,25635099082.98092,29620798893.280148,2328592642.500002,16161713066.853367,544223200133.6341,0.012617825565943269,0.11878738769596633,0.5652041540398863,-1231215912999.9998,-0.24030973016266163,2823560401.2969093,0.10622192987557158,0.04326896551724138,0.038349999999999995,16792632458.672428,26687870539.200005,0.09731145455474408,0.02014654618812417,37766456184.525055,14020036935.610723,51786493120.13578,36667395174.913345,Modeled Funds Transfer Pricing using FRED SOFR and Treasury 2Y curve proxies; calibrated from public EDGAR baselines.,0,0.35,0.55,0.03,0.006,0.095,0.03634999999999999,SOFR,modeled_scenario_calibrated_from_public_data,MODELED/SCENARIO DATA - calibrated from public SEC EDGAR and FRED data; not actual internal bank data,v1_public_calibrated_deterministic,20281
JPM,JPMORGAN CHASE & CO,0000019617,Credit Stress,2026Q2,2026-06-30,1,2026Q1,2026-03-31,4891257743921.273,1473884086209.4478,2672169310897.205,0.020703453811875824,0.14308042007198546,26033518546.381363,23493521082.176373,26950018961.727474,6632478387.942514,12596188400.321323,538038351831.3401,0.01030098110529999,0.09364528277545445,0.5441475841044989,-1198285224687.7573,-0.24498509124303552,1492345419.6381507,0.11,0.046268965517241384,0.045099999999999994,17048772990.30894,30128708980.365982,0.09681145455474408,0.02439654618812417,35672215557.75661,16297925503.947899,51970141061.704506,39113454536.4384,Modeled Funds Transfer Pricing using FRED SOFR and Treasury 2Y curve proxies; calibrated from public EDGAR baselines.,50,0.5,0.5,0.045,0.018,0.11,0.04134999999999999,SOFR,modeled_scenario_calibrated_from_public_data,MODELED/SCENARIO DATA - calibrated from public SEC EDGAR and FRED data; not actual internal bank data,v1_public_calibrated_deterministic,20262
JPM,JPMORGAN CHASE & CO,0000019617,Credit Stress,2026Q3,2026-09-30,2,2026Q1,2026-03-31,4882057824490.447,1470185477169.2449,2668822818031.95,0.020703453811875824,0.14308042007198546,25952453456.945404,23419965559.713478,27196969750.515583,6615834647.261601,12292095548.916542,544799004383.2442,0.010071241259990196,0.09025049935861885,0.5508534986170919,-1198637340862.7053,-0.245518874202972,1487091627.82767,0.11159208349608318,0.046268965517241384,0.045099999999999994,17005990286.773214,30090977273.310234,0.09681145455474408,0.02439654618812417,35582698627.50377,16277514787.009045,51860213414.51282,39037440443.48242,Modeled Funds Transfer Pricing using FRED SOFR and Treasury 2Y curve proxies; calibrated from public EDGAR baselines.,50,0.5,0.5,0.045,0.018,0.11,0.04134999999999999,SOFR,modeled_scenario_calibrated_from_public_data,MODELED/SCENARIO DATA - calibrated from public SEC EDGAR and FRED data; not actual internal bank data,v1_public_calibrated_deterministic,20263
JPM,JPMORGAN CHASE & CO,0000019617,Credit Stress,2026Q4,2026-12-31,3,2026Q1,2026-03-31,4872875209099.188,1466496149529.771,2665480516149.0747,0.020703453811875824,0.14308042007198546,25871610463.948242,23346640331.16293,27446183420.534676,6599232672.883969,11986539414.337101,551391601061.1296,0.00983939780928883,0.08695482043084818,0.5576423984425893,-1198984366619.3037,-0.2460527543123664,1481851218.8491108,0.11315528869516468,0.046268965517241384,0.045099999999999994,16963314943.44006,30053292819.580814,0.09681145455474408,0.02439654618812417,35493406333.72714,16257129631.443989,51750535965.17113,38961588340.08899,Modeled Funds Transfer Pricing using FRED SOFR and Treasury 2Y curve proxies; calibrated from public EDGAR baselines.,50,0.5,0.5,0.045,0.018,0.11,0.04134999999999999,SOFR,modeled_scenario_calibrated_from_public_data,MODELED/SCENARIO DATA - calibrated from public SEC EDGAR and FRED data; not actual internal bank data,v1_public_calibrated_deterministic,20264
JPM,JPMORGAN CHASE & CO,0000019617,Credit Stress,2027Q1,2027-03-31,4,2026Q1,2026-03-31,4863709865200.495,1462816080000.0002,2662142399999.9995,0.020703453811875824,0.14308042007198546,25790988988.62529,23273544675.500877,27697680707.217464,6582672360.000001,11679502671.557877,557815327530.4865,0.009605427128886864,0.08375175148567106,0.5645153156213282,-1199326319999.9993,-0.24658673178289178,1476624162.0504336,0.1146892686838942,0.046268965517241384,0.045099999999999994,16920746690.896557,30015655559.999992,0.09681145455474408,0.02439654618812417,35404338112.717224,16236770005.24093,51641108117.95815,38885897857.728745,Modeled Funds Transfer Pricing using FRED SOFR and Treasury 2Y curve proxies; calibrated from public EDGAR baselines.,50,0.5,0.5,0.045,0.018,0.11,0.04134999999999999,SOFR,modeled_scenario_calibrated_from_public_data,MODELED/SCENARIO DATA - calibrated from public SEC EDGAR and FRED data; not actual internal bank data,v1_public_calibrated_deterministic,20271
JPM,JPMORGAN CHASE & CO,0000019617,Credit Stress,2027Q2,2027-06-30,5,2026Q1,2026-03-31,4854561760308.585,1459145245347.3535,2658808464342.7183,0.020703453811875824,0.14308042007198546,25710588453.68753,23200677873.960915,27951482536.001415,6566153604.06309,11370967848.191313,564069359846.9917,0.00936930533352078,0.0806352456462147,0.5714732951046305,-1199663218995.3647,-0.24712080682625964,1471410426.8468714,0.11619367261096213,0.046268965517241384,0.045099999999999994,16878285260.405855,29978065435.464146,0.09681145455474408,0.02439654618812417,35315493402.179054,16216435876.428156,51531929278.60721,38810368628.74582,Modeled Funds Transfer Pricing using FRED SOFR and Treasury 2Y curve proxies; calibrated from public EDGAR baselines.,50,0.5,0.5,0.045,0.018,0.11,0.04134999999999999,SOFR,modeled_scenario_calibrated_from_public_data,MODELED/SCENARIO DATA - calibrated from public SEC EDGAR and FRED data; not actual internal bank data,v1_public_calibrated_deterministic,20272
JPM,JPMORGAN CHASE & CO,0000019617,Credit Stress,2027Q3,2027-09-30,6,2026Q1,2026-03-31,4845430861998.776,1455483622397.5527,2655478703941.7896,0.020703453811875824,0.14308042007198546,25630408283.317696,23128039210.027,28207610024.0698,6549676300.788987,11060917323.103868,570152864374.6989,0.009131008274084553,0.0775996615239996,0.5785173949174656,-1199995081544.2368,-0.24765497965422004,1466209982.7207747,0.11766814564340033,0.046268965517241384,0.045099999999999994,16835930383.905487,29940522386.943672,0.09681145455474408,0.02439654618812417,35226871641.22874,16196127213.073994,51422998854.302734,38735000286.35587,Modeled Funds Transfer Pricing using FRED SOFR and Treasury 2Y curve proxies; calibrated from public EDGAR baselines.,50,0.5,0.5,0.045,0.018,0.11,0.04134999999999999,SOFR,modeled_scenario_calibrated_from_public_data,MODELED/SCENARIO DATA - calibrated from public SEC EDGAR and FRED data; not actual internal bank data,v1_public_calibrated_deterministic,20273
JPM,JPMORGAN CHASE & CO,0000019617,Credit Stress,2027Q4,2027-12-31,7,2026Q1,2026-03-31,4836317137907.375,1451831188034.4736,2652153113568.3286,0.020703453811875824,0.14308042007198546,25550447903.166626,23055627969.42644,28466084482.108734,6533240346.15513,10749333325.020067,576064997703.4598,0.008890511534709813,0.074639725502319,0.5856486863231757,-1200321925533.855,-0.24818925047856188,1461022799.2214696,0.11911232892239926,0.046268965517241384,0.045099999999999994,16793681794.005663,29903026355.482903,0.09681145455474408,0.02439654618812417,35138472270.389885,16175843983.286766,51314316253.67665,38659792464.643875,Modeled Funds Transfer Pricing using FRED SOFR and Treasury 2Y curve proxies; calibrated from public EDGAR baselines.,50,0.5,0.5,0.045,0.018,0.11,0.04134999999999999,SOFR,modeled_scenario_calibrated_from_public_data,MODELED/SCENARIO DATA - calibrated from public SEC EDGAR and FRED data; not actual internal bank data,v1_public_calibrated_deterministic,20274
JPM,JPMORGAN CHASE & CO,0000019617,Credit Stress,2028Q1,2028-03-31,8,2026Q1,2026-03-31,4827220555731.56,1448187919200.0005,2648831687999.999,0.020703453811875824,0.14308042007198546,25470706740.349594,22983443440.122833,28726927416.080276,6516845636.400002,10436197931.113798,581804906565.5724,0.008647790429813668,0.07175049789606809,0.5928682539902961,-1200643768799.9985,-0.24872361951111271,1455848845.965116,0.12052585951863568,0.046268965517241384,0.045099999999999994,16751539223.987593,29865577282.199986,0.09681145455474408,0.02439654618812417,35050294731.59006,16155586155.214722,51205880886.80478,38584744798.562,Modeled Funds Transfer Pricing using FRED SOFR and Treasury 2Y curve proxies; calibrated from public EDGAR baselines.,50,0.5,0.5,0.045,0.018,0.11,0.04134999999999999,SOFR,modeled_scenario_calibrated_from_public_data,MODELED/SCENARIO DATA - calibrated from public SEC EDGAR and FRED data; not actual internal bank data,v1_public_calibrated_deterministic,20281
JPM,JPMORGAN CHASE & CO,0000019617,Rate Down 100bp,2026Q2,2026-06-30,1,2026Q1,2026-03-31,4933821061566.304,1488551405922.2039,2692087478889.166,0.015703453811875823,0.13608042007198545,22562079929.731354,23857114296.176853,27073295729.681652,2232827108.883306,13519326396.001163,483082754690.6107,0.010960532396535097,0.11194211562910861,0.5832349350556172,-1203536072966.9622,-0.24393589835316898,3006676606.0453377,0.0979125,0.03726896551724138,0.024849999999999994,13869192754.488949,16724593462.59894,0.09881145455474408,0.009146546188124171,36771482399.67056,6155825617.032627,42927308016.703186,25417480637.841354,Modeled Funds Transfer Pricing using FRED SOFR and Treasury 2Y curve proxies; calibrated from public EDGAR baselines.,-100,0.25,0.45,0.028,0.006,0.095,0.02634999999999999,SOFR,modeled_scenario_calibrated_from_public_data,MODELED/SCENARIO DATA - calibrated from public SEC EDGAR and FRED data; not actual internal bank data,v1_public_calibrated_deterministic,20262
JPM,JPMORGAN CHASE & CO,0000019617,Rate Down 100bp,2026Q3,2026-09-30,2,2026Q1,2026-03-31,4967394031712.283,1499592098544.774,2708757547688.6084,0.015703453811875823,0.13608042007198545,22744712913.83258,24150484716.947456,27446351596.406452,2249388147.817161,13587571730.379576,490555919142.31946,0.010941408427545965,0.11079325475583604,0.5852699846261404,-1209165449143.8345,-0.24342048193165575,3028394335.0790615,0.09875518551791282,0.03726896551724138,0.024849999999999994,13972061552.648205,16828156265.015476,0.09881145455474408,0.009146546188124171,37044219124.00255,6193944005.590956,43238163129.593506,25600807626.199844,Modeled Funds Transfer Pricing using FRED SOFR and Treasury 2Y curve proxies; calibrated from public EDGAR baselines.,-100,0.25,0.45,0.028,0.006,0.095,0.02634999999999999,SOFR,modeled_scenario_calibrated_from_public_data,MODELED/SCENARIO DATA - calibrated from public SEC EDGAR and FRED data; not actual internal bank data,v1_public_calibrated_deterministic,20263
JPM,JPMORGAN CHASE & CO,0000019617,Rate Down 100bp,2026Q4,2026-12-31,3,2026Q1,2026-03-31,5001195454473.458,1510714680777.0015,2725530841660.3223,0.015703453811875823,0.13608042007198545,22928796604.737534,24447462707.464954,27824547978.01674,2266072021.165502,13655655057.285994,498066529423.8268,0.010921912715945796,0.10966932528538406,0.5873099392389154,-1214816160883.3208,-0.24290515576564695,3050267916.8208246,0.09958949494331748,0.03726896551724138,0.024849999999999994,14075693336.067099,16932360353.814747,0.09881145455474408,0.009146546188124171,37318978756.19534,6232298432.600771,43551277188.79611,25785463622.48517,Modeled Funds Transfer Pricing using FRED SOFR and Treasury 2Y curve proxies; calibrated from public EDGAR baselines.,-100,0.25,0.45,0.028,0.006,0.095,0.02634999999999999,SOFR,modeled_scenario_calibrated_from_public_data,MODELED/SCENARIO DATA - calibrated from public SEC EDGAR and FRED data; not actual internal bank data,v1_public_calibrated_deterministic,20264
JPM,JPMORGAN CHASE & CO,0000019617,Rate Down 100bp,2027Q1,2027-03-31,4,2026Q1,2026-03-31,5035226884391.984,1521919759999.9993,2742408000000.0015,0.015703453811875823,0.13608042007198545,23114342367.313675,24748092629.936844,28207955708.121227,2282879639.999999,13723563722.812141,505614489471.3735,0.010902041983730229,0.10856938642846495,0.589354797969256,-1220488240000.0022,-0.24238991966444012,3072298463.842985,0.10041543332211288,0.03726896551724138,0.024849999999999994,14180093763.862064,17037209700.000004,0.09881145455474408,0.009146546188124171,37595776300.30173,6270890359.670311,43866666659.97204,25971458303.4516,Modeled Funds Transfer Pricing using FRED SOFR and Treasury 2Y curve proxies; calibrated from public EDGAR baselines.,-100,0.25,0.45,0.028,0.006,0.095,0.02634999999999999,SOFR,modeled_scenario_calibrated_from_public_data,MODELED/SCENARIO DATA - calibrated from public SEC EDGAR and FRED data; not actual internal bank data,v1_public_calibrated_deterministic,20271
JPM,JPMORGAN CHASE & CO,0000019617,Rate Down 100bp,2027Q2,2027-06-30,5,2026Q1,2026-03-31,5069489886588.147,1533207948099.8691,2759389665861.3965,0.015703453811875823,0.13608042007198545,23301361654.534462,25052419392.091724,28596646596.378716,2299811922.1498036,13791284797.19716,513199696109.8319,0.010881792926490226,0.10749254063662293,0.5914045598379116,-1226181717761.5273,-0.2418747734373662,3094487096.626223,0.10123300521173817,0.03726896551724138,0.024849999999999994,14285268537.12361,17142708299.163921,0.09881145455474408,0.009146546188124171,37874626871.66065,6309721257.4584465,44184348129.119095,26158801416.57476,Modeled Funds Transfer Pricing using FRED SOFR and Treasury 2Y curve proxies; calibrated from public EDGAR baselines.,-100,0.25,0.45,0.028,0.006,0.095,0.02634999999999999,SOFR,modeled_scenario_calibrated_from_public_data,MODELED/SCENARIO DATA - calibrated from public SEC EDGAR and FRED data; not actual internal bank data,v1_public_calibrated_deterministic,20272
JPM,JPMORGAN CHASE & CO,0000019617,Rate Down 100bp,2027Q3,2027-09-30,6,2026Q1,2026-03-31,5103986036832.343,1544579861501.1165,2776476486380.8247,0.015703453811875823,0.13608042007198545,23489866008.156937,25360488453.887577,28990693441.947605,2316869792.2516747,13858805069.997732,520822038898.3307,0.010861162213209222,0.10643793107766777,0.593459223811214,-1231896624879.7083,-0.24135971689378938,3116834943.615564,0.10204221468081552,0.03726896551724138,0.024849999999999994,14391223399.227646,17248860171.64087,0.09881145455474408,0.009146546188124171,38155545697.72261,6348792605.730732,44504338303.45334,26347502780.57016,Modeled Funds Transfer Pricing using FRED SOFR and Treasury 2Y curve proxies; calibrated from public EDGAR baselines.,-100,0.25,0.45,0.028,0.006,0.095,0.02634999999999999,SOFR,modeled_scenario_calibrated_from_public_data,MODELED/SCENARIO DATA - calibrated from public SEC EDGAR and FRED data; not actual internal bank data,v1_public_calibrated_deterministic,20273
JPM,JPMORGAN CHASE & CO,0000019617,Rate Down 100bp,2027Q4,2027-12-31,7,2026Q1,2026-03-31,5138716921617.546,1556036121200.311,2793669112701.8315,0.015703453811875823,0.13608042007198545,23679867059.404404,25672345834.302494,29390170047.120632,2334054181.8004665,13926111045.18078,528481399973.1801,0.01084014648605876,0.10540473928420199,0.5955187888012271,-1237632991501.5205,-0.24084474984310736,3139343141.276786,0.10284306530876715,0.03726896551724138,0.024849999999999994,14497964136.149107,17355669362.660126,0.09881145455474408,0.009146546188124171,38438548118.88119,6388105893.415794,44826654012.29698,26537572285.91542,Modeled Funds Transfer Pricing using FRED SOFR and Treasury 2Y curve proxies; calibrated from public EDGAR baselines.,-100,0.25,0.45,0.028,0.006,0.095,0.02634999999999999,SOFR,modeled_scenario_calibrated_from_public_data,MODELED/SCENARIO DATA - calibrated from public SEC EDGAR and FRED data; not actual internal bank data,v1_public_calibrated_deterministic,20274
JPM,JPMORGAN CHASE & CO,0000019617,Rate Down 100bp,2028Q1,2028-03-31,8,2026Q1,2026-03-31,5173684138232.275,1567577352799.9988,2810968200000.0024,0.015703453811875823,0.13608042007198545,23871376529.654343,25988038118.208965,29795151231.147564,2351366029.1999984,13993188936.137444,536177653888.0557,0.010818742360192543,0.10439218296150007,0.5975832536659035,-1243390847200.0037,-0.2403298720947508,3162012834.153239,0.10363556018540684,0.03726896551724138,0.024849999999999994,14605496576.777922,17463139942.50001,0.09881145455474408,0.009146546188124171,38723649589.31077,6427662618.662071,45151312207.97284,26729019895.376434,Modeled Funds Transfer Pricing using FRED SOFR and Treasury 2Y curve proxies; calibrated from public EDGAR baselines.,-100,0.25,0.45,0.028,0.006,0.095,0.02634999999999999,SOFR,modeled_scenario_calibrated_from_public_data,MODELED/SCENARIO DATA - calibrated from public SEC EDGAR and FRED data; not actual internal bank data,v1_public_calibrated_deterministic,20281
JPM,JPMORGAN CHASE & CO,0000019617,Rate Up 100bp,2026Q2,2026-06-30,1,2026Q1,2026-03-31,4921772514607.548,1484925187989.1133,2685497252035.6465,0.022703453811875825,0.14708042007198546,27905672844.612305,23775533662.58037,27039961630.511818,2598619078.9809484,17413674380.182926,492177251460.7548,0.014152360214536619,0.14152360214536616,0.523206857153162,-1200572064046.5332,-0.24393083192758339,2399060432.7333364,0.1,0.04926896551724138,0.05184999999999999,18290181970.6797,34810758129.51206,0.09781145455474408,0.029146546188124168,36310673135.54799,19568242423.634377,55878915559.182365,44426249003.44466,Modeled Funds Transfer Pricing using FRED SOFR and Treasury 2Y curve proxies; calibrated from public EDGAR baselines.,100,0.45,0.65,0.033,0.007,0.1,0.046349999999999995,SOFR,modeled_scenario_calibrated_from_public_data,MODELED/SCENARIO DATA - calibrated from public SEC EDGAR and FRED data; not actual internal bank data,v1_public_calibrated_deterministic,20262
JPM,JPMORGAN CHASE & CO,0000019617,Rate Up 100bp,2026Q3,2026-09-30,2,2026Q1,2026-03-31,4943162588432.0,1492294770088.4302,2695511710131.4917,0.022703453811875825,0.14708042007198546,28060015058.92473,23985599458.8303,27378806353.419163,2611515847.6547527,17423680930.17808,501760275972.3528,0.014099217347981243,0.13890044122295672,0.5260540509917326,-1203216940043.0615,-0.24341035086704055,2412037668.546394,0.10150592196715788,0.04926896551724138,0.05184999999999999,18380954892.26163,34940570542.57946,0.09781145455474408,0.029146546188124168,36490880521.696686,19641214139.994274,56132094661.69096,44619630709.24255,Modeled Funds Transfer Pricing using FRED SOFR and Treasury 2Y curve proxies; calibrated from public EDGAR baselines.,100,0.45,0.65,0.033,0.007,0.1,0.046349999999999995,SOFR,modeled_scenario_calibrated_from_public_data,MODELED/SCENARIO DATA - calibrated from public SEC EDGAR and FRED data; not actual internal bank data,v1_public_calibrated_deterministic,20263
JPM,JPMORGAN CHASE & CO,0000019617,Rate Up 100bp,2026Q4,2026-12-31,3,2026Q1,2026-03-31,4964645623736.662,1499700926919.429,2705563513032.243,0.022703453811875825,0.14708042007198546,28215180537.470947,24197521265.522736,27721897226.813362,2624476622.1090007,17432399083.716343,511348095468.3968,0.01404523134571347,0.13636424375648215,0.5289156306235286,-1205862586112.8142,-0.24288996184287903,2425081663.7978773,0.10299790442717005,0.04926896551724138,0.05184999999999999,18472178313.64207,35070867037.68045,0.09781145455474408,0.029146546188124168,36671982264.77182,19714457974.374443,56386440239.14626,44813869261.50932,Modeled Funds Transfer Pricing using FRED SOFR and Treasury 2Y curve proxies; calibrated from public EDGAR baselines.,100,0.45,0.65,0.033,0.007,0.1,0.046349999999999995,SOFR,modeled_scenario_calibrated_from_public_data,MODELED/SCENARIO DATA - calibrated from public SEC EDGAR and FRED data; not actual internal bank data,v1_public_calibrated_deterministic,20264
JPM,JPMORGAN CHASE & CO,0000019617,Rate Up 100bp,2027Q1,2027-03-31,4,2026Q1,2026-03-31,4986222024533.081,1507143840000.0005,2715652799999.9995,0.022703453811875825,0.14708042007198546,28371173571.703865,24411315481.209118,28069287460.299706,2637501720.000001,17439802899.364487,520939987063.04724,0.0139903941810514,0.13391026477108442,0.5317916597711226,-1208508959999.999,-0.24236966465871845,2438192751.466447,0.1044758906643009,0.04926896551724138,0.05184999999999999,18563854470.620697,35201649419.99999,0.09781145455474408,0.029146546188124168,36853982803.40563,19787974941.52718,56641957744.932816,45008968521.08317,Modeled Funds Transfer Pricing using FRED SOFR and Treasury 2Y curve proxies; calibrated from public EDGAR baselines.,100,0.45,0.65,0.033,0.007,0.1,0.046349999999999995,SOFR,modeled_scenario_calibrated_from_public_data,MODELED/SCENARIO DATA - calibrated from public SEC EDGAR and FRED data; not actual internal bank data,v1_public_calibrated_deterministic,20271
JPM,JPMORGAN CHASE & CO,0000019617,Rate Up 100bp,2027Q2,2027-06-30,5,2026Q1,2026-03-31,5007892196588.642,1514623691748.8962,2725779710816.1807,0.022703453811875825,0.14708042007198546,28527998475.10698,24626998649.328255,28421030930.266747,2650591460.5605683,17445866039.550255,530535213384.79987,0.013934697756820179,0.1315340855755539,0.5346822023851011,-1211156019067.2844,-0.24184945911821337,2451371266.15853,0.10593982309487385,0.04926896551724138,0.05184999999999999,18655985610.0933,35332919501.454735,0.09781145455474408,0.029146546188124168,37036886598.25897,19861766059.988884,56898652658.247856,45204932366.468414,Modeled Funds Transfer Pricing using FRED SOFR and Treasury 2Y curve proxies; calibrated from public EDGAR baselines.,100,0.45,0.65,0.033,0.007,0.1,0.046349999999999995,SOFR,modeled_scenario_calibrated_from_public_data,MODELED/SCENARIO DATA - calibrated from public SEC EDGAR and FRED data; not actual internal bank data,v1_public_calibrated_deterministic,20272
JPM,JPMORGAN CHASE & CO,0000019617,Rate Up 100bp,2027Q3,2027-09-30,6,2026Q1,2026-03-31,5029656547434.197,1522140665490.1995,2735944385783.4634,0.022703453811875825,0.14708042007198546,28685659583.306313,24844587459.48645,28777182188.241917,2663746164.607849,17450561765.05497,540133022355.5801,0.013878133904755074,0.12923158587083702,0.5375873226446549,-1213803720293.264,-0.24132934502505293,2464617544.1161757,0.10738964326125225,0.04926896551724138,0.05184999999999999,18748573990.106873,35464679100.71814,0.09781145455474408,0.029146546188124168,37220698132.13064,19935832352.09418,57156530484.22482,45401764693.91758,Modeled Funds Transfer Pricing using FRED SOFR and Treasury 2Y curve proxies; calibrated from public EDGAR baselines.,100,0.45,0.65,0.033,0.007,0.1,0.046349999999999995,SOFR,modeled_scenario_calibrated_from_public_data,MODELED/SCENARIO DATA - calibrated from public SEC EDGAR and FRED data; not actual internal bank data,v1_public_calibrated_deterministic,20273
JPM,JPMORGAN CHASE & CO,0000019617,Rate Up 100bp,2027Q4,2027-12-31,7,2026Q1,2026-03-31,5051515486371.735,1529694945457.8184,2746146965727.726,0.022703453811875825,0.14708042007198546,28844161254.18287,25064098748.748993,29137796469.351917,2676966154.5511823,17453862929.432724,549732646966.76807,0.013820694384899537,0.12699891866154953,0.540507084958172,-1216452020269.9077,-0.24080932218296092,2477931923.22494,0.10882529182576356,0.04926896551724138,0.05184999999999999,18841621879.91492,35596930043.24564,0.09781145455474408,0.029146546188124168,37405421910.067276,20010174843.99005,57415596754.05733,45599469417.51359,Modeled Funds Transfer Pricing using FRED SOFR and Treasury 2Y curve proxies; calibrated from public EDGAR baselines.,100,0.45,0.65,0.033,0.007,0.1,0.046349999999999995,SOFR,modeled_scenario_calibrated_from_public_data,MODELED/SCENARIO DATA - calibrated from public SEC EDGAR and FRED data; not actual internal bank data,v1_public_calibrated_deterministic,20274
JPM,JPMORGAN CHASE & CO,0000019617,Rate Up 100bp,2028Q1,2028-03-31,8,2026Q1,2026-03-31,5073469424482.073,1537286716800.0012,2756387591999.999,0.022703453811875825,0.14708042007198546,29003507867.985687,25285549502.942974,29502929700.88902,2690251754.400002,17455741973.35532,559333305052.1135,0.013762370884998322,0.12483248764690638,0.5434415539638304,-1219100875199.9978,-0.24028939039569558,2491314743.0218163,0.11024670856456639,0.04926896551724138,0.05184999999999999,18935131560.03312,35729674161.29998,0.09781145455474408,0.029146546188124168,37591062459.47376,20084794565.650078,57675857025.12384,45798050469.25256,Modeled Funds Transfer Pricing using FRED SOFR and Treasury 2Y curve proxies; calibrated from public EDGAR baselines.,100,0.45,0.65,0.033,0.007,0.1,0.046349999999999995,SOFR,modeled_scenario_calibrated_from_public_data,MODELED/SCENARIO DATA - calibrated from public SEC EDGAR and FRED data; not actual internal bank data,v1_public_calibrated_deterministic,20281
PNC,"PNC FINANCIAL SERVICES GROUP, INC.",0000713676,Base,2026Q2,2026-06-30,1,2026Q1,2026-03-31,606391442308.9908,358466049675.9711,459919275708.6136,0.017798644002508846,0.0800767743716101,3986523761.8365684,2202761082.1444592,3706817889.315374,537699074.5139567,1536366625.319841,64521001643.92591,0.010134487514993492,0.09524753715378666,0.5989089180343978,-101453226032.64246,-0.16730649371688575,307396170.61331576,0.10640157024354707,0.04326896551724138,0.038349999999999995,3877613785.6328325,4409476055.856332,0.03680780885436871,0.02055135599749115,3298587459.313446,2362991191.299,5661578650.612446,4518386032.060068,Modeled Funds Transfer Pricing using FRED SOFR and Treasury 2Y curve proxies; calibrated from public EDGAR baselines.,0,0.35,0.55,0.03,0.006,0.095,0.03634999999999999,SOFR,modeled_scenario_calibrated_from_public_data,MODELED/SCENARIO DATA - calibrated from public SEC EDGAR and FRED data; not actual internal bank data,v1_public_calibrated_deterministic,20262
PNC,"PNC FINANCIAL SERVICES GROUP, INC.",0000713676,Base,2026Q3,2026-09-30,2,2026Q1,2026-03-31,609773644516.6364,360685759754.94244,462201823603.1529,0.017798644002508846,0.0800767743716101,4012209591.198633,2226040305.590345,3755140078.913268,541028639.6324136,1534244130.8122046,65364835915.87263,0.010064351876200816,0.0938880429708012,0.6019540962676336,-101516063848.21045,-0.16648155387017682,309468223.17676926,0.10719524614365207,0.04326896551724138,0.038349999999999995,3901624925.3491535,4431359983.795228,0.03680780885436871,0.02055135599749115,3319013125.3881693,2374718554.8895006,5693731680.27767,4541944649.644707,Modeled Funds Transfer Pricing using FRED SOFR and Treasury 2Y curve proxies; calibrated from public EDGAR baselines.,0,0.35,0.55,0.03,0.006,0.095,0.03634999999999999,SOFR,modeled_scenario_calibrated_from_public_data,MODELED/SCENARIO DATA - calibrated from public SEC EDGAR and FRED data; not actual internal bank data,v1_public_calibrated_deterministic,20263
PNC,"PNC FINANCIAL SERVICES GROUP, INC.",0000713676,Base,2026Q4,2026-12-31,3,2026Q1,2026-03-31,613174711257.94,362919214825.49426,464495699626.7054,0.017798644002508846,0.0800767743716101,4038058506.423092,2249565548.565373,3804092198.029488,544378822.2382414,1531930897.4293807,66207397909.458786,0.009993438211348243,0.09255345751689902,0.605012666908958,-101576484801.21112,-0.16565667653322652,311553742.59007746,0.10797476917081758,0.04326896551724138,0.038349999999999995,3925784747.957157,4453352520.171038,0.03680780885436871,0.02055135599749115,3339565272.2185917,2386504120.583035,5726069392.801626,4565626278.636972,Modeled Funds Transfer Pricing using FRED SOFR and Treasury 2Y curve proxies; calibrated from public EDGAR baselines.,0,0.35,0.55,0.03,0.006,0.095,0.03634999999999999,SOFR,modeled_scenario_calibrated_from_public_data,MODELED/SCENARIO DATA - calibrated from public SEC EDGAR and FRED data; not actual internal bank data,v1_public_calibrated_deterministic,20264
PNC,"PNC FINANCIAL SERVICES GROUP, INC.",0000713676,Base,2027Q1,2027-03-31,4,2026Q1,2026-03-31,616594747751.5161,365166500000.0002,466800960000.0002,0.017798644002508846,0.0800767743716101,4064071532.1971545,2273339411.0535536,3853682458.444197,547749750.0000002,1529423200.497143,67048580669.732216,0.009921740047733855,0.09124268912004406,0.608084672582001,-101634460000.0,-0.16483186139781725,313652814.28257656,0.10874010995752494,0.04326896551724138,0.038349999999999995,3950094174.1379333,4475454204.000001,0.03680780885436871,0.02055135599749115,3360244683.0047097,2398348177.2326574,5758592860.237368,4589431562.059223,Modeled Funds Transfer Pricing using FRED SOFR and Treasury 2Y curve proxies; calibrated from public EDGAR baselines.,0,0.35,0.55,0.03,0.006,0.095,0.03634999999999999,SOFR,modeled_scenario_calibrated_from_public_data,MODELED/SCENARIO DATA - calibrated from public SEC EDGAR and FRED data; not actual internal bank data,v1_public_calibrated_deterministic,20271
PNC,"PNC FINANCIAL SERVICES GROUP, INC.",0000713676,Base,2027Q2,2027-06-30,5,2026Q1,2026-03-31,620033859802.8455,367427700917.87054,469117661222.786,0.017798644002508846,0.0800767743716101,4090249699.597703,2297364520.516053,3903919178.986575,551141551.3768058,1526717256.9027965,67888275161.028755,0.009849250861159438,0.08995469413718192,0.6111701559392312,-101689960304.91547,-0.16400710815575492,315765524.21648735,0.1094912384020696,0.04326896551724138,0.038349999999999995,3974554130.273655,4497665576.97346,0.03680780885436871,0.02055135599749115,3381052145.7962837,2410251015.124981,5791303160.921265,4613361146.297509,Modeled Funds Transfer Pricing using FRED SOFR and Treasury 2Y curve proxies; calibrated from public EDGAR baselines.,0,0.35,0.55,0.03,0.006,0.095,0.03634999999999999,SOFR,modeled_scenario_calibrated_from_public_data,MODELED/SCENARIO DATA - calibrated from public SEC EDGAR and FRED data; not actual internal bank data,v1_public_calibrated_deterministic,20272
PNC,"PNC FINANCIAL SERVICES GROUP, INC.",0000713676,Base,2027Q3,2027-09-30,6,2026Q1,2026-03-31,623492153807.5481,369702903748.81616,471445860075.2161,0.017798644002508846,0.0800767743716101,4116594046.1309414,2321643532.181575,3954810786.9303055,554554355.6232243,1523809224.2495995,68726370234.36603,0.009775964075531576,0.08868847396149153,0.6142691596613735,-101742956326.39996,-0.1631824164988686,317891958.89019865,0.11022812366549786,0.04326896551724138,0.038349999999999995,3999165548.482884,4519987183.471134,0.03680780885436871,0.02055135599749115,3401988453.5228753,2422212925.9872913,5824201379.510166,4637415681.119191,Modeled Funds Transfer Pricing using FRED SOFR and Treasury 2Y curve proxies; calibrated from public EDGAR baselines.,0,0.35,0.55,0.03,0.006,0.095,0.03634999999999999,SOFR,modeled_scenario_calibrated_from_public_data,MODELED/SCENARIO DATA - calibrated from public SEC EDGAR and FRED data; not actual internal bank data,v1_public_calibrated_deterministic,20273
PNC,"PNC FINANCIAL SERVICES GROUP, INC.",0000713676,Base,2027Q4,2027-12-31,7,2026Q1,2026-03-31,626969736754.6752,371992195196.1318,473785613619.2396,0.017798644002508846,0.0800767743716101,4143105615.772247,2346179129.3398166,4006365819.4072704,557988292.7941977,1520695199.9993703,69562752594.36568,0.00970187306245946,0.08744307223532963,0.6173817264568323,-101793418423.10785,-0.16235778611901047,320032205.3415721,0.11095073416850525,0.04326896551724138,0.038349999999999995,4023929366.656088,4542419570.574459,0.03680780885436871,0.02055135599749115,3423054404.0240583,2434234202.9946957,5857288607.018754,4661595819.6906185,Modeled Funds Transfer Pricing using FRED SOFR and Treasury 2Y curve proxies; calibrated from public EDGAR baselines.,0,0.35,0.55,0.03,0.006,0.095,0.03634999999999999,SOFR,modeled_scenario_calibrated_from_public_data,MODELED/SCENARIO DATA - calibrated from public SEC EDGAR and FRED data; not actual internal bank data,v1_public_calibrated_deterministic,20274
PNC,"PNC FINANCIAL SERVICES GROUP, INC.",0000713676,Base,2028Q1,2028-03-31,8,2026Q1,2026-03-31,630466716230.0188,374295662500.0003,476136979200.0003,0.017798644002508846,0.0800767743716101,4169785459.0062976,2370974023.638023,4058592924.839654,561443493.7500005,1517371220.6031861,70397306765.69743,0.009626971140849821,0.08621757225192922,0.620507899061109,-101841316700.0,-0.16153321670805587,322186351.1512664,0.11165903758829634,0.04326896551724138,0.038349999999999995,4048846528.4913826,4564963288.080003,0.03680780885436871,0.02055135599749115,3444250800.079829,2446315140.7773113,5890565940.857141,4685902218.594919,Modeled Funds Transfer Pricing using FRED SOFR and Treasury 2Y curve proxies; calibrated from public EDGAR baselines.,0,0.35,0.55,0.03,0.006,0.095,0.03634999999999999,SOFR,modeled_scenario_calibrated_from_public_data,MODELED/SCENARIO DATA - calibrated from public SEC EDGAR and FRED data; not actual internal bank data,v1_public_calibrated_deterministic,20281
PNC,"PNC FINANCIAL SERVICES GROUP, INC.",0000713676,Credit Stress,2026Q2,2026-06-30,1,2026Q1,2026-03-31,601893770461.3037,355365990444.57324,457074864248.2523,0.020298644002508845,0.0825767743716101,3994329229.6340203,2172900835.269765,3692647071.2839427,1599146957.0005794,691594468.9292183,66208314750.74341,0.004596123122518222,0.04178293747743838,0.5987529299900621,-101708873803.67908,-0.16898143625199397,88575715.26004028,0.11,0.046268965517241384,0.045099999999999994,4110604189.4700727,5153519094.399044,0.03630780885436871,0.02480135599749115,3225640113.601246,2834019106.4314613,6059659220.032707,5037244134.56299,Modeled Funds Transfer Pricing using FRED SOFR and Treasury 2Y curve proxies; calibrated from public EDGAR baselines.,50,0.5,0.5,0.045,0.018,0.11,0.04134999999999999,SOFR,modeled_scenario_calibrated_from_public_data,MODELED/SCENARIO DATA - calibrated from public SEC EDGAR and FRED data; not actual internal bank data,v1_public_calibrated_deterministic,20262
PNC,"PNC FINANCIAL SERVICES GROUP, INC.",0000713676,Credit Stress,2026Q3,2026-09-30,2,2026Q1,2026-03-31,600761674283.9878,354474224343.60443,456502446263.41266,0.020298644002508845,0.0825767743716101,3983093671.7803483,2166097731.7401037,3726483860.3513165,1595134009.5462198,653783091.5621039,66567895451.10256,0.004353027961321329,0.039285189182063904,0.6060120129319572,-102028221919.80823,-0.16983144279536408,87966241.29807514,0.1108058291675162,0.046268965517241384,0.045099999999999994,4100288915.7262797,5147065081.619977,0.03630780885436871,0.02480135599749115,3217545595.3170505,2830469920.8761177,6048015516.193169,5029869837.674046,Modeled Funds Transfer Pricing using FRED SOFR and Treasury 2Y curve proxies; calibrated from public EDGAR baselines.,50,0.5,0.5,0.045,0.018,0.11,0.04134999999999999,SOFR,modeled_scenario_calibrated_from_public_data,MODELED/SCENARIO DATA - calibrated from public SEC EDGAR and FRED data; not actual internal bank data,v1_public_calibrated_deterministic,20263
PNC,"PNC FINANCIAL SERVICES GROUP, INC.",0000713676,Credit Stress,2026Q4,2026-12-31,3,2026Q1,2026-03-31,599631707455.4333,353584696067.3015,455930745146.5852,0.020298644002508845,0.0825767743716101,3971886755.846848,2159315927.9480486,3760630705.666223,1591131132.3028567,615758268.2023957,66906562498.61388,0.004107576437646343,0.0368130267170819,0.6133593847102421,-102346049079.28369,-0.17068151634875045,87358573.61551072,0.11157942728301538,0.046268965517241384,0.045099999999999994,4089999527.4405622,5140619151.527747,0.03630780885436871,0.02480135599749115,3209471389.66041,2826925180.1454673,6036396569.805878,5022506379.934034,Modeled Funds Transfer Pricing using FRED SOFR and Treasury 2Y curve proxies; calibrated from public EDGAR baselines.,50,0.5,0.5,0.045,0.018,0.11,0.04134999999999999,SOFR,modeled_scenario_calibrated_from_public_data,MODELED/SCENARIO DATA - calibrated from public SEC EDGAR and FRED data; not actual internal bank data,v1_public_calibrated_deterministic,20264
PNC,"PNC FINANCIAL SERVICES GROUP, INC.",0000713676,Credit Stress,2027Q1,2027-03-31,4,2026Q1,2026-03-31,598503865970.569,352697400000.0,455359759999.9999,0.020298644002508845,0.0825767743716101,3960708411.4129,2152555357.206562,3795090448.3633966,1587138299.9999998,577517666.0022918,67224197214.91514,0.003859742259580932,0.034363677956969756,0.6207961233153906,-102662359999.99988,-0.17153165724922523,86752707.72424798,0.1123204059942043,0.046268965517241384,0.045099999999999994,4079735959.655173,5134181293.999998,0.03630780885436871,0.02480135599749115,3201417445.6582055,2823384878.673032,6024802324.331238,5015153745.757725,Modeled Funds Transfer Pricing using FRED SOFR and Treasury 2Y curve proxies; calibrated from public EDGAR baselines.,50,0.5,0.5,0.045,0.018,0.11,0.04134999999999999,SOFR,modeled_scenario_calibrated_from_public_data,MODELED/SCENARIO DATA - calibrated from public SEC EDGAR and FRED data; not actual internal bank data,v1_public_calibrated_deterministic,20271
PNC,"PNC FINANCIAL SERVICES GROUP, INC.",0000713676,Credit Stress,2027Q2,2027-06-30,5,2026Q1,2026-03-31,597378145831.8561,351812330540.1275,454789489927.0109,0.020298644002508845,0.0825767743716101,3949558568.2289963,2145815953.0373952,3829865955.611703,1583155487.4305737,539058931.797051,67520679627.40352,0.0036094988446315193,0.031934449402566255,0.6283233199616419,-102977159386.88342,-0.17238186583388737,86148639.14665821,0.11302837256187231,0.046268965517241384,0.045099999999999994,4069498147.5753717,5127751498.927048,0.03630780885436871,0.02480135599749115,3193383712.465234,2819849010.8993034,6013232723.364537,5007811919.580671,Modeled Funds Transfer Pricing using FRED SOFR and Treasury 2Y curve proxies; calibrated from public EDGAR baselines.,50,0.5,0.5,0.045,0.018,0.11,0.04134999999999999,SOFR,modeled_scenario_calibrated_from_public_data,MODELED/SCENARIO DATA - calibrated from public SEC EDGAR and FRED data; not actual internal bank data,v1_public_calibrated_deterministic,20272
PNC,"PNC FINANCIAL SERVICES GROUP, INC.",0000713676,Credit Stress,2027Q3,2027-09-30,6,2026Q1,2026-03-31,596254543049.2754,350929482100.1684,454219934032.09546,0.020298644002508845,0.0825767743716101,3938437156.216312,2139097649.170436,3864960120.852707,1579182669.4507577,500379691.91579336,67795888457.95721,0.003356819316507522,0.02952271609958163,0.635942079250134,-103290451931.92706,-0.17323214243986226,85546363.41555977,0.11370292981122737,0.046268965517241384,0.045099999999999994,4059286026.5690174,5121329756.211876,0.03630780885436871,0.02480135599749115,3185370139.36388,2816317571.2717366,6001687710.635616,5000480885.859171,Modeled Funds Transfer Pricing using FRED SOFR and Treasury 2Y curve proxies; calibrated from public EDGAR baselines.,50,0.5,0.5,0.045,0.018,0.11,0.04134999999999999,SOFR,modeled_scenario_calibrated_from_public_data,MODELED/SCENARIO DATA - calibrated from public SEC EDGAR and FRED data; not actual internal bank data,v1_public_calibrated_deterministic,20273
PNC,"PNC FINANCIAL SERVICES GROUP, INC.",0000713676,Credit Stress,2027Q4,2027-12-31,7,2026Q1,2026-03-31,595133053640.3121,350048849106.62854,453651091420.8522,0.020298644002508845,0.0825767743716101,3927344105.4663067,2132400379.543056,3900375864.0414085,1575219820.9798284,461477551.9906198,68049701111.55205,0.0031016765018703103,0.02712591205854862,0.6436535193340552,-103602242314.22363,-0.17408248740430235,84945876.07419358,0.1143436760826934,0.046268965517241384,0.045099999999999994,4049099532.1661572,5114916055.770107,0.03630780885436871,0.02480135599749115,3177376675.763806,2812790554.244739,5990167230.008545,4993160629.070257,Modeled Funds Transfer Pricing using FRED SOFR and Treasury 2Y curve proxies; calibrated from public EDGAR baselines.,50,0.5,0.5,0.045,0.018,0.11,0.04134999999999999,SOFR,modeled_scenario_calibrated_from_public_data,MODELED/SCENARIO DATA - calibrated from public SEC EDGAR and FRED data; not actual internal bank data,v1_public_calibrated_deterministic,20274
PNC,"PNC FINANCIAL SERVICES GROUP, INC.",0000713676,Credit Stress,2028Q1,2028-03-31,8,2026Q1,2026-03-31,594013673629.9423,349170426000.00006,453082961199.9998,0.020298644002508845,0.0825767743716101,3916279346.2403007,2125724078.299461,3936116131.889198,1571266917.0000002,422350096.76394516,68281993664.77222,0.002844042927045886,0.024741521100713988,0.651458772085854,-103912535199.99976,-0.174932901064387,84347172.67619972,0.11495020518216291,0.046268965517241384,0.045099999999999994,4038938600.058622,5108510387.529997,0.03630780885436871,0.02480135599749115,3169403271.2016244,2809267954.279666,5978671225.481291,4985851133.711676,Modeled Funds Transfer Pricing using FRED SOFR and Treasury 2Y curve proxies; calibrated from public EDGAR baselines.,50,0.5,0.5,0.045,0.018,0.11,0.04134999999999999,SOFR,modeled_scenario_calibrated_from_public_data,MODELED/SCENARIO DATA - calibrated from public SEC EDGAR and FRED data; not actual internal bank data,v1_public_calibrated_deterministic,20281
PNC,"PNC FINANCIAL SERVICES GROUP, INC.",0000713676,Rate Down 100bp,2026Q2,2026-06-30,1,2026Q1,2026-03-31,607131399938.6193,358902405991.5351,460481869146.4347,0.015298644002508846,0.07557677437161009,3658207248.958859,2206529340.577105,3709538250.35101,538353608.9873027,1277307336.8561447,64378519035.27088,0.0084153600817568,0.07936233116243943,0.6325157479314036,-101579463154.8996,-0.16731050834328326,333164408.2276539,0.10603720881802443,0.03726896551724138,0.024849999999999994,3343980348.2383723,2860743612.0722246,0.038307808854368706,0.009551355997491148,3437191191.5241895,1099556565.651933,4536747757.176123,3174970512.7927117,Modeled Funds Transfer Pricing using FRED SOFR and Treasury 2Y curve proxies; calibrated from public EDGAR baselines.,-100,0.25,0.45,0.028,0.006,0.095,0.02634999999999999,SOFR,modeled_scenario_calibrated_from_public_data,MODELED/SCENARIO DATA - calibrated from public SEC EDGAR and FRED data; not actual internal bank data,v1_public_calibrated_deterministic,20262
PNC,"PNC FINANCIAL SERVICES GROUP, INC.",0000713676,Rate Down 100bp,2026Q3,2026-09-30,2,2026Q1,2026-03-31,611262722114.7736,361564410897.97534,463333286308.6787,0.015298644002508846,0.07557677437161009,3686311129.566261,2233662984.3636684,3760653748.8463144,542346616.346963,1277409261.5019555,65081094129.096954,0.008359150429344214,0.07851184916885665,0.6352483434002438,-101768875410.70337,-0.16648958251308962,335662680.63199645,0.10646992164668112,0.03726896551724138,0.024849999999999994,3368782890.5045843,2878458041.1926656,0.038307808854368706,0.009551355997491148,3462685085.3055162,1106365290.7554202,4569050376.060936,3195986280.2543426,Modeled Funds Transfer Pricing using FRED SOFR and Treasury 2Y curve proxies; calibrated from public EDGAR baselines.,-100,0.25,0.45,0.028,0.006,0.095,0.02634999999999999,SOFR,modeled_scenario_calibrated_from_public_data,MODELED/SCENARIO DATA - calibrated from public SEC EDGAR and FRED data; not actual internal bank data,v1_public_calibrated_deterministic,20263
PNC,"PNC FINANCIAL SERVICES GROUP, INC.",0000713676,Rate Down 100bp,2026Q4,2026-12-31,3,2026Q1,2026-03-31,615422156529.7692,364246160085.87933,466202360148.3685,0.015298644002508846,0.07557677437161009,3714628742.856849,2261130289.98359,3812473592.198065,546369240.128819,1277363798.4057086,65783644218.22009,0.008302358209580776,0.07767060117061239,0.6379898471886497,-101956200062.4892,-0.16566871858725057,338179451.8922875,0.1068919009825055,0.03726896551724138,0.024849999999999994,3393769395.0070553,2896282162.4217386,0.038307808854368706,0.009551355997491148,3488368069.126912,1113216177.161912,4601584246.288824,3217141510.2715325,Modeled Funds Transfer Pricing using FRED SOFR and Treasury 2Y curve proxies; calibrated from public EDGAR baselines.,-100,0.25,0.45,0.028,0.006,0.095,0.02634999999999999,SOFR,modeled_scenario_calibrated_from_public_data,MODELED/SCENARIO DATA - calibrated from public SEC EDGAR and FRED data; not actual internal bank data,v1_public_calibrated_deterministic,20264
PNC,"PNC FINANCIAL SERVICES GROUP, INC.",0000713676,Rate Down 100bp,2027Q1,2027-03-31,4,2026Q1,2026-03-31,619609894477.8068,366947799999.9999,469089200000.0001,0.015298644002508846,0.07557677437161009,3743161701.8779902,2288935360.46925,3865007485.910294,550421699.9999999,1277167622.3851876,66486086410.531944,0.008244978873112126,0.07683818924152369,0.640740267598798,-102141400000.00024,-0.164847916262026,340714857.6680808,0.10730313864107176,0.03726896551724138,0.024849999999999994,3418941226.206896,2914216655.0,0.038307808854368706,0.009551355997491148,3514241545.4827776,1120109485.9445815,4634351031.427359,3238437130.6710944,Modeled Funds Transfer Pricing using FRED SOFR and Treasury 2Y curve proxies; calibrated from public EDGAR baselines.,-100,0.25,0.45,0.028,0.006,0.095,0.02634999999999999,SOFR,modeled_scenario_calibrated_from_public_data,MODELED/SCENARIO DATA - calibrated from public SEC EDGAR and FRED data; not actual internal bank data,v1_public_calibrated_deterministic,20271
PNC,"PNC FINANCIAL SERVICES GROUP, INC.",0000713676,Rate Down 100bp,2027Q2,2027-06-30,5,2026Q1,2026-03-31,623826128554.7786,369669478171.28107,471993915875.0957,0.015298644002508846,0.07557677437161009,3771911631.779495,2317082349.3079295,3918265269.2238092,554504217.2569216,1276817350.7392879,67188335953.43855,0.008187007836284753,0.07601422673269485,0.6434996128086256,-102324437703.81464,-0.1640271752336989,343269034.6063167,0.10770362586301754,0.03726896551724138,0.024849999999999994,3444299758.6855226,2932262202.374031,0.038307808854368706,0.009551355997491148,3540306927.269915,1127045479.7932317,4667352407.063147,3259874075.468003,Modeled Funds Transfer Pricing using FRED SOFR and Treasury 2Y curve proxies; calibrated from public EDGAR baselines.,-100,0.25,0.45,0.028,0.006,0.095,0.02634999999999999,SOFR,modeled_scenario_calibrated_from_public_data,MODELED/SCENARIO DATA - calibrated from public SEC EDGAR and FRED data; not actual internal bank data,v1_public_calibrated_deterministic,20272
PNC,"PNC FINANCIAL SERVICES GROUP, INC.",0000713676,Rate Down 100bp,2027Q3,2027-09-30,6,2026Q1,2026-03-31,628071052667.1262,372411343224.9145,474916618466.3959,0.015298644002508846,0.07557677437161009,3800880169.904005,2345575461.062252,3972256916.9590125,558617014.8373717,1276309542.3441997,67890306201.72786,0.008128440480893399,0.07519833765673702,0.646267890871369,-102505275241.48138,-0.16320649519857516,345842120.34846663,0.10809335331317889,0.03726896551724138,0.024849999999999994,3469846377.219721,2950419492.2224836,0.038307808854368706,0.009551355997491148,3566565637.8646803,1134024423.0243063,4700590060.888987,3281453284.906768,Modeled Funds Transfer Pricing using FRED SOFR and Treasury 2Y curve proxies; calibrated from public EDGAR baselines.,-100,0.25,0.45,0.028,0.006,0.095,0.02634999999999999,SOFR,modeled_scenario_calibrated_from_public_data,MODELED/SCENARIO DATA - calibrated from public SEC EDGAR and FRED data; not actual internal bank data,v1_public_calibrated_deterministic,20273
PNC,"PNC FINANCIAL SERVICES GROUP, INC.",0000713676,Rate Down 100bp,2027Q4,2027-12-31,7,2026Q1,2026-03-31,632344862040.7587,375173544888.45557,477857419152.07794,0.015298644002508846,0.07557677437161009,3830068965.8780746,2374418951.9982576,4026992541.38412,562760317.3326833,1275640696.736028,68591908584.93268,0.008069272153926695,0.07439015610166258,0.6490451097151102,-102683874263.62238,-0.1623858758529831,348434253.537729,0.10847231107969608,0.03726896551724138,0.024849999999999994,3495582476.8572655,2968689216.4822836,0.038307808854368706,0.009551355997491148,3593019111.200719,1141046581.5909605,4734065692.791679,3303175705.5030937,Modeled Funds Transfer Pricing using FRED SOFR and Treasury 2Y curve proxies; calibrated from public EDGAR baselines.,-100,0.25,0.45,0.028,0.006,0.095,0.02634999999999999,SOFR,modeled_scenario_calibrated_from_public_data,MODELED/SCENARIO DATA - calibrated from public SEC EDGAR and FRED data; not actual internal bank data,v1_public_calibrated_deterministic,20274
PNC,"PNC FINANCIAL SERVICES GROUP, INC.",0000713676,Rate Down 100bp,2028Q1,2028-03-31,8,2026Q1,2026-03-31,636647753230.0305,377956233999.99976,480816430000.00037,0.015298644002508846,0.07557677437161009,3859479681.7038937,2403617130.7211995,4082482394.1091175,566934350.9999996,1274807253.1796207,69293052574.18147,0.008009498167310823,0.0735893256724333,0.6518312771423321,-102860196000.00061,-0.16156531689327372,351045573.8262764,0.10884048867309022,0.03726896551724138,0.024849999999999994,3521509462.9931016,2987072071.3750014,0.038307808854368706,0.009551355997491148,3619668791.84726,1148112223.0931964,4767781014.940456,3325042290.0857944,Modeled Funds Transfer Pricing using FRED SOFR and Treasury 2Y curve proxies; calibrated from public EDGAR baselines.,-100,0.25,0.45,0.028,0.006,0.095,0.02634999999999999,SOFR,modeled_scenario_calibrated_from_public_data,MODELED/SCENARIO DATA - calibrated from public SEC EDGAR and FRED data; not actual internal bank data,v1_public_calibrated_deterministic,20281
PNC,"PNC FINANCIAL SERVICES GROUP, INC.",0000713676,Rate Up 100bp,2026Q2,2026-06-30,1,2026Q1,2026-03-31,605648765872.4431,358028094002.2696,459354610094.3404,0.022298644002508847,0.0865767743716101,4263347919.92026,2198983999.6184816,3704970867.1573954,626549164.5039718,1683341391.4231262,64601837765.28272,0.011117608001715358,0.10422869996604092,0.5733179467237645,-101326516092.0708,-0.16730243963447847,281689804.283957,0.10666551540350805,0.04926896551724138,0.05184999999999999,4409918454.400369,5954384133.347887,0.03730780885436872,0.029551355997491147,3339310923.882658,3393637902.996649,6732948826.879307,5807813598.867779,Modeled Funds Transfer Pricing using FRED SOFR and Treasury 2Y curve proxies; calibrated from public EDGAR baselines.,100,0.45,0.65,0.033,0.007,0.1,0.046349999999999995,SOFR,modeled_scenario_calibrated_from_public_data,MODELED/SCENARIO DATA - calibrated from public SEC EDGAR and FRED data; not actual internal bank data,v1_public_calibrated_deterministic,20262
PNC,"PNC FINANCIAL SERVICES GROUP, INC.",0000713676,Rate Up 100bp,2026Q3,2026-09-30,2,2026Q1,2026-03-31,608280921620.2455,359804962934.08746,461067584289.5052,0.022298644002508847,0.0865767743716101,4285820048.086648,2218412851.6214013,3751398811.2505236,629658685.1346531,1677308568.6250699,65524357478.02651,0.011029828548015692,0.1023929807591049,0.5767626819480757,-101262621355.41772,-0.16647344632425734,283398496.29258704,0.10772055336454212,0.04926896551724138,0.05184999999999999,4431804577.932967,5976588561.35271,0.03730780885436872,0.029551355997491147,3355883695.4995394,3406293080.5606055,6762176776.060144,5830604031.506391,Modeled Funds Transfer Pricing using FRED SOFR and Treasury 2Y curve proxies; calibrated from public EDGAR baselines.,100,0.45,0.65,0.033,0.007,0.1,0.046349999999999995,SOFR,modeled_scenario_calibrated_from_public_data,MODELED/SCENARIO DATA - calibrated from public SEC EDGAR and FRED data; not actual internal bank data,v1_public_calibrated_deterministic,20263
PNC,"PNC FINANCIAL SERVICES GROUP, INC.",0000713676,Rate Up 100bp,2026Q4,2026-12-31,3,2026Q1,2026-03-31,610924516743.9222,361590650344.8285,462786946317.7924,0.022298644002508847,0.0865767743716101,4308407462.843723,2238013364.8506947,3798408555.867866,632783638.1034498,1671030620.6412506,66443424319.3792,0.01094099565391439,0.10059870560607875,0.5802267614386817,-101196295972.96393,-0.1656445161381235,285116625.3020368,0.1087588114379602,0.04926896551724138,0.05184999999999999,4453799320.79906,5998875791.644383,0.03730780885436872,0.029551355997491147,3372538716.647934,3418995450.407227,6791534167.0551605,5853483933.689047,Modeled Funds Transfer Pricing using FRED SOFR and Treasury 2Y curve proxies; calibrated from public EDGAR baselines.,100,0.45,0.65,0.033,0.007,0.1,0.046349999999999995,SOFR,modeled_scenario_calibrated_from_public_data,MODELED/SCENARIO DATA - calibrated from public SEC EDGAR and FRED data; not actual internal bank data,v1_public_calibrated_deterministic,20264
PNC,"PNC FINANCIAL SERVICES GROUP, INC.",0000713676,Rate Up 100bp,2027Q1,2027-03-31,4,2026Q1,2026-03-31,613579600959.1183,363385200000.0001,464512719999.99994,0.022298644002508847,0.0865767743716101,4331110745.418673,2257787055.9979625,3846007391.7016263,635924100.0000002,1664503384.6748571,67358901180.95038,0.010851099887108275,0.09884385614922066,0.5837102816915329,-101127519999.99982,-0.1648156487632935,286844240.8392287,0.10978021608876529,0.04926896551724138,0.05184999999999999,4475903222.068967,6021246132.999998,0.03730780885436872,0.029551355997491147,3389276395.526638,3431745188.5207305,6821021584.047369,5876453656.349705,Modeled Funds Transfer Pricing using FRED SOFR and Treasury 2Y curve proxies; calibrated from public EDGAR baselines.,100,0.45,0.65,0.033,0.007,0.1,0.046349999999999995,SOFR,modeled_scenario_calibrated_from_public_data,MODELED/SCENARIO DATA - calibrated from public SEC EDGAR and FRED data; not actual internal bank data,v1_public_calibrated_deterministic,20271
PNC,"PNC FINANCIAL SERVICES GROUP, INC.",0000713676,Rate Up 100bp,2027Q2,2027-06-30,5,2026Q1,2026-03-31,616246224197.5432,365188655882.3151,466244929245.75543,0.022298644002508847,0.0865767743716101,4353930479.935577,2277735455.1553473,3894202700.805549,639080147.7940515,1657722638.3281465,68270648632.03086,0.010760131734595415,0.09712652049128973,0.5872133395923473,-101056273363.4403,-0.16398684388700743,288581392.68311185,0.11078469279212345,0.04926896551724138,0.05184999999999999,4498116823.488378,6043699895.3481045,0.03730780885436872,0.029551355997491147,3406097142.3603125,3444542471.541598,6850639613.901911,5899513551.795306,Modeled Funds Transfer Pricing using FRED SOFR and Treasury 2Y curve proxies; calibrated from public EDGAR baselines.,100,0.45,0.65,0.033,0.007,0.1,0.046349999999999995,SOFR,modeled_scenario_calibrated_from_public_data,MODELED/SCENARIO DATA - calibrated from public SEC EDGAR and FRED data; not actual internal bank data,v1_public_calibrated_deterministic,20272
PNC,"PNC FINANCIAL SERVICES GROUP, INC.",0000713676,Rate Up 100bp,2027Q3,2027-09-30,6,2026Q1,2026-03-31,618924436607.9103,367001062192.76935,467983598053.8477,0.022298644002508847,0.0865767743716101,4376867253.429747,2297860105.9339314,3943001957.7397943,642251858.8373463,1650684098.8013647,69178524886.37161,0.01066808160200064,0.09544488562094533,0.5907360324176136,-100982535861.07837,-0.1631581011965294,290328130.8659198,0.11177216602645847,0.04926896551724138,0.05184999999999999,4520440669.491628,6066237389.773001,0.03730780885436872,0.029551355997491147,3423001369.4095316,3457387476.7690153,6880388846.178547,5922663973.711121,Modeled Funds Transfer Pricing using FRED SOFR and Treasury 2Y curve proxies; calibrated from public EDGAR baselines.,100,0.45,0.65,0.033,0.007,0.1,0.046349999999999995,SOFR,modeled_scenario_calibrated_from_public_data,MODELED/SCENARIO DATA - calibrated from public SEC EDGAR and FRED data; not actual internal bank data,v1_public_calibrated_deterministic,20273
PNC,"PNC FINANCIAL SERVICES GROUP, INC.",0000713676,Rate Up 100bp,2027Q4,2027-12-31,7,2026Q1,2026-03-31,621614288556.8796,368822463351.72516,469728750512.55927,0.022298644002508847,0.0865767743716101,4399921655.8621025,2318162565.583183,3992412730.730161,645439310.865519,1643383422.0811884,70082385768.51627,0.010574939812895333,0.0937972304487077,0.594278457835597,-100906287160.8341,-0.16232942037914702,292084505.6744344,0.11274255926648236,0.04926896551724138,0.05184999999999999,4542875307.215042,6088858928.519049,0.03730780885436872,0.029551355997491147,3439989490.980894,3470280382.1633353,6910269873.14423,5945905277.166109,Modeled Funds Transfer Pricing using FRED SOFR and Treasury 2Y curve proxies; calibrated from public EDGAR baselines.,100,0.45,0.65,0.033,0.007,0.1,0.046349999999999995,SOFR,modeled_scenario_calibrated_from_public_data,MODELED/SCENARIO DATA - calibrated from public SEC EDGAR and FRED data; not actual internal bank data,v1_public_calibrated_deterministic,20274
PNC,"PNC FINANCIAL SERVICES GROUP, INC.",0000713676,Rate Up 100bp,2028Q1,2028-03-31,8,2026Q1,2026-03-31,624315830630.0054,370652904000.00024,471480410799.9999,0.022298644002508847,0.0865767743716101,4423094280.133669,2338644405.111455,4042442682.841834,648642582.0000005,1635816202.1185987,70982084679.68149,0.010480696608111795,0.09218191939560483,0.5978407139073416,-100827506799.99963,-0.16150080112217122,293850567.651255,0.11369579497616218,0.04926896551724138,0.05184999999999999,4565421286.510348,6111564824.994998,0.03730780885436872,0.029551355997491147,3457061923.437172,3483221366.3485417,6940283289.785713,5969237818.618319,Modeled Funds Transfer Pricing using FRED SOFR and Treasury 2Y curve proxies; calibrated from public EDGAR baselines.,100,0.45,0.65,0.033,0.007,0.1,0.046349999999999995,SOFR,modeled_scenario_calibrated_from_public_data,MODELED/SCENARIO DATA - calibrated from public SEC EDGAR and FRED data; not actual internal bank data,v1_public_calibrated_deterministic,20281
TFC,TRUIST FINANCIAL CORP,0000092230,Base,2026Q2,2026-06-30,1,2026Q1,2026-03-31,552036956893.5079,326219600565.7271,402385147876.04767,0.019000112669131732,0.07948581214686862,3622196536.9949803,1470301126.7451477,3095949630.992903,489329400.8485907,1190702719.1999207,64868886495.55996,0.008627702941487058,0.07342211550256346,0.6079432599521544,-76165547310.32056,-0.1379718266308273,294055133.17314136,0.11750823144268882,0.04326896551724138,0.038349999999999995,3528796161.9816756,3857867605.2616067,0.036216846629627236,0.019349887330868263,2953661310.3167996,1946526818.754072,4900188129.070871,3951267980.2749114,Modeled Funds Transfer Pricing using FRED SOFR and Treasury 2Y curve proxies; calibrated from public EDGAR baselines.,0,0.35,0.55,0.03,0.006,0.095,0.03634999999999999,SOFR,modeled_scenario_calibrated_from_public_data,MODELED/SCENARIO DATA - calibrated from public SEC EDGAR and FRED data; not actual internal bank data,v1_public_calibrated_deterministic,20262
TFC,TRUIST FINANCIAL CORP,0000092230,Base,2026Q3,2026-09-30,2,2026Q1,2026-03-31,555115992123.9486,328239632688.6807,404382157831.02997,0.019000112669131732,0.07948581214686862,3645540354.7592854,1485839565.6342697,3136308523.5852776,492359449.0330211,1187142438.7424524,65521814836.86831,0.008554193758319124,0.07247311092942817,0.6112017765670986,-76142525142.34924,-0.13716507220593246,296011921.35064423,0.11803265581698162,0.04326896551724138,0.038349999999999995,3550647337.049626,3877013938.2049994,0.036216846629627236,0.019349887330868263,2971951108.7127824,1956187298.1609545,4928138406.873737,3971906955.91466,Modeled Funds Transfer Pricing using FRED SOFR and Treasury 2Y curve proxies; calibrated from public EDGAR baselines.,0,0.35,0.55,0.03,0.006,0.095,0.03634999999999999,SOFR,modeled_scenario_calibrated_from_public_data,MODELED/SCENARIO DATA - calibrated from public SEC EDGAR and FRED data; not actual internal bank data,v1_public_calibrated_deterministic,20263
TFC,TRUIST FINANCIAL CORP,0000092230,Base,2026Q4,2026-12-31,3,2026Q1,2026-03-31,558212200947.2655,330272173348.12537,406389078809.7699,0.019000112669131732,0.07948581214686862,3669032378.4736657,1501542217.8799064,3177193535.9164805,495408260.02218807,1183398512.3277736,66172684018.64858,0.008479918642549123,0.07153395875520309,0.6144759110829041,-76116905461.64453,-0.1363583693306541,297981318.54437137,0.11854395856334916,0.04326896551724138,0.038349999999999995,3572633819.976101,3896255293.0886683,0.036216846629627236,0.019349887330868263,2990354162.045679,1965895721.8660977,4956249883.911777,3992653851.5862327,Modeled Funds Transfer Pricing using FRED SOFR and Treasury 2Y curve proxies; calibrated from public EDGAR baselines.,0,0.35,0.55,0.03,0.006,0.095,0.03634999999999999,SOFR,modeled_scenario_calibrated_from_public_data,MODELED/SCENARIO DATA - calibrated from public SEC EDGAR and FRED data; not actual internal bank data,v1_public_calibrated_deterministic,20264
TFC,TRUIST FINANCIAL CORP,0000092230,Base,2027Q1,2027-03-31,4,2026Q1,2026-03-31,561325679150.7004,332317300000.0001,408405960000.0001,0.019000112669131732,0.07948581214686862,3692673539.0859356,1517410818.9219346,3218611526.4992642,498475950.0000002,1179467536.3917983,66821391163.66407,0.008404871397840638,0.07060418921856661,0.6177657222674863,-76088660000.0,-0.1355517177035692,299963404.25686294,0.11904210629516626,0.04326896551724138,0.038349999999999995,3594756448.6206913,3915592141.5000005,0.036216846629627236,0.019349887330868263,3008871171.617957,1975652327.813773,4984523499.43173,4013509231.965246,Modeled Funds Transfer Pricing using FRED SOFR and Treasury 2Y curve proxies; calibrated from public EDGAR baselines.,0,0.35,0.55,0.03,0.006,0.095,0.03634999999999999,SOFR,modeled_scenario_calibrated_from_public_data,MODELED/SCENARIO DATA - calibrated from public SEC EDGAR and FRED data; not actual internal bank data,v1_public_calibrated_deterministic,20271
TFC,TRUIST FINANCIAL CORP,0000092230,Base,2027Q2,2027-06-30,5,2026Q1,2026-03-31,564456523055.7571,334375090579.8704,410432850833.5687,0.019000112669131732,0.07948581214686862,3716464773.3467417,1533447122.5407088,3260569443.2541647,501562635.86980563,1175346055.2431493,67467831494.047806,0.00832904577932957,0.06968334563098216,0.6210712689880284,-76057760253.6983,-0.13474511702327394,301958258.48435,0.11952706495232286,0.04326896551724138,0.038349999999999995,3617016066.031219,3935024957.36684,0.036216846629627236,0.019349887330868263,3027502843.074721,1985457355.129154,5012960198.203875,4034473664.6823626,Modeled Funds Transfer Pricing using FRED SOFR and Treasury 2Y curve proxies; calibrated from public EDGAR baselines.,0,0.35,0.55,0.03,0.006,0.095,0.03634999999999999,SOFR,modeled_scenario_calibrated_from_public_data,MODELED/SCENARIO DATA - calibrated from public SEC EDGAR and FRED data; not actual internal bank data,v1_public_calibrated_deterministic,20272
TFC,TRUIST FINANCIAL CORP,0000092230,Base,2027Q3,2027-09-30,6,2026Q1,2026-03-31,567604829521.1809,336445623505.8979,412469800987.6507,0.019000112669131732,0.07948581214686862,3740407023.8455143,1549652901.0508876,3303074324.675012,504668435.2588468,1171030560.3204093,68111898302.22403,0.008252435493251636,0.06877098360256226,0.6243926102103083,-76024177481.7528,-0.13393856698838372,303965961.71978796,0.11999879979823594,0.04326896551724138,0.038349999999999995,3639413520.475868,3954554216.9691005,0.036216846629627236,0.019349887330868263,3046249886.430603,1995311044.1241739,5041560930.554777,4055547720.338747,Modeled Funds Transfer Pricing using FRED SOFR and Treasury 2Y curve proxies; calibrated from public EDGAR baselines.,0,0.35,0.55,0.03,0.006,0.095,0.03634999999999999,SOFR,modeled_scenario_calibrated_from_public_data,MODELED/SCENARIO DATA - calibrated from public SEC EDGAR and FRED data; not actual internal bank data,v1_public_calibrated_deterministic,20273
TFC,TRUIST FINANCIAL CORP,0000092230,Base,2027Q4,2027-12-31,7,2026Q1,2026-03-31,570770695945.9557,338528977681.8286,414516860385.9654,0.019000112669131732,0.07948581214686862,3764501239.0466676,1566029945.4973092,3346133301.009661,507793466.5227429,1166517489.4391425,68753482921.41556,0.008175034196567064,0.06786667030512235,0.6277298049980211,-75987882704.13678,-0.1331320672975331,305986594.9559058,0.12045727541682621,0.04326896551724138,0.038349999999999995,3661949665.475505,3974180398.950443,0.036216846629627236,0.019349887330868263,3065113016.096822,2005213636.30342,5070326652.400242,4076731972.521605,Modeled Funds Transfer Pricing using FRED SOFR and Treasury 2Y curve proxies; calibrated from public EDGAR baselines.,0,0.35,0.55,0.03,0.006,0.095,0.03634999999999999,SOFR,modeled_scenario_calibrated_from_public_data,MODELED/SCENARIO DATA - calibrated from public SEC EDGAR and FRED data; not actual internal bank data,v1_public_calibrated_deterministic,20274
TFC,TRUIST FINANCIAL CORP,0000092230,Base,2028Q1,2028-03-31,8,2026Q1,2026-03-31,573954220272.3167,340625232500.00024,416574079200.00024,0.019000112669131732,0.07948581214686862,3788748373.326013,1582580065.8529356,3389753595.4560876,510937848.75000036,1161803226.0285597,69392474695.73126,0.008096835496582525,0.06696998376972592,0.6310829125120934,-75948846700.0,-0.13232561764937548,308020239.68827707,0.12090245570945973,0.04326896551724138,0.038349999999999995,3684625359.83621,3993903984.330002,0.036216846629627236,0.019349887330868263,3084092950.9084067,2015165374.3700492,5099258325.278456,4098026997.8198047,Modeled Funds Transfer Pricing using FRED SOFR and Treasury 2Y curve proxies; calibrated from public EDGAR baselines.,0,0.35,0.55,0.03,0.006,0.095,0.03634999999999999,SOFR,modeled_scenario_calibrated_from_public_data,MODELED/SCENARIO DATA - calibrated from public SEC EDGAR and FRED data; not actual internal bank data,v1_public_calibrated_deterministic,20281
TFC,TRUIST FINANCIAL CORP,0000092230,Credit Stress,2026Q2,2026-06-30,1,2026Q1,2026-03-31,547942438226.73944,323398412659.3386,399896561320.6476,0.02150011266913173,0.08198581214686862,3639464019.6673727,1450369979.8855844,3084114105.168521,1455292856.9670236,434837359.5597563,64453160547.757866,0.0031743287558962164,0.026986255188373876,0.6059360885717294,-76498148661.30896,-0.13960982636948793,100853336.54483952,0.11762761204688264,0.046268965517241384,0.045099999999999994,3740827500.9163847,4508833728.890301,0.035716846629627236,0.023599887330868263,2887692876.3046236,2359378447.7922335,5247071324.096857,4407470247.641288,Modeled Funds Transfer Pricing using FRED SOFR and Treasury 2Y curve proxies; calibrated from public EDGAR baselines.,50,0.5,0.5,0.045,0.018,0.11,0.04134999999999999,SOFR,modeled_scenario_calibrated_from_public_data,MODELED/SCENARIO DATA - calibrated from public SEC EDGAR and FRED data; not actual internal bank data,v1_public_calibrated_deterministic,20262
TFC,TRUIST FINANCIAL CORP,0000092230,Credit Stress,2026Q3,2026-09-30,2,2026Q1,2026-03-31,546911818588.9415,322586866959.2115,399395750618.3309,0.02150011266913173,0.08198581214686862,3629236566.1754556,1445829037.671694,3112374731.3322916,1451640901.3164515,403729477.2467413,64675211760.243576,0.002952793949769691,0.02496965784934112,0.6132678814975235,-76808883659.11938,-0.1404410748652131,100273228.10211453,0.11825528277503436,0.046268965517241384,0.045099999999999994,3731440155.9126725,4503187088.22168,0.035716846629627236,0.023599887330868263,2880446412.9785304,2356423678.755041,5236870091.733572,4400983498.484463,Modeled Funds Transfer Pricing using FRED SOFR and Treasury 2Y curve proxies; calibrated from public EDGAR baselines.,50,0.5,0.5,0.045,0.018,0.11,0.04134999999999999,SOFR,modeled_scenario_calibrated_from_public_data,MODELED/SCENARIO DATA - calibrated from public SEC EDGAR and FRED data; not actual internal bank data,v1_public_calibrated_deterministic,20263
TFC,TRUIST FINANCIAL CORP,0000092230,Credit Stress,2026Q4,2026-12-31,3,2026Q1,2026-03-31,545883137433.6624,321777357776.26447,398895567106.6025,0.02150011266913173,0.08198581214686862,3619035138.0096064,1441302312.627544,3140894317.756264,1447998109.99319,372441568.0812795,64880054622.68828,0.0027290937751418627,0.02296185292982403,0.6206887086869657,-77118209330.33801,-0.14127237872356824,99694795.53730069,0.11885337753370835,0.046268965517241384,0.045099999999999994,3722076367.794756,4497547519.126943,0.035716846629627236,0.023599887330868263,2873218134.145382,2353472610.124655,5226690744.270037,4394506289.341794,Modeled Funds Transfer Pricing using FRED SOFR and Treasury 2Y curve proxies; calibrated from public EDGAR baselines.,50,0.5,0.5,0.045,0.018,0.11,0.04134999999999999,SOFR,modeled_scenario_calibrated_from_public_data,MODELED/SCENARIO DATA - calibrated from public SEC EDGAR and FRED data; not actual internal bank data,v1_public_calibrated_deterministic,20264
TFC,TRUIST FINANCIAL CORP,0000092230,Credit Stress,2027Q1,2027-03-31,4,2026Q1,2026-03-31,544856391114.82904,320969880000.00006,398396009999.9999,0.02150011266913173,0.08198581214686862,3608859671.310419,1436789760.2408042,3169675237.3679175,1444364460.0000002,340971690.00481176,65067589052.190926,0.002503204114443078,0.020961077241163324,0.6281996560338595,-77426129999.99982,-0.14210373827418715,99118034.72547558,0.11942153953458512,0.046268965517241384,0.045099999999999994,3712736077.448277,4491915012.749998,0.035716846629627236,0.023599887330868263,2866007994.172465,2350525237.2668657,5216533231.439331,4388038606.612141,Modeled Funds Transfer Pricing using FRED SOFR and Treasury 2Y curve proxies; calibrated from public EDGAR baselines.,50,0.5,0.5,0.045,0.018,0.11,0.04134999999999999,SOFR,modeled_scenario_calibrated_from_public_data,MODELED/SCENARIO DATA - calibrated from public SEC EDGAR and FRED data; not actual internal bank data,v1_public_calibrated_deterministic,20271
TFC,TRUIST FINANCIAL CORP,0000092230,Credit Stress,2027Q2,2027-06-30,5,2026Q1,2026-03-31,543831575993.22626,320164428532.7453,397897078514.04425,0.02150011266913173,0.08198581214686862,3598710102.373347,1432291336.1385088,3198719884.8385468,1440739928.3973536,309317883.968005,65237713888.37333,0.002275100583507551,0.018965586960773724,0.6358018227449983,-77732649981.29895,-0.14293515384672545,98542941.55129716,0.11995940796417806,0.046268965517241384,0.045099999999999994,3703419225.9072213,4486289560.245849,0.035716846629627236,0.023599887330868263,2858815947.541579,2347581555.5532722,5206397503.094851,4381580436.711973,Modeled Funds Transfer Pricing using FRED SOFR and Treasury 2Y curve proxies; calibrated from public EDGAR baselines.,50,0.5,0.5,0.045,0.018,0.11,0.04134999999999999,SOFR,modeled_scenario_calibrated_from_public_data,MODELED/SCENARIO DATA - calibrated from public SEC EDGAR and FRED data; not actual internal bank data,v1_public_calibrated_deterministic,20272
TFC,TRUIST FINANCIAL CORP,0000092230,Credit Stress,2027Q3,2027-09-30,6,2026Q1,2026-03-31,542808688436.4839,319360998289.61945,397398771865.23914,0.02150011266913173,0.08198581214686862,3588586367.6483293,1427806996.0866182,3228030676.782511,1437124492.3032875,277478173.7728273,65390326883.94839,0.0020447585286232656,0.01697365264836692,0.6434963215043978,-78037773575.61969,-0.1437666257708607,97969511.90898174,0.12046661793918569,0.046268965517241384,0.045099999999999994,3694125754.3535466,4480671152.780571,0.035716846629627236,0.023599887330868263,2851641948.848746,2344641560.361266,5196283509.210012,4375131766.075354,Modeled Funds Transfer Pricing using FRED SOFR and Treasury 2Y curve proxies; calibrated from public EDGAR baselines.,50,0.5,0.5,0.045,0.018,0.11,0.04134999999999999,SOFR,modeled_scenario_calibrated_from_public_data,MODELED/SCENARIO DATA - calibrated from public SEC EDGAR and FRED data; not actual internal bank data,v1_public_calibrated_deterministic,20273
TFC,TRUIST FINANCIAL CORP,0000092230,Credit Stress,2027Q4,2027-12-31,7,2026Q1,2026-03-31,541787724819.0637,318559584198.5019,396901089271.0694,0.02150011266913173,0.08198581214686862,3578488403.739419,1423336695.989584,3257610051.9583035,1433518128.8932583,245450565.91317853,65525324695.20064,0.001812153023549211,0.014983554346654396,0.651284278639571,-78341505072.5675,-0.14459815437629295,97397741.70228222,0.12094280046134966,0.046268965517241384,0.045099999999999994,3684855604.1168094,4475059781.531307,0.035716846629627236,0.023599887330868263,2844485952.803929,2341705247.0740314,5186191199.87796,4368692581.153916,Modeled Funds Transfer Pricing using FRED SOFR and Treasury 2Y curve proxies; calibrated from public EDGAR baselines.,50,0.5,0.5,0.045,0.018,0.11,0.04134999999999999,SOFR,modeled_scenario_calibrated_from_public_data,MODELED/SCENARIO DATA - calibrated from public SEC EDGAR and FRED data; not actual internal bank data,v1_public_calibrated_deterministic,20274
TFC,TRUIST FINANCIAL CORP,0000092230,Credit Stress,2028Q1,2028-03-31,8,2026Q1,2026-03-31,540768681522.24695,317760181200.0001,396404029949.9998,0.02150011266913173,0.08198581214686862,3568416147.4044046,1418880391.889917,3287460471.471463,1429920815.4000003,213233049.41405746,65642602872.37837,0.0015772588664995399,0.012993576737267584,0.6591668342898702,-78643848749.9997,-0.1454297399927446,96827626.84446633,0.12138758237181284,0.046268965517241384,0.045099999999999994,3675608716.6737947,4469455437.686248,0.035716846629627236,0.023599887330868263,2837347914.2307415,2338772611.0805316,5176120525.311274,4362262868.416858,Modeled Funds Transfer Pricing using FRED SOFR and Treasury 2Y curve proxies; calibrated from public EDGAR baselines.,50,0.5,0.5,0.045,0.018,0.11,0.04134999999999999,SOFR,modeled_scenario_calibrated_from_public_data,MODELED/SCENARIO DATA - calibrated from public SEC EDGAR and FRED data; not actual internal bank data,v1_public_calibrated_deterministic,20281
TFC,TRUIST FINANCIAL CORP,0000092230,Rate Down 100bp,2026Q2,2026-06-30,1,2026Q1,2026-03-31,552710587702.8986,326616703675.20233,402877363044.29205,0.016500112669131733,0.07498581214686861,3313123769.99103,1472816367.5782533,3098221687.7801332,489925055.5128035,946256781.4783139,64734441229.81307,0.006848117640814656,0.05847006715445446,0.6473590556345069,-76260659369.08972,-0.13797575270999243,313477588.25615436,0.11712176801036805,0.03726896551724138,0.024849999999999994,3043166666.6565404,2502875617.912664,0.03771684662962723,0.00834988733086826,3079738029.7980027,840995147.3942869,3920733177.1922894,2772832721.2471538,Modeled Funds Transfer Pricing using FRED SOFR and Treasury 2Y curve proxies; calibrated from public EDGAR baselines.,-100,0.25,0.45,0.028,0.006,0.095,0.02634999999999999,SOFR,modeled_scenario_calibrated_from_public_data,MODELED/SCENARIO DATA - calibrated from public SEC EDGAR and FRED data; not actual internal bank data,v1_public_calibrated_deterministic,20262
TFC,TRUIST FINANCIAL CORP,0000092230,Rate Down 100bp,2026Q3,2026-09-30,2,2026Q1,2026-03-31,556471594806.473,329039243210.16785,405372078915.28503,0.016500112669131733,0.07498581214686861,3338597278.181745,1490927558.7353292,3140913563.515573,493558864.81525177,944091402.7831371,65253691501.343796,0.0067862684212046335,0.05787206094010452,0.6503566436818605,-76332835705.11719,-0.13717292386085556,315814906.9361527,0.11726329270056886,0.03726896551724138,0.024849999999999994,3065738052.2547364,2518374040.2612076,0.03771684662962723,0.00834988733086826,3102580667.821629,846202796.5056167,3948783464.3272457,2791233266.1882167,Modeled Funds Transfer Pricing using FRED SOFR and Treasury 2Y curve proxies; calibrated from public EDGAR baselines.,-100,0.25,0.45,0.028,0.006,0.095,0.02634999999999999,SOFR,modeled_scenario_calibrated_from_public_data,MODELED/SCENARIO DATA - calibrated from public SEC EDGAR and FRED data; not actual internal bank data,v1_public_calibrated_deterministic,20263
TFC,TRUIST FINANCIAL CORP,0000092230,Rate Down 100bp,2026Q4,2026-12-31,3,2026Q1,2026-03-31,560258194281.0782,331479750894.7486,407882242681.4637,0.016500112669131733,0.07498581214686861,3364264601.682518,1509261462.8200645,3184193710.98799,497219626.3421229,941769054.466251,65771664481.30023,0.006723821724194334,0.0572750628644351,0.6533654829879288,-76402491786.71509,-0.13637014606230713,318169456.04371583,0.11739527445144868,0.03726896551724138,0.024849999999999994,3088476851.4400373,2533968432.6585927,0.03771684662962723,0.00834988733086826,3125592731.3310685,851442692.6630218,3977035423.99409,2809756182.9010735,Modeled Funds Transfer Pricing using FRED SOFR and Treasury 2Y curve proxies; calibrated from public EDGAR baselines.,-100,0.25,0.45,0.028,0.006,0.095,0.02634999999999999,SOFR,modeled_scenario_calibrated_from_public_data,MODELED/SCENARIO DATA - calibrated from public SEC EDGAR and FRED data; not actual internal bank data,v1_public_calibrated_deterministic,20264
TFC,TRUIST FINANCIAL CORP,0000092230,Rate Down 100bp,2027Q1,2027-03-31,4,2026Q1,2026-03-31,564070560274.0735,333938359999.99994,410407950000.0002,0.016500112669131733,0.07498581214686861,3390127203.4990425,1527820818.528535,3228070236.2744904,500907539.99999994,939286494.1449388,66288272053.07995,0.006660773032994691,0.05667889447429317,0.6563855945235505,-76469590000.00024,-0.1355674190173031,320541361.48981416,0.11751769498637096,0.03726896551724138,0.024849999999999994,3111384305.931034,2549659389.3750005,0.03771684662962723,0.00834988733086826,3148775476.967311,856715035.5481539,4005490512.515465,2828402286.9430084,Modeled Funds Transfer Pricing using FRED SOFR and Treasury 2Y curve proxies; calibrated from public EDGAR baselines.,-100,0.25,0.45,0.028,0.006,0.095,0.02634999999999999,SOFR,modeled_scenario_calibrated_from_public_data,MODELED/SCENARIO DATA - calibrated from public SEC EDGAR and FRED data; not actual internal bank data,v1_public_calibrated_deterministic,20271
TFC,TRUIST FINANCIAL CORP,0000092230,Rate Down 100bp,2027Q2,2027-06-30,5,2026Q1,2026-03-31,567908868117.8313,336415204785.4583,412949297120.39954,0.016500112669131733,0.07498581214686861,3416186557.6137047,1546608398.2345028,3272551357.1496863,504622807.1781875,936640425.3010638,66803424286.99554,0.006597117797475401,0.05608337807817419,0.6594169991434522,-76534092334.94122,-0.1347647424288182,322930750.09921724,0.11763053552658202,0.03726896551724138,0.024849999999999994,3134461666.656236,2565447508.3604813,0.03771684662962723,0.00834988733086826,3172130170.6919417,862020026.079144,4034150196.7710857,2847172399.3179493,Modeled Funds Transfer Pricing using FRED SOFR and Treasury 2Y curve proxies; calibrated from public EDGAR baselines.,-100,0.25,0.45,0.028,0.006,0.095,0.02634999999999999,SOFR,modeled_scenario_calibrated_from_public_data,MODELED/SCENARIO DATA - calibrated from public SEC EDGAR and FRED data; not actual internal bank data,v1_public_calibrated_deterministic,20272
TFC,TRUIST FINANCIAL CORP,0000092230,Rate Down 100bp,2027Q3,2027-09-30,6,2026Q1,2026-03-31,571773294337.8013,338910420506.4728,415506380888.16736,0.016500112669131733,0.07498581214686861,3442444149.067558,1565627008.4035506,3317645404.6248302,508365630.7597092,933827496.4483896,67317029410.04215,0.0065328514339229584,0.05548833658480385,0.6624597175851868,-76595960381.69458,-0.13396211599984592,325337749.6170897,0.11773377678998687,0.03726896551724138,0.024849999999999994,3157710193.8223777,2581333391.267739,0.03771684662962723,0.00834988733086826,3195658087.856276,867357866.4182575,4063015954.2745333,2866067346.512919,Modeled Funds Transfer Pricing using FRED SOFR and Treasury 2Y curve proxies; calibrated from public EDGAR baselines.,-100,0.25,0.45,0.028,0.006,0.095,0.02634999999999999,SOFR,modeled_scenario_calibrated_from_public_data,MODELED/SCENARIO DATA - calibrated from public SEC EDGAR and FRED data; not actual internal bank data,v1_public_calibrated_deterministic,20273
TFC,TRUIST FINANCIAL CORP,0000092230,Rate Down 100bp,2027Q4,2027-12-31,7,2026Q1,2026-03-31,575664016660.6285,341424143421.59094,418079298748.5005,0.016500112669131733,0.07498581214686861,3468901474.0428996,1584879490.0123084,3363360824.508157,512136215.13238645,930844300.2875854,67828993775.200325,0.0064679693247969424,0.054893593342846915,0.6655137704680735,-76655155326.90955,-0.1331595394333985,327762488.71563494,0.11782739898990001,0.03726896551724138,0.024849999999999994,3181131156.9832373,2597317643.4750586,0.03771684662962723,0.00834988733086826,3219360513.270999,872728759.9795976,4092089273.2505965,2885087960.534721,Modeled Funds Transfer Pricing using FRED SOFR and Treasury 2Y curve proxies; calibrated from public EDGAR baselines.,-100,0.25,0.45,0.028,0.006,0.095,0.02634999999999999,SOFR,modeled_scenario_calibrated_from_public_data,MODELED/SCENARIO DATA - calibrated from public SEC EDGAR and FRED data; not actual internal bank data,v1_public_calibrated_deterministic,20274
TFC,TRUIST FINANCIAL CORP,0000092230,Rate Down 100bp,2028Q1,2028-03-31,8,2026Q1,2026-03-31,579581214022.3274,343956510799.9998,420668148750.0004,0.016500112669131733,0.07498581214686861,3495560039.9464674,1604368718.9728336,3409706178.9867215,515934766.19999975,927687372.848738,68339221830.26713,0.006402466818484565,0.054298971981438016,0.6685791782921404,-76711637950.00061,-0.13235701243250686,330205097.0007861,0.11791138183377088,0.03726896551724138,0.024849999999999994,3204725835.108964,2613400874.109377,0.03771684662962723,0.00834988733086826,3243238741.276329,878132911.4368582,4121371652.713187,2904235078.9468794,Modeled Funds Transfer Pricing using FRED SOFR and Treasury 2Y curve proxies; calibrated from public EDGAR baselines.,-100,0.25,0.45,0.028,0.006,0.095,0.02634999999999999,SOFR,modeled_scenario_calibrated_from_public_data,MODELED/SCENARIO DATA - calibrated from public SEC EDGAR and FRED data; not actual internal bank data,v1_public_calibrated_deterministic,20281
TFC,TRUIST FINANCIAL CORP,0000092230,Rate Up 100bp,2026Q2,2026-06-30,1,2026Q1,2026-03-31,551360850980.0945,325821041971.21155,401891119752.6346,0.023500112669131733,0.08598581214686862,3892454603.6958804,1467779995.9975731,3094406990.4480543,570186823.4496202,1339556220.7786655,64950755921.42827,0.00971818161117157,0.08249672859229804,0.5772894698722739,-76070077781.42303,-0.13796786196590036,274679016.36427736,0.1178008119473342,0.04926896551724138,0.05184999999999999,4013216420.4178195,5209513639.793525,0.036716846629627244,0.02834988733086826,2990780306.690579,2848391991.065918,5839172297.756496,5088751823.071585,Modeled Funds Transfer Pricing using FRED SOFR and Treasury 2Y curve proxies; calibrated from public EDGAR baselines.,100,0.45,0.65,0.033,0.007,0.1,0.046349999999999995,SOFR,modeled_scenario_calibrated_from_public_data,MODELED/SCENARIO DATA - calibrated from public SEC EDGAR and FRED data; not actual internal bank data,v1_public_calibrated_deterministic,20262
TFC,TRUIST FINANCIAL CORP,0000092230,Rate Up 100bp,2026Q3,2026-09-30,2,2026Q1,2026-03-31,553757070893.017,327438069507.62463,403389807481.62195,0.023500112669131733,0.08598581214686862,3912949336.9053903,1480748385.1809554,3133183801.361046,573016621.6383431,1333122866.2786958,65683973497.88155,0.009629658464704269,0.08118405725388655,0.5808971808952419,-75951737973.99731,-0.13715714338692536,276302455.7452836,0.11861514182014185,0.04926896551724138,0.05184999999999999,4033133738.900811,5228940379.480524,0.036716846629627244,0.02834988733086826,3005623344.70317,2859013898.1311555,5864637242.834326,5108755977.485104,Modeled Funds Transfer Pricing using FRED SOFR and Treasury 2Y curve proxies; calibrated from public EDGAR baselines.,100,0.45,0.65,0.033,0.007,0.1,0.046349999999999995,SOFR,modeled_scenario_calibrated_from_public_data,MODELED/SCENARIO DATA - calibrated from public SEC EDGAR and FRED data; not actual internal bank data,v1_public_calibrated_deterministic,20263
TFC,TRUIST FINANCIAL CORP,0000092230,Rate Up 100bp,2026Q4,2026-12-31,3,2026Q1,2026-03-31,556163704802.2557,329063122241.0529,404894083950.4411,0.023500112669131733,0.08598581214686862,3933549100.9819164,1493831354.968018,3172446534.4779444,575860463.9218426,1326468031.4646163,66413530915.187096,0.009540126549151514,0.0798914325551263,0.5845262848673252,-75830961709.38818,-0.13634647686394766,277934738.9385173,0.11941363728292996,0.04926896551724138,0.05184999999999999,4053149905.6725554,5248439563.207592,0.036716846629627244,0.02834988733086826,3020540047.6977553,2869675415.23253,5890215462.930285,5128838758.516953,Modeled Funds Transfer Pricing using FRED SOFR and Treasury 2Y curve proxies; calibrated from public EDGAR baselines.,100,0.45,0.65,0.033,0.007,0.1,0.046349999999999995,SOFR,modeled_scenario_calibrated_from_public_data,MODELED/SCENARIO DATA - calibrated from public SEC EDGAR and FRED data; not actual internal bank data,v1_public_calibrated_deterministic,20264
TFC,TRUIST FINANCIAL CORP,0000092230,Rate Up 100bp,2027Q1,2027-03-31,4,2026Q1,2026-03-31,558580797967.1456,330696240000.00006,406403970000.0,0.023500112669131733,0.08598581214686862,3954254424.8996887,1507029917.7215574,3212201279.0150266,578718420.0000001,1319588068.4489136,67139304352.834,0.009449577022706953,0.0786179172494338,0.588176897135019,-75707729999.99994,-0.13553586209107904,279575911.9712525,0.12019622693292613,0.04926896551724138,0.05184999999999999,4073265411.3103456,5268011461.124999,0.036716846629627244,0.02834988733086826,3035530781.2686014,2880376690.079391,5915907471.347992,5149000474.714342,Modeled Funds Transfer Pricing using FRED SOFR and Treasury 2Y curve proxies; calibrated from public EDGAR baselines.,100,0.45,0.65,0.033,0.007,0.1,0.046349999999999995,SOFR,modeled_scenario_calibrated_from_public_data,MODELED/SCENARIO DATA - calibrated from public SEC EDGAR and FRED data; not actual internal bank data,v1_public_calibrated_deterministic,20271
TFC,TRUIST FINANCIAL CORP,0000092230,Rate Up 100bp,2027Q2,2027-06-30,5,2026Q1,2026-03-31,561008395843.719,332337462810.63586,407919486548.9241,0.023500112669131733,0.08598581214686862,3975065840.2667246,1520345094.7489774,3252454200.4941115,581590559.9186127,1312479277.9363527,67861167955.69899,0.009358000968684057,0.07736261060482562,0.5918491335689018,-75582023738.28821,-0.13472529876245062,281226021.10369146,0.12096283845028798,0.04926896551724138,0.05184999999999999,4093480748.826177,5287656344.390428,0.036716846629627244,0.02834988733086826,3050595912.824391,2891117870.931907,5941713783.756298,5169241435.830976,Modeled Funds Transfer Pricing using FRED SOFR and Treasury 2Y curve proxies; calibrated from public EDGAR baselines.,100,0.45,0.65,0.033,0.007,0.1,0.046349999999999995,SOFR,modeled_scenario_calibrated_from_public_data,MODELED/SCENARIO DATA - calibrated from public SEC EDGAR and FRED data; not actual internal bank data,v1_public_calibrated_deterministic,20272
TFC,TRUIST FINANCIAL CORP,0000092230,Rate Up 100bp,2027Q3,2027-09-30,6,2026Q1,2026-03-31,563446544085.5605,333986830897.7772,409440654593.84625,0.023500112669131733,0.08598581214686862,3995983881.3378553,1533777916.3813162,3293211541.6987543,584476954.0711101,1305137908.5399525,68578993805.395966,0.009265389394893615,0.0761246461121021,0.5955431105652844,-75453823696.06903,-0.13391478657221334,282885112.8301214,0.12171339859168982,0.04926896551724138,0.05184999999999999,4113796413.6788282,5307374485.172731,0.036716846629627244,0.02834988733086826,3065735811.597234,2901899106.603122,5967634918.200356,5189561952.831758,Modeled Funds Transfer Pricing using FRED SOFR and Treasury 2Y curve proxies; calibrated from public EDGAR baselines.,100,0.45,0.65,0.033,0.007,0.1,0.046349999999999995,SOFR,modeled_scenario_calibrated_from_public_data,MODELED/SCENARIO DATA - calibrated from public SEC EDGAR and FRED data; not actual internal bank data,v1_public_calibrated_deterministic,20273
TFC,TRUIST FINANCIAL CORP,0000092230,Rate Up 100bp,2027Q4,2027-12-31,7,2026Q1,2026-03-31,565895288544.666,335644384685.8741,410967495209.6977,0.023500112669131733,0.08598581214686862,4017009085.0277915,1547329422.052976,3334479623.6424437,587377673.2002797,1297560156.0880551,69292651891.2444,0.009171733233015874,0.07490318933814745,0.5992589450478669,-75323110523.82361,-0.13310432521453722,284553233.8800785,0.12244783318385084,0.04926896551724138,0.05184999999999999,4134212903.786008,5327166156.655705,0.036716846629627244,0.02834988733086826,3080950848.6517115,2912720546.4610176,5993671395.112729,5209962337.89749,Modeled Funds Transfer Pricing using FRED SOFR and Treasury 2Y curve proxies; calibrated from public EDGAR baselines.,100,0.45,0.65,0.033,0.007,0.1,0.046349999999999995,SOFR,modeled_scenario_calibrated_from_public_data,MODELED/SCENARIO DATA - calibrated from public SEC EDGAR and FRED data; not actual internal bank data,v1_public_calibrated_deterministic,20274
TFC,TRUIST FINANCIAL CORP,0000092230,Rate Up 100bp,2028Q1,2028-03-31,8,2026Q1,2026-03-31,568354675272.3042,337310164800.0002,412500029549.99994,0.023500112669131733,0.08598581214686862,4038141990.9242783,1561000660.3821526,3376264846.5489125,590292788.4000003,1289742162.9224393,70002010080.85175,0.009077023337967697,0.07369743591264295,0.6029967544693898,-75189864749.99976,-0.1322939143836119,286230431.2195164,0.1231660671170042,0.04926896551724138,0.05184999999999999,4154730719.536554,5347031633.041874,0.036716846629627244,0.02834988733086826,3096241396.893975,2923582340.430582,6019823737.324556,5230442904.429598,Modeled Funds Transfer Pricing using FRED SOFR and Treasury 2Y curve proxies; calibrated from public EDGAR baselines.,100,0.45,0.65,0.033,0.007,0.1,0.046349999999999995,SOFR,modeled_scenario_calibrated_from_public_data,MODELED/SCENARIO DATA - calibrated from public SEC EDGAR and FRED data; not actual internal bank data,v1_public_calibrated_deterministic,20281
USB,US BANCORP DE,0000036104,Base,2026Q2,2026-06-30,1,2026Q1,2026-03-31,704907878698.3656,394578289396.5982,530799311272.4716,0.020020099988775953,0.0842134603069701,4291050207.643694,2945503759.533485,4421436009.070535,591867434.0948973,1756367913.9692805,69019292673.05373,0.009966510331605137,0.10178996891719788,0.6109863934028311,-136221021875.87341,-0.19324655886583333,349634141.1959564,0.0979125,0.04326896551724138,0.038349999999999995,4268248599.4383745,5089038396.824821,0.040944494789728725,0.018329900011224042,4038952178.584772,2432374575.4127483,6471326753.99752,5111840005.030142,Modeled Funds Transfer Pricing using FRED SOFR and Treasury 2Y curve proxies; calibrated from public EDGAR baselines.,0,0.35,0.55,0.03,0.006,0.095,0.03634999999999999,SOFR,modeled_scenario_calibrated_from_public_data,MODELED/SCENARIO DATA - calibrated from public SEC EDGAR and FRED data; not actual internal bank data,v1_public_calibrated_deterministic,20262
USB,US BANCORP DE,0000036104,Base,2026Q3,2026-09-30,2,2026Q1,2026-03-31,708839565092.9528,397021615359.29004,533433631933.4206,0.020020099988775953,0.0842134603069701,4319281329.468017,2976632437.4163003,4479073981.990949,595532423.0389351,1754832815.8650026,69984450721.77948,0.009902566968788684,0.10029844045451031,0.6139154224000257,-136412016574.13055,-0.19244413445832745,351990999.1942357,0.09873101639381848,0.04326896551724138,0.038349999999999995,4294678646.145148,5114294946.16167,0.040944494789728725,0.018329900011224042,4063962365.3720336,2444446283.9909225,6508408649.362956,5138897629.484538,Modeled Funds Transfer Pricing using FRED SOFR and Treasury 2Y curve proxies; calibrated from public EDGAR baselines.,0,0.35,0.55,0.03,0.006,0.095,0.03634999999999999,SOFR,modeled_scenario_calibrated_from_public_data,MODELED/SCENARIO DATA - calibrated from public SEC EDGAR and FRED data; not actual internal bank data,v1_public_calibrated_deterministic,20263
USB,US BANCORP DE,0000036104,Base,2026Q4,2026-12-31,3,2026Q1,2026-03-31,712793180818.127,399480070998.1967,536081026547.55176,0.020020099988775953,0.0842134603069701,4347694516.097117,3008090089.4460993,4537463325.261529,599220106.4972951,1753089927.28967,70948650181.7888,0.009837860262790479,0.09883711235085092,0.6168564699192197,-136600955549.35504,-0.1916417822524168,354363170.48585176,0.09953609558996572,0.04326896551724138,0.038349999999999995,4321272354.211528,5139676842.024652,0.040944494789728725,0.018329900011224042,4089127421.396532,2456577903.632741,6545705325.029273,5166099003.910241,Modeled Funds Transfer Pricing using FRED SOFR and Treasury 2Y curve proxies; calibrated from public EDGAR baselines.,0,0.35,0.55,0.03,0.006,0.095,0.03634999999999999,SOFR,modeled_scenario_calibrated_from_public_data,MODELED/SCENARIO DATA - calibrated from public SEC EDGAR and FRED data; not actual internal bank data,v1_public_calibrated_deterministic,20264
USB,US BANCORP DE,0000036104,Base,2027Q1,2027-03-31,4,2026Q1,2026-03-31,716768848186.6802,401953750000.0001,538741560000.0001,0.020020099988775953,0.0842134603069701,4376290925.400223,3039880192.2880273,4596613833.768781,602930625.0000002,1751135060.5463805,71911774465.08931,0.009772383746735058,0.09740463636571763,0.6198095703058192,-136787810000.0,-0.19083950194829624,356750752.1633452,0.10032770627101824,0.04326896551724138,0.038349999999999995,4348030737.068967,5165184706.500001,0.040944494789728725,0.018329900011224042,4114448305.6467323,2468769731.6727157,6583218037.319448,5193444894.831257,Modeled Funds Transfer Pricing using FRED SOFR and Treasury 2Y curve proxies; calibrated from public EDGAR baselines.,0,0.35,0.55,0.03,0.006,0.095,0.03634999999999999,SOFR,modeled_scenario_calibrated_from_public_data,MODELED/SCENARIO DATA - calibrated from public SEC EDGAR and FRED data; not actual internal bank data,v1_public_calibrated_deterministic,20271
USB,US BANCORP DE,0000036104,Base,2027Q2,2027-06-30,5,2026Q1,2026-03-31,720766690193.6147,404442746631.51324,541415297497.9212,0.020020099988775953,0.0842134603069701,4405071722.536926,3072006259.349327,4656535430.085645,606664119.9472699,1748963961.1641376,72873704643.72958,0.009706130901772528,0.09599972828139332,0.6227747579156495,-136972550866.40796,-0.1900372932461875,359153841.92448854,0.10110581639691757,0.04326896551724138,0.038349999999999995,4374954814.424335,5190819164.761319,0.040944494789728725,0.018329900011224042,4139925983.0493927,2481022066.921004,6620948049.970396,5220936072.873911,Modeled Funds Transfer Pricing using FRED SOFR and Treasury 2Y curve proxies; calibrated from public EDGAR baselines.,0,0.35,0.55,0.03,0.006,0.095,0.03634999999999999,SOFR,modeled_scenario_calibrated_from_public_data,MODELED/SCENARIO DATA - calibrated from public SEC EDGAR and FRED data; not actual internal bank data,v1_public_calibrated_deterministic,20272
USB,US BANCORP DE,0000036104,Base,2027Q3,2027-09-30,6,2026Q1,2026-03-31,724786830519.9487,406947155743.2724,544102304572.0892,0.020020099988775953,0.0842134603069701,4434038080.002762,3104471841.1676383,4717238166.136017,610420733.6149086,1746572306.9213853,73834319412.53635,0.009639095156673454,0.09462116375246682,0.6257520671145627,-137155148828.81677,-0.18923515584633926,361572538.0760133,0.10187039320177625,0.04326896551724138,0.038349999999999995,4402045612.298778,5216580845.084905,0.040944494789728725,0.018329900011224042,4165561424.5063353,2493335209.6707416,6658896634.177076,5248573312.788889,Modeled Funds Transfer Pricing using FRED SOFR and Treasury 2Y curve proxies; calibrated from public EDGAR baselines.,0,0.35,0.55,0.03,0.006,0.095,0.03634999999999999,SOFR,modeled_scenario_calibrated_from_public_data,MODELED/SCENARIO DATA - calibrated from public SEC EDGAR and FRED data; not actual internal bank data,v1_public_calibrated_deterministic,20273
USB,US BANCORP DE,0000036104,Base,2027Q4,2027-12-31,7,2026Q1,2026-03-31,728829393536.542,409467072773.15173,546802647078.5029,0.020020099988775953,0.0842134603069701,4463191177.675058,3137280525.8033967,4778732224.880983,614200609.1597276,1743955706.8558176,74793495051.30705,0.009571269887420528,0.09326777445870092,0.6287415322780472,-137335574305.3512,-0.18843308944902684,364006939.5373601,0.10262140319064542,0.04326896551724138,0.038349999999999995,4429304163.066817,5242470378.865147,0.040944494789728725,0.018329900011224042,4191355606.931445,2505709461.705397,6697065068.636843,5276357393.473387,Modeled Funds Transfer Pricing using FRED SOFR and Treasury 2Y curve proxies; calibrated from public EDGAR baselines.,0,0.35,0.55,0.03,0.006,0.095,0.03634999999999999,SOFR,modeled_scenario_calibrated_from_public_data,MODELED/SCENARIO DATA - calibrated from public SEC EDGAR and FRED data; not actual internal bank data,v1_public_calibrated_deterministic,20274
USB,US BANCORP DE,0000036104,Base,2028Q1,2028-03-31,8,2026Q1,2026-03-31,732894504307.944,412002593750.00024,549516391200.00024,0.020020099988775953,0.0842134603069701,4492532202.859076,3170435939.236388,4841027922.027011,618003890.6250004,1741109700.2603273,75751105386.45023,0.009502648416797278,0.09193844453505565,0.6317431877908364,-137513797450.0,-0.18763109375455234,366457145.844451,0.10335881213624369,0.04326896551724138,0.038349999999999995,4456731505.495692,5268488400.630002,0.040944494789728725,0.018329900011224042,4217309513.287902,2518145126.3061705,6735454639.594072,5304289097.993383,Modeled Funds Transfer Pricing using FRED SOFR and Treasury 2Y curve proxies; calibrated from public EDGAR baselines.,0,0.35,0.55,0.03,0.006,0.095,0.03634999999999999,SOFR,modeled_scenario_calibrated_from_public_data,MODELED/SCENARIO DATA - calibrated from public SEC EDGAR and FRED data; not actual internal bank data,v1_public_calibrated_deterministic,20281
USB,US BANCORP DE,0000036104,Credit Stress,2026Q2,2026-06-30,1,2026Q1,2026-03-31,699679499634.8976,391165926999.49304,527516535959.7625,0.022520099988775952,0.08671346030697011,4300367869.28845,2905575021.8492393,4404533272.817224,1760246671.4977186,822518727.9899706,76964744959.83873,0.00470225998285885,0.04274781802598955,0.6112362170166779,-136350608960.26947,-0.19487580961199963,99511114.85564213,0.11,0.046268965517241384,0.045099999999999994,4524710696.964826,5947748942.9463215,0.040444494789728724,0.022579900011224042,3955127074.1126013,2977817659.059677,6932944733.172278,5723406115.269947,Modeled Funds Transfer Pricing using FRED SOFR and Treasury 2Y curve proxies; calibrated from public EDGAR baselines.,50,0.5,0.5,0.045,0.018,0.11,0.04134999999999999,SOFR,modeled_scenario_calibrated_from_public_data,MODELED/SCENARIO DATA - calibrated from public SEC EDGAR and FRED data; not actual internal bank data,v1_public_calibrated_deterministic,20262
USB,US BANCORP DE,0000036104,Credit Stress,2026Q3,2026-09-30,2,2026Q1,2026-03-31,698363479224.3925,390184323461.361,526855900304.419,0.022520099988775952,0.08671346030697011,4287665444.8307676,2896477999.3961263,4444893280.263245,1755829455.5761244,776902359.626145,77392041257.6331,0.004449845289670522,0.0401541216384195,0.6187088711090696,-136671576843.05798,-0.19570264039987662,98817290.23883,0.1108191415501642,0.046268965517241384,0.045099999999999994,4513356251.900468,5940300275.932323,0.040444494789728724,0.022579900011224042,3945201959.3167105,2974088387.2993007,6919290346.616011,5714609468.862622,Modeled Funds Transfer Pricing using FRED SOFR and Treasury 2Y curve proxies; calibrated from public EDGAR baselines.,50,0.5,0.5,0.045,0.018,0.11,0.04134999999999999,SOFR,modeled_scenario_calibrated_from_public_data,MODELED/SCENARIO DATA - calibrated from public SEC EDGAR and FRED data; not actual internal bank data,v1_public_calibrated_deterministic,20263
USB,US BANCORP DE,0000036104,Credit Stress,2026Q4,2026-12-31,3,2026Q1,2026-03-31,697049934103.9619,389205183188.66077,526196091996.54114,0.022520099988775952,0.08671346030697011,4274996143.895027,2887409458.6779156,4485623118.086319,1751423324.3489733,731033736.5087439,77794109812.7129,0.00419501502398658,0.03758812785537037,0.6262732616643427,-136990908807.88037,-0.19652954846624918,98125521.04103802,0.11160478755760166,0.046268965517241384,0.045099999999999994,4502030300.02194,5932860937.261001,0.040444494789728724,0.022579900011224042,3935301750.902301,2970363785.8946867,6905665536.796988,5705826781.134087,Modeled Funds Transfer Pricing using FRED SOFR and Treasury 2Y curve proxies; calibrated from public EDGAR baselines.,50,0.5,0.5,0.045,0.018,0.11,0.04134999999999999,SOFR,modeled_scenario_calibrated_from_public_data,MODELED/SCENARIO DATA - calibrated from public SEC EDGAR and FRED data; not actual internal bank data,v1_public_calibrated_deterministic,20264
USB,US BANCORP DE,0000036104,Credit Stress,2027Q1,2027-03-31,4,2026Q1,2026-03-31,695738859617.8568,388228500000.0,525537109999.9998,0.022520099988775952,0.08671346030697011,4262359883.952112,2878369310.5215592,4526726175.148756,1747028249.9999998,684910067.766683,78170810349.98459,0.003937742204843227,0.03504684496426321,0.6339305205205183,-137308609999.99982,-0.19735653413899903,97435802.16562493,0.11235653905104694,0.046268965517241384,0.045099999999999994,4490732769.827586,5925430915.249997,0.040444494789728724,0.022579900011224042,3925426386.3685503,2966643848.9969115,6892070235.365461,5697058029.374523,Modeled Funds Transfer Pricing using FRED SOFR and Treasury 2Y curve proxies; calibrated from public EDGAR baselines.,50,0.5,0.5,0.045,0.018,0.11,0.04134999999999999,SOFR,modeled_scenario_calibrated_from_public_data,MODELED/SCENARIO DATA - calibrated from public SEC EDGAR and FRED data; not actual internal bank data,v1_public_calibrated_deterministic,20271
USB,US BANCORP DE,0000036104,Credit Stress,2027Q2,2027-06-30,5,2026Q1,2026-03-31,694430251119.085,387254267729.4981,524878953279.96356,0.022520099988775952,0.08671346030697011,4249756582.675211,2869357466.0332003,4568205871.365975,1742644204.7827413,638528538.3221587,78522001046.06178,0.0036779995531194686,0.03252736964497843,0.6416817935645749,-137624685550.46545,-0.1981835977460388,96748128.52780667,0.11307399255652008,0.046268965517241384,0.045099999999999994,4479463589.995177,5918010198.231588,0.040444494789728724,0.022579900011224042,3915575803.371475,2962928570.764378,6878504374.135853,5688303190.911619,Modeled Funds Transfer Pricing using FRED SOFR and Treasury 2Y curve proxies; calibrated from public EDGAR baselines.,50,0.5,0.5,0.045,0.018,0.11,0.04134999999999999,SOFR,modeled_scenario_calibrated_from_public_data,MODELED/SCENARIO DATA - calibrated from public SEC EDGAR and FRED data; not actual internal bank data,v1_public_calibrated_deterministic,20272
USB,US BANCORP DE,0000036104,Credit Stress,2027Q3,2027-09-30,6,2026Q1,2026-03-31,693124103969.3945,386282480226.74744,524221620802.8968,0.022520099988775952,0.08671346030697011,4237186157.9393215,2860373836.597296,4610065657.9910755,1738271161.0203633,591886308.664891,78847538515.82747,0.0034157594882374843,0.03002687565426427,0.6495282409081004,-137939140576.14935,-0.19901073961531163,96062495.05462952,0.11375674004739135,0.046268965517241384,0.045099999999999994,4468222689.381463,5910598774.552661,0.040444494789728724,0.022579900011224042,3905749939.723544,2959217945.362804,6864967885.086348,5679562243.110519,Modeled Funds Transfer Pricing using FRED SOFR and Treasury 2Y curve proxies; calibrated from public EDGAR baselines.,50,0.5,0.5,0.045,0.018,0.11,0.04134999999999999,SOFR,modeled_scenario_calibrated_from_public_data,MODELED/SCENARIO DATA - calibrated from public SEC EDGAR and FRED data; not actual internal bank data,v1_public_calibrated_deterministic,20273
USB,US BANCORP DE,0000036104,Credit Stress,2027Q4,2027-12-31,7,2026Q1,2026-03-31,691820413539.2578,385313131356.77423,523565111536.55835,0.022520099988775952,0.08671346030697011,4224648527.8207693,2851418333.875751,4652309017.901977,1733909091.105484,544980514.6243569,79147277798.87086,0.0031509941248267694,0.027542603095422277,0.6574710370651534,-138251980179.78412,-0.19983796007479174,95378896.68494298,0.11440436889389301,0.046268965517241384,0.045099999999999994,4457009997.021722,5903196632.574695,0.040444494789728724,0.022579900011224042,3895948733.393278,2955511966.965213,6851460700.358491,5670835163.373742,Modeled Funds Transfer Pricing using FRED SOFR and Treasury 2Y curve proxies; calibrated from public EDGAR baselines.,50,0.5,0.5,0.045,0.018,0.11,0.04134999999999999,SOFR,modeled_scenario_calibrated_from_public_data,MODELED/SCENARIO DATA - calibrated from public SEC EDGAR and FRED data; not actual internal bank data,v1_public_calibrated_deterministic,20274
USB,US BANCORP DE,0000036104,Credit Stress,2028Q1,2028-03-31,8,2026Q1,2026-03-31,690519175207.8549,384346215000.00006,522909424449.99976,0.022520099988775952,0.08671346030697011,4212143610.5967035,2842490869.807046,4694939465.891216,1729557967.5000002,497808267.13990104,79421072345.7978,0.002883675269351091,0.025071848185199693,0.6655113711323731,-138563209449.9997,-0.20066525945248434,94697328.36937332,0.11501646181207216,0.046268965517241384,0.045099999999999994,4445825442.129312,5895803760.673746,0.040444494789728724,0.022579900011224042,3886172122.5048647,2951810629.7519264,6837982752.256791,5662121929.141139,Modeled Funds Transfer Pricing using FRED SOFR and Treasury 2Y curve proxies; calibrated from public EDGAR baselines.,50,0.5,0.5,0.045,0.018,0.11,0.04134999999999999,SOFR,modeled_scenario_calibrated_from_public_data,MODELED/SCENARIO DATA - calibrated from public SEC EDGAR and FRED data; not actual internal bank data,v1_public_calibrated_deterministic,20281
USB,US BANCORP DE,0000036104,Rate Down 100bp,2026Q2,2026-06-30,1,2026Q1,2026-03-31,705768052385.9128,395058604697.63794,531448608279.7818,0.017520099988775954,0.0797134603069701,3912109286.400011,2950542626.1950684,4424680814.345513,592587907.0464569,1457852721.0504563,69103514429.23569,0.008262503331637373,0.08438660366794203,0.6447479590542632,-136390003582.14386,-0.19325046397476495,384156316.83721954,0.0979125,0.03726896551724138,0.024849999999999994,3680856378.9414406,3301624478.9381437,0.04244449478972872,0.007329900011224039,4192015722.1815977,973866289.9487433,5165882012.130341,3532877386.3967133,Modeled Funds Transfer Pricing using FRED SOFR and Treasury 2Y curve proxies; calibrated from public EDGAR baselines.,-100,0.25,0.45,0.028,0.006,0.095,0.02634999999999999,SOFR,modeled_scenario_calibrated_from_public_data,MODELED/SCENARIO DATA - calibrated from public SEC EDGAR and FRED data; not actual internal bank data,v1_public_calibrated_deterministic,20262
USB,US BANCORP DE,0000036104,Rate Down 100bp,2026Q3,2026-09-30,2,2026Q1,2026-03-31,710570563351.9705,397988782725.0913,534739468971.6667,0.017520099988775954,0.0797134603069701,3942752891.1456814,2986825385.3335934,4485650603.641116,596983174.087637,1459086154.0129123,69906011813.9428,0.008213603148039083,0.0834884506297581,0.6473194218566718,-136750686246.57538,-0.19245194397229481,387034270.5069553,0.09838011229198064,0.03726896551724138,0.024849999999999994,3708157554.907575,3322068950.9864783,0.04244449478972872,0.007329900011224039,4223108203.6864038,979896709.9043388,5203004913.590742,3556664287.2245846,Modeled Funds Transfer Pricing using FRED SOFR and Treasury 2Y curve proxies; calibrated from public EDGAR baselines.,-100,0.25,0.45,0.028,0.006,0.095,0.02634999999999999,SOFR,modeled_scenario_calibrated_from_public_data,MODELED/SCENARIO DATA - calibrated from public SEC EDGAR and FRED data; not actual internal bank data,v1_public_calibrated_deterministic,20263
USB,US BANCORP DE,0000036104,Rate Down 100bp,2026Q4,2026-12-31,3,2026Q1,2026-03-31,715405753767.744,400940694093.29584,538050707483.5791,0.017520099988775954,0.0797134603069701,3973633108.2638464,3023554312.779947,4547460524.770568,601411041.1399437,1460169525.5552921,70709105052.9982,0.008164147508544278,0.08260149945107406,0.6498983450256373,-137110013390.28326,-0.19165349547188004,389933515.89286304,0.09883776399700842,0.03726896551724138,0.024849999999999994,3735661225.655467,3342640020.2417345,0.04244449478972872,0.007329900011224039,4254431300.3582783,985964471.7057476,5240395772.064026,3580611902.850114,Modeled Funds Transfer Pricing using FRED SOFR and Treasury 2Y curve proxies; calibrated from public EDGAR baselines.,-100,0.25,0.45,0.028,0.006,0.095,0.02634999999999999,SOFR,modeled_scenario_calibrated_from_public_data,MODELED/SCENARIO DATA - calibrated from public SEC EDGAR and FRED data; not actual internal bank data,v1_public_calibrated_deterministic,20264
USB,US BANCORP DE,0000036104,Rate Down 100bp,2027Q1,2027-03-31,4,2026Q1,2026-03-31,720273846005.747,403914499999.9999,541382450000.0002,0.017520099988775954,0.0797134603069701,4004751745.377528,3060734895.0562024,4610122154.311487,605871749.9999999,1461099261.5365727,71512709646.8433,0.008114131977103135,0.08172529156017336,0.6524847316148183,-137467950000.0003,-0.19085511817807066,392854209.00502837,0.09928544545024716,0.03726896551724138,0.024849999999999994,3763368893.1034474,3363338470.6250005,0.04244449478972872,0.007329900011224039,4285986722.6864686,992069806.5828753,5278056529.269344,3604721322.899081,Modeled Funds Transfer Pricing using FRED SOFR and Treasury 2Y curve proxies; calibrated from public EDGAR baselines.,-100,0.25,0.45,0.028,0.006,0.095,0.02634999999999999,SOFR,modeled_scenario_calibrated_from_public_data,MODELED/SCENARIO DATA - calibrated from public SEC EDGAR and FRED data; not actual internal bank data,v1_public_calibrated_deterministic,20271
USB,US BANCORP DE,0000036104,Rate Down 100bp,2027Q2,2027-06-30,5,2026Q1,2026-03-31,725175063951.6616,406910362838.56696,544734823486.77655,0.017520099988775954,0.0797134603069701,4036110623.8083506,3098372686.1520767,4673647228.360684,610365544.2578504,1461871724.5000951,72316739095.31836,0.00806355208373541,0.08085938291953398,0.6550785845746981,-137824460648.2096,-0.19005681179544343,395796506.98811036,0.09972314643755982,0.03726896551724138,0.024849999999999994,3791282070.309683,3384165090.9115987,0.04244449478972872,0.007329900011224039,4317776193.847044,998212947.1974626,5315989141.044506,3628993644.410267,Modeled Funds Transfer Pricing using FRED SOFR and Treasury 2Y curve proxies; calibrated from public EDGAR baselines.,-100,0.25,0.45,0.028,0.006,0.095,0.02634999999999999,SOFR,modeled_scenario_calibrated_from_public_data,MODELED/SCENARIO DATA - calibrated from public SEC EDGAR and FRED data; not actual internal bank data,v1_public_calibrated_deterministic,20272
USB,US BANCORP DE,0000036104,Rate Down 100bp,2027Q3,2027-09-30,6,2026Q1,2026-03-31,730109633014.6362,409928446206.84393,548107955695.95856,0.017520099988775954,0.0797134603069701,4067711578.6797113,3136473308.3545804,4738047644.73225,614892669.3102659,1462483212.6635032,73121104862.28328,0.008012403324278206,0.08000334324367514,0.6576799067524677,-138179509489.11462,-0.18925857602860116,398760568.1295436,0.10015085619452092,0.03726896551724138,0.024849999999999994,3819402281.5548015,3405120674.761142,0.04244449478972872,0.007329900011224039,4349801449.796993,1004394127.651948,5354195577.448941,3653429971.886052,Modeled Funds Transfer Pricing using FRED SOFR and Treasury 2Y curve proxies; calibrated from public EDGAR baselines.,-100,0.25,0.45,0.028,0.006,0.095,0.02634999999999999,SOFR,modeled_scenario_calibrated_from_public_data,MODELED/SCENARIO DATA - calibrated from public SEC EDGAR and FRED data; not actual internal bank data,v1_public_calibrated_deterministic,20273
USB,US BANCORP DE,0000036104,Rate Down 100bp,2027Q4,2027-12-31,7,2026Q1,2026-03-31,735077780137.6514,412968914916.0946,551501975170.6688,0.017520099988775954,0.0797134603069701,4099556459.0207214,3175042453.087864,4803335465.185936,619453372.3741419,1462929958.893321,73925716339.6746,0.00796068116013177,0.07915675525801799,0.6602887008919177,-138533060254.57422,-0.1884604105821732,401746551.8678006,0.10056856340540073,0.03726896551724138,0.024849999999999994,3847731062.42513,3426206020.7477794,0.04244449478972872,0.007329900011224039,4382064239.369025,1010613583.4983916,5392677822.867416,3678031417.3433704,Modeled Funds Transfer Pricing using FRED SOFR and Treasury 2Y curve proxies; calibrated from public EDGAR baselines.,-100,0.25,0.45,0.028,0.006,0.095,0.02634999999999999,SOFR,modeled_scenario_calibrated_from_public_data,MODELED/SCENARIO DATA - calibrated from public SEC EDGAR and FRED data; not actual internal bank data,v1_public_calibrated_deterministic,20274
USB,US BANCORP DE,0000036104,Rate Down 100bp,2028Q1,2028-03-31,8,2026Q1,2026-03-31,740079733807.9573,416031934999.99976,554917011250.0005,0.017520099988775954,0.0797134603069701,4131647127.870927,3214085881.763402,4869522917.686236,624047902.4999996,1463208129.6639936,74730480810.9898,0.007908381018003556,0.07831921399594771,0.6629049696333357,-138885076250.00073,-0.18766231516081472,404754618.8007123,0.100976256202121,0.03726896551724138,0.024849999999999994,3876269959.8965497,3447421932.3906274,0.04244449478972872,0.007329900011224039,4414566324.367062,1016871551.7474475,5431437876.11451,3702799100.3650055,Modeled Funds Transfer Pricing using FRED SOFR and Treasury 2Y curve proxies; calibrated from public EDGAR baselines.,-100,0.25,0.45,0.028,0.006,0.095,0.02634999999999999,SOFR,modeled_scenario_calibrated_from_public_data,MODELED/SCENARIO DATA - calibrated from public SEC EDGAR and FRED data; not actual internal bank data,v1_public_calibrated_deterministic,20281
USB,US BANCORP DE,0000036104,Rate Up 100bp,2026Q2,2026-06-30,1,2026Q1,2026-03-31,704044544497.189,394096213616.4319,530147622737.1441,0.024520099988775954,0.09071346030697011,4601010787.100091,2940453093.4079037,4419232909.128028,689668373.8287559,1921724452.0654566,70404454449.7189,0.010918198100308578,0.10918198100308577,0.5859913909486691,-136051409120.71222,-0.1932426153772369,315195061.06807715,0.1,0.04926896551724138,0.05184999999999999,4854178189.785844,6872038559.730229,0.04144449478972873,0.02732990001122404,4083279617.969508,3622220380.148568,7705499998.118076,6618871157.0444765,Modeled Funds Transfer Pricing using FRED SOFR and Treasury 2Y curve proxies; calibrated from public EDGAR baselines.,100,0.45,0.65,0.033,0.007,0.1,0.046349999999999995,SOFR,modeled_scenario_calibrated_from_public_data,MODELED/SCENARIO DATA - calibrated from public SEC EDGAR and FRED data; not actual internal bank data,v1_public_calibrated_deterministic,20262
USB,US BANCORP DE,0000036104,Rate Up 100bp,2026Q3,2026-09-30,2,2026Q1,2026-03-31,707104329308.007,396052086157.86896,532124590372.6495,0.024520099988775954,0.09071346030697011,4625865070.260806,2966433104.168901,4474611454.816007,693091150.7762707,1915430499.3815691,71457941224.37877,0.010835348731387718,0.10722002154341922,0.5893619233615144,-136072504214.78052,-0.1924362481954326,317115188.59367716,0.10105714003237627,0.04926896551724138,0.05184999999999999,4878269143.985889,6897665002.705468,0.04144449478972873,0.02732990001122404,4103544655.307749,3635727962.0995154,7739272617.407265,6645260928.980386,Modeled Funds Transfer Pricing using FRED SOFR and Treasury 2Y curve proxies; calibrated from public EDGAR baselines.,100,0.45,0.65,0.033,0.007,0.1,0.046349999999999995,SOFR,modeled_scenario_calibrated_from_public_data,MODELED/SCENARIO DATA - calibrated from public SEC EDGAR and FRED data; not actual internal bank data,v1_public_calibrated_deterministic,20263
USB,US BANCORP DE,0000036104,Rate Up 100bp,2026Q4,2026-12-31,3,2026Q1,2026-03-31,710177411974.9929,398017665560.8951,534108930296.2954,0.024520099988775954,0.09071346030697011,4650849007.810048,2992642658.111748,4530683963.321871,696530914.7315664,1908858662.4160042,72507813488.70757,0.010751446780643143,0.10530499103869911,0.5927505597372134,-136091264735.40033,-0.19162995392507984,319045938.06545776,0.1020981690857562,0.04926896551724138,0.05184999999999999,4902479659.943163,6923387008.965729,0.04144449478972873,0.02732990001122404,4123910266.6396275,3649285915.024896,7773196181.664524,6671756356.832614,Modeled Funds Transfer Pricing using FRED SOFR and Treasury 2Y curve proxies; calibrated from public EDGAR baselines.,100,0.45,0.65,0.033,0.007,0.1,0.046349999999999995,SOFR,modeled_scenario_calibrated_from_public_data,MODELED/SCENARIO DATA - calibrated from public SEC EDGAR and FRED data; not actual internal bank data,v1_public_calibrated_deterministic,20264
USB,US BANCORP DE,0000036104,Rate Up 100bp,2027Q1,2027-03-31,4,2026Q1,2026-03-31,713263850290.766,399993000000.0001,536100670000.0,0.024520099988775954,0.09071346030697011,4675963261.387462,3019083783.3369265,4587459130.872414,699987750.0000002,1902004129.44306,73553915759.90125,0.010666482697350762,0.10343455462801936,0.5961573859405458,-136107669999.99988,-0.190823732261932,320987365.25442034,0.10312301083241017,0.04926896551724138,0.05184999999999999,4926810331.034484,6949204934.874999,0.04144449478972873,0.02732990001122404,4144376951.1069937,3662894426.7625537,7807271377.869547,6698357865.227977,Modeled Funds Transfer Pricing using FRED SOFR and Treasury 2Y curve proxies; calibrated from public EDGAR baselines.,100,0.45,0.65,0.033,0.007,0.1,0.046349999999999995,SOFR,modeled_scenario_calibrated_from_public_data,MODELED/SCENARIO DATA - calibrated from public SEC EDGAR and FRED data; not actual internal bank data,v1_public_calibrated_deterministic,20271
USB,US BANCORP DE,0000036104,Rate Up 100bp,2027Q2,2027-06-30,5,2026Q1,2026-03-31,716363702299.1128,401978137888.7606,538099837078.20123,0.024520099988775954,0.09071346030697011,4701208495.960957,3045758525.8639503,4644945762.669079,703461741.3053311,1894862019.101893,74596089870.40729,0.010580446848551833,0.10160650631387026,0.5995824881638513,-136121699189.44061,-0.1900175829017701,322939526.2153178,0.1041315879503624,0.04926896551724138,0.05184999999999999,4951261753.581562,6975119138.126183,0.04144449478972873,0.02732990001122404,4164945210.3288994,3676553685.850796,7841498896.179695,6725065880.505577,Modeled Funds Transfer Pricing using FRED SOFR and Treasury 2Y curve proxies; calibrated from public EDGAR baselines.,100,0.45,0.65,0.033,0.007,0.1,0.046349999999999995,SOFR,modeled_scenario_calibrated_from_public_data,MODELED/SCENARIO DATA - calibrated from public SEC EDGAR and FRED data; not actual internal bank data,v1_public_calibrated_deterministic,20272
USB,US BANCORP DE,0000036104,Rate Up 100bp,2027Q3,2027-09-30,6,2026Q1,2026-03-31,719477026296.0789,403973127881.0264,540106459228.2392,0.024520099988775954,0.09071346030697011,4726585379.843282,3072668949.789685,4703152774.253563,706952973.7917962,1887427379.4542103,75634174929.1071,0.010493329518363228,0.09981875950776593,0.6030259529278478,-136133331347.21277,-0.1892115055404024,324902477.28806967,0.10512382211629112,0.04926896551724138,0.05184999999999999,4975834526.865608,7001129977.74605,0.04144449478972873,0.02732990001122404,4185615548.413904,3690263881.531008,7875879429.944912,6751880830.723725,Modeled Funds Transfer Pricing using FRED SOFR and Treasury 2Y curve proxies; calibrated from public EDGAR baselines.,100,0.45,0.65,0.033,0.007,0.1,0.046349999999999995,SOFR,modeled_scenario_calibrated_from_public_data,MODELED/SCENARIO DATA - calibrated from public SEC EDGAR and FRED data; not actual internal bank data,v1_public_calibrated_deterministic,20273
USB,US BANCORP DE,0000036104,Rate Up 100bp,2027Q4,2027-12-31,7,2026Q1,2026-03-31,722603880831.065,405978018872.1131,542120564250.7398,0.024520099988775954,0.09071346030697011,4752094584.70869,3099817137.44807,4762089192.890511,710461533.0261979,1879695187.0296402,76668007281.9734,0.010405120907282189,0.09806933836777074,0.6064878670824463,-136142545378.62671,-0.18840549987366453,326876275.0991844,0.10609963399836397,0.04926896551724138,0.05184999999999999,5000529253.142028,7027237814.100214,0.04144449478972873,0.02732990001122404,4206388471.9724207,3704025203.7502694,7910413675.722691,6778803145.666877,Modeled Funds Transfer Pricing using FRED SOFR and Treasury 2Y curve proxies; calibrated from public EDGAR baselines.,100,0.45,0.65,0.033,0.007,0.1,0.046349999999999995,SOFR,modeled_scenario_calibrated_from_public_data,MODELED/SCENARIO DATA - calibrated from public SEC EDGAR and FRED data; not actual internal bank data,v1_public_calibrated_deterministic,20274
USB,US BANCORP DE,0000036104,Rate Up 100bp,2028Q1,2028-03-31,8,2026Q1,2026-03-31,725744324707.928,407992860000.00024,544142180049.99994,0.024520099988775954,0.09071346030697011,4777736785.609681,3127205189.5712514,4821764158.967542,713987505.0000005,1871660345.858579,77697420472.19562,0.010315811131485287,0.09635636985031498,0.6099683178075672,-136149320049.9997,-0.18759956559741928,328860976.56318724,0.10705894324900789,0.04926896551724138,0.05184999999999999,5025346537.655175,7053443008.898124,0.04144449478972873,0.02732990001122404,4227264490.129134,3717837843.163992,7945102333.293126,6805833256.85263,Modeled Funds Transfer Pricing using FRED SOFR and Treasury 2Y curve proxies; calibrated from public EDGAR baselines.,100,0.45,0.65,0.033,0.007,0.1,0.046349999999999995,SOFR,modeled_scenario_calibrated_from_public_data,MODELED/SCENARIO DATA - calibrated from public SEC EDGAR and FRED data; not actual internal bank data,v1_public_calibrated_deterministic,20281
WFC,WELLS FARGO & COMPANY/MN,0000072971,Base,2026Q2,2026-06-30,1,2026Q1,2026-03-31,2218054777980.3613,937718851578.684,1462159762700.1855,0.01523891326423734,0.07107827644029363,12171285628.490515,9846093252.163404,15328608297.127726,1406578277.368026,4172931921.8649526,217175288449.00214,0.007525390199180915,0.07685831940948208,0.6962049561038605,-524440911121.5016,-0.23644182115241924,1130267564.159496,0.0979125,0.04326896551724138,0.038349999999999995,10143531163.456316,14018456724.888027,0.02780931092305225,0.023111086735762655,6519328775.489777,8448025274.326532,14967354049.816309,16046211189.922224,Modeled Funds Transfer Pricing using FRED SOFR and Treasury 2Y curve proxies; calibrated from public EDGAR baselines.,0,0.35,0.55,0.03,0.006,0.095,0.03634999999999999,SOFR,modeled_scenario_calibrated_from_public_data,MODELED/SCENARIO DATA - calibrated from public SEC EDGAR and FRED data; not actual internal bank data,v1_public_calibrated_deterministic,20262
WFC,WELLS FARGO & COMPANY/MN,0000072971,Base,2026Q3,2026-09-30,2,2026Q1,2026-03-31,2230426175799.233,943525437691.8518,1469416361551.5586,0.01523891326423734,0.07107827644029363,12247035398.86855,9950148751.756214,15528432496.35281,1415288156.5377777,4150236163.209999,219457918338.76764,0.0074429473761405025,0.07564522974839231,0.6995676744843218,-525890923859.7068,-0.23578046633678126,1137646306.3126411,0.09839281869982935,0.04326896551724138,0.038349999999999995,10206342407.032204,14088029366.375566,0.02780931092305225,0.023111086735762655,6559698065.145418,8489952245.691712,15049650310.837132,16128722358.211914,Modeled Funds Transfer Pricing using FRED SOFR and Treasury 2Y curve proxies; calibrated from public EDGAR baselines.,0,0.35,0.55,0.03,0.006,0.095,0.03634999999999999,SOFR,modeled_scenario_calibrated_from_public_data,MODELED/SCENARIO DATA - calibrated from public SEC EDGAR and FRED data; not actual internal bank data,v1_public_calibrated_deterministic,20263
WFC,WELLS FARGO & COMPANY/MN,0000072971,Base,2026Q4,2026-12-31,3,2026Q1,2026-03-31,2242866576189.868,949367979616.5433,1476708974406.485,0.01523891326423734,0.07107827644029363,12323252153.021223,10055303930.858267,15730861609.85465,1424051969.424815,4126677578.6340194,221727591007.01636,0.007359648803798802,0.07444590111482219,0.7029435478719942,-527340994789.9418,-0.23511919986153476,1145071891.368732,0.0988590196852825,0.04326896551724138,0.038349999999999995,10269542593.300333,14157947292.122173,0.02780931092305225,0.023111086735762655,6600317331.386597,8532087297.746847,15132404629.133444,16211656851.843061,Modeled Funds Transfer Pricing using FRED SOFR and Treasury 2Y curve proxies; calibrated from public EDGAR baselines.,0,0.35,0.55,0.03,0.006,0.095,0.03634999999999999,SOFR,modeled_scenario_calibrated_from_public_data,MODELED/SCENARIO DATA - calibrated from public SEC EDGAR and FRED data; not actual internal bank data,v1_public_calibrated_deterministic,20264
WFC,WELLS FARGO & COMPANY/MN,0000072971,Base,2027Q1,2027-03-31,4,2026Q1,2026-03-31,2255376364020.2485,955246700000.0005,1484037780000.0005,0.01523891326423734,0.07107827644029363,12399938750.1506,10161570411.104437,15935929595.374174,1432870050.0000007,4102240517.54588,223983823291.6666,0.007275487289817232,0.07325958557648221,0.7063326075163893,-528791080000.0,-0.23445802147958156,1152544611.0177174,0.09931106260793274,0.04326896551724138,0.038349999999999995,10333134130.689661,14228212215.750004,0.02780931092305225,0.023111086735762655,6641188122.129908,8574431463.182168,15215619585.312077,16295016835.210945,Modeled Funds Transfer Pricing using FRED SOFR and Treasury 2Y curve proxies; calibrated from public EDGAR baselines.,0,0.35,0.55,0.03,0.006,0.095,0.03634999999999999,SOFR,modeled_scenario_calibrated_from_public_data,MODELED/SCENARIO DATA - calibrated from public SEC EDGAR and FRED data; not actual internal bank data,v1_public_calibrated_deterministic,20271
WFC,WELLS FARGO & COMPANY/MN,0000072971,Base,2027Q2,2027-06-30,5,2026Q1,2026-03-31,2267955926304.991,961161822868.1515,1491402957954.1897,0.01523891326423734,0.07107827644029363,12477098066.878805,10268959936.949387,16143670853.32645,1441742734.3022273,4076909088.797618,226226123290.50528,0.007190455584275514,0.0720855581043982,0.709734884638448,-530241135086.0382,-0.23379693094385653,1160064758.7410274,0.09974890634628794,0.04326896551724138,0.038349999999999995,10397119442.542728,14298825859.385792,0.02780931092305225,0.023111086735762655,6682311994.877024,8616985779.813065,15299297774.690088,16378804483.721865,Modeled Funds Transfer Pricing using FRED SOFR and Treasury 2Y curve proxies; calibrated from public EDGAR baselines.,0,0.35,0.55,0.03,0.006,0.095,0.03634999999999999,SOFR,modeled_scenario_calibrated_from_public_data,MODELED/SCENARIO DATA - calibrated from public SEC EDGAR and FRED data; not actual internal bank data,v1_public_calibrated_deterministic,20272
WFC,WELLS FARGO & COMPANY/MN,0000072971,Base,2027Q3,2027-09-30,6,2026Q1,2026-03-31,2280605652217.322,967113573634.1484,1498804688782.59,0.01523891326423734,0.07107827644029363,12554732997.353798,10377484376.965536,16354120232.571388,1450670360.4512227,4050667157.224413,228453990226.9787,0.007104546379223689,0.07092311503423343,0.7131504104302432,-531691115148.44165,-0.23313592800732746,1167632629.8224647,0.10017250900209951,0.04326896551724138,0.038349999999999995,10461500967.208014,14369789953.703081,0.02780931092305225,0.023111086735762655,6723690516.774054,8659751290.605549,15383441807.379602,16463021983.848866,Modeled Funds Transfer Pricing using FRED SOFR and Treasury 2Y curve proxies; calibrated from public EDGAR baselines.,0,0.35,0.55,0.03,0.006,0.095,0.03634999999999999,SOFR,modeled_scenario_calibrated_from_public_data,MODELED/SCENARIO DATA - calibrated from public SEC EDGAR and FRED data; not actual internal bank data,v1_public_calibrated_deterministic,20273
WFC,WELLS FARGO & COMPANY/MN,0000072971,Base,2027Q4,2027-12-31,7,2026Q1,2026-03-31,2293325933101.1143,973102179106.9573,1506243153894.6152,0.01523891326423734,0.07107827644029363,12632846453.355793,10487155725.154772,16567313036.259687,1459653268.660436,4023498340.136451,230666914314.05374,0.007017752308230759,0.06977157260895153,0.716579216054684,-533140974787.65796,-0.23247501242299493,1175248521.3591654,0.10058182789662959,0.04326896551724138,0.038349999999999995,10526281158.132845,14441106237.964622,0.02780931092305225,0.023111086735762655,6765325264.671263,8702729043.701788,15468054308.37305,16547671533.187572,Modeled Funds Transfer Pricing using FRED SOFR and Treasury 2Y curve proxies; calibrated from public EDGAR baselines.,0,0.35,0.55,0.03,0.006,0.095,0.03634999999999999,SOFR,modeled_scenario_calibrated_from_public_data,MODELED/SCENARIO DATA - calibrated from public SEC EDGAR and FRED data; not actual internal bank data,v1_public_calibrated_deterministic,20274
WFC,WELLS FARGO & COMPANY/MN,0000072971,Base,2028Q1,2028-03-31,8,2026Q1,2026-03-31,2306117162482.9976,979127867500.0009,1513718535600.001,0.01523891326423734,0.07107827644029363,12711441364.4043,10597986102.27402,16783285027.754978,1468691801.2500014,3995386003.76194,232864376616.1228,0.0069300659459298345,0.0686302655961558,0.7200213326452268,-534590668100.0001,-0.2318141839438921,1182912732.2726223,0.10097681956687647,0.04326896551724138,0.038349999999999995,10591462483.956905,14512776460.065008,0.02780931092305225,0.023111086735762655,6807217825.183159,8745920092.445814,15553137917.628973,16632755340.512402,Modeled Funds Transfer Pricing using FRED SOFR and Treasury 2Y curve proxies; calibrated from public EDGAR baselines.,0,0.35,0.55,0.03,0.006,0.095,0.03634999999999999,SOFR,modeled_scenario_calibrated_from_public_data,MODELED/SCENARIO DATA - calibrated from public SEC EDGAR and FRED data; not actual internal bank data,v1_public_calibrated_deterministic,20281
WFC,WELLS FARGO & COMPANY/MN,0000072971,Credit Stress,2026Q2,2026-06-30,1,2026Q1,2026-03-31,2201603222375.3486,929609341668.5542,1453116906256.529,0.01773891326423734,0.07357827644029363,12294558134.187323,9712621321.1201,15270008461.543734,4183242037.5084934,2017603875.4416046,242176354461.28836,0.003665699350248545,0.03332453954771404,0.6938648586273558,-523507564587.97485,-0.23778470128834264,458610189.88347656,0.11,0.046268965517241384,0.045099999999999994,10753015643.54195,16383893118.042362,0.02730931092305225,0.027361086735762655,6346747637.150114,9939714427.321995,16286462064.472109,17925435608.687737,Modeled Funds Transfer Pricing using FRED SOFR and Treasury 2Y curve proxies; calibrated from public EDGAR baselines.,50,0.5,0.5,0.045,0.018,0.11,0.04134999999999999,SOFR,modeled_scenario_calibrated_from_public_data,MODELED/SCENARIO DATA - calibrated from public SEC EDGAR and FRED data; not actual internal bank data,v1_public_calibrated_deterministic,20262
WFC,WELLS FARGO & COMPANY/MN,0000072971,Credit Stress,2026Q3,2026-09-30,2,2026Q1,2026-03-31,2197462248146.4456,927276552036.6403,1451297094413.2683,0.01773891326423734,0.07357827644029363,12262772998.29532,9682212216.701042,15409931948.786345,4172744484.1648808,1866223937.8156571,243202777627.08698,0.0033970530131105783,0.03069412209883913,0.7022074427398469,-524020542376.62805,-0.23846623204500472,456386806.1252943,0.11067438261213723,0.046268965517241384,0.045099999999999994,10726031702.782448,16363374739.509598,0.02730931092305225,0.027361086735762655,6330820917.806112,9927266419.90044,16258087337.706553,17900116035.022476,Modeled Funds Transfer Pricing using FRED SOFR and Treasury 2Y curve proxies; calibrated from public EDGAR baselines.,50,0.5,0.5,0.045,0.018,0.11,0.04134999999999999,SOFR,modeled_scenario_calibrated_from_public_data,MODELED/SCENARIO DATA - calibrated from public SEC EDGAR and FRED data; not actual internal bank data,v1_public_calibrated_deterministic,20263
WFC,WELLS FARGO & COMPANY/MN,0000072971,Credit Stress,2026Q4,2026-12-31,3,2026Q1,2026-03-31,2193329062635.9592,924949616377.167,1449479561612.4788,0.01773891326423734,0.07357827644029363,12231064287.774675,9651898319.703444,15551137595.258362,4162273273.6972513,1713945873.4327796,244145447857.475,0.003125743241413938,0.028080734471581565,0.7106504669502124,-524529945235.31177,-0.23914785709579198,454169583.9323035,0.11131273096069734,0.046268965517241384,0.045099999999999994,10699115476.335196,16342882057.180696,0.02730931092305225,0.027361086735762655,6314934165.450489,9914834001.748566,16229768167.199055,17874830868.62018,Modeled Funds Transfer Pricing using FRED SOFR and Treasury 2Y curve proxies; calibrated from public EDGAR baselines.,50,0.5,0.5,0.045,0.018,0.11,0.04134999999999999,SOFR,modeled_scenario_calibrated_from_public_data,MODELED/SCENARIO DATA - calibrated from public SEC EDGAR and FRED data; not actual internal bank data,v1_public_calibrated_deterministic,20264
WFC,WELLS FARGO & COMPANY/MN,0000072971,Credit Stress,2027Q1,2027-03-31,4,2026Q1,2026-03-31,2189203651194.1643,922628520000.0,1447664305000.0,0.01773891326423734,0.07357827644029363,12199431823.494766,9621679332.04377,15693637149.754236,4151828339.9999995,1560760075.9695973,245003865899.25827,0.002851740312269689,0.025481395083151174,0.7191951426254912,-525035785000.0,-0.23982957671096705,451958508.5448937,0.11191460683231268,0.046268965517241384,0.045099999999999994,10672266794.275864,16322415038.874998,0.02730931092305225,0.027361086735762655,6299087279.788881,9902417153.34314,16201504433.13202,17849580068.0939,Modeled Funds Transfer Pricing using FRED SOFR and Treasury 2Y curve proxies; calibrated from public EDGAR baselines.,50,0.5,0.5,0.045,0.018,0.11,0.04134999999999999,SOFR,modeled_scenario_calibrated_from_public_data,MODELED/SCENARIO DATA - calibrated from public SEC EDGAR and FRED data; not actual internal bank data,v1_public_calibrated_deterministic,20271
WFC,WELLS FARGO & COMPANY/MN,0000072971,Credit Stress,2027Q2,2027-06-30,5,2026Q1,2026-03-31,2185085999198.8904,920313248251.8688,1445851321725.2463,0.01773891326423734,0.07357827644029363,12167875426.742718,9591554956.57177,15837442468.725996,4141409617.133409,1406656854.989515,245777527169.5025,0.0025750141742800644,0.022893172881821737,0.7278426957752729,-525538073473.37756,-0.2405113911608301,449753565.23692185,0.11247956705576392,0.046268965517241384,0.045099999999999994,10645485487.106531,16301973652.45215,0.02730931092305225,0.027361086735762655,6283280160.778614,9890015855.185387,16173296015.964,17824363592.088337,Modeled Funds Transfer Pricing using FRED SOFR and Treasury 2Y curve proxies; calibrated from public EDGAR baselines.,50,0.5,0.5,0.045,0.018,0.11,0.04134999999999999,SOFR,modeled_scenario_calibrated_from_public_data,MODELED/SCENARIO DATA - calibrated from public SEC EDGAR and FRED data; not actual internal bank data,v1_public_calibrated_deterministic,20272
WFC,WELLS FARGO & COMPANY/MN,0000072971,Credit Stress,2027Q3,2027-09-30,6,2026Q1,2026-03-31,2180976092055.4692,918003786516.2739,1444040608941.202,0.01773891326423734,0.07357827644029363,12136394919.222395,9561524897.067516,15982565517.269762,4131017039.323232,1251626435.160563,246465921708.84082,0.0022955344439029826,0.0203131763853204,0.7365943672291897,-526036822424.928,-0.2411933007157188,447554739.31563586,0.11300716344696748,0.046268965517241384,0.045099999999999994,10618771385.754625,16281557865.81205,0.02730931092305225,0.027361086735762655,6267512708.62805,9877630087.800938,16145142796.428988,17799181399.279823,Modeled Funds Transfer Pricing using FRED SOFR and Treasury 2Y curve proxies; calibrated from public EDGAR baselines.,50,0.5,0.5,0.045,0.018,0.11,0.04134999999999999,SOFR,modeled_scenario_calibrated_from_public_data,MODELED/SCENARIO DATA - calibrated from public SEC EDGAR and FRED data; not actual internal bank data,v1_public_calibrated_deterministic,20273
WFC,WELLS FARGO & COMPANY/MN,0000072971,Credit Stress,2027Q4,2027-12-31,7,2026Q1,2026-03-31,2176873915196.6838,915700120213.3954,1442232163804.4163,0.01773891326423734,0.07357827644029363,12104990123.053446,9531588858.238523,16129018370.121279,4120650540.960279,1095658955.4662251,247068534134.34723,0.0020132704017765415,0.0177385430209489,0.7454514128165644,-526532043591.0209,-0.2418753056460084,445362016.1216014,0.11349694275335383,0.046268965517241384,0.045099999999999994,10592124321.571846,16261167646.89479,0.02730931092305225,0.027361086735762655,6251784823.795982,9865259831.739822,16117044655.535805,17774033448.37639,Modeled Funds Transfer Pricing using FRED SOFR and Treasury 2Y curve proxies; calibrated from public EDGAR baselines.,50,0.5,0.5,0.045,0.018,0.11,0.04134999999999999,SOFR,modeled_scenario_calibrated_from_public_data,MODELED/SCENARIO DATA - calibrated from public SEC EDGAR and FRED data; not actual internal bank data,v1_public_calibrated_deterministic,20274
WFC,WELLS FARGO & COMPANY/MN,0000072971,Credit Stress,2028Q1,2028-03-31,8,2026Q1,2026-03-31,2172779454082.7166,913402234800.0001,1440425983475.0,0.01773891326423734,0.07357827644029363,12073660860.770313,9501746545.716835,16276813212.660566,4110310056.6000004,938744468.4089994,247584843591.97217,0.001728190989002719,0.015166428684238535,0.7544151035482446,-527023748674.9999,-0.24255740622211183,443175381.02862686,0.11394844659763004,0.046268965517241384,0.045099999999999994,10565544126.333105,16240802963.680622,0.02730931092305225,0.027361086735762655,6236096406.990995,9852905067.576424,16089001474.56742,17748919698.11783,Modeled Funds Transfer Pricing using FRED SOFR and Treasury 2Y curve proxies; calibrated from public EDGAR baselines.,50,0.5,0.5,0.045,0.018,0.11,0.04134999999999999,SOFR,modeled_scenario_calibrated_from_public_data,MODELED/SCENARIO DATA - calibrated from public SEC EDGAR and FRED data; not actual internal bank data,v1_public_calibrated_deterministic,20281
WFC,WELLS FARGO & COMPANY/MN,0000072971,Rate Down 100bp,2026Q2,2026-06-30,1,2026Q1,2026-03-31,2220761390312.5713,938860325209.1146,1463948340676.7747,0.01273891326423734,0.06657827644029363,10923186129.14514,9862936941.76135,15339857662.482904,1408290487.813672,3190000187.281832,217440299628.97964,0.005745777463886548,0.058682777621718855,0.7379855113026581,-525088015467.66003,-0.23644503986704943,1262913584.9027941,0.0979125,0.03726896551724138,0.024849999999999994,8747588271.431131,9094779066.45446,0.029309310923052244,0.012111086735762654,6879337296.21797,4432501332.653058,11311838628.871029,11270376924.16847,Modeled Funds Transfer Pricing using FRED SOFR and Treasury 2Y curve proxies; calibrated from public EDGAR baselines.,-100,0.25,0.45,0.028,0.006,0.095,0.02634999999999999,SOFR,modeled_scenario_calibrated_from_public_data,MODELED/SCENARIO DATA - calibrated from public SEC EDGAR and FRED data; not actual internal bank data,v1_public_calibrated_deterministic,20262
WFC,WELLS FARGO & COMPANY/MN,0000072971,Rate Down 100bp,2026Q3,2026-09-30,2,2026Q1,2026-03-31,2235872914408.7935,945823919630.4563,1473013469410.2515,0.01273891326423734,0.06657827644029363,11004654789.686995,9984221264.94968,15551232884.504307,1418735879.4456844,3174936759.642479,219186514846.78302,0.005679995028665556,0.05794036666647747,0.7409273771507583,-527189549779.79517,-0.23578690290597037,1272211361.6339011,0.09803174117556678,0.03726896551724138,0.024849999999999994,8812469761.52239,9151096178.711185,0.029309310923052244,0.012111086735762654,6930361834.727255,4459948472.743557,11390310307.470812,11343281206.875792,Modeled Funds Transfer Pricing using FRED SOFR and Treasury 2Y curve proxies; calibrated from public EDGAR baselines.,-100,0.25,0.45,0.028,0.006,0.095,0.02634999999999999,SOFR,modeled_scenario_calibrated_from_public_data,MODELED/SCENARIO DATA - calibrated from public SEC EDGAR and FRED data; not actual internal bank data,v1_public_calibrated_deterministic,20263
WFC,WELLS FARGO & COMPANY/MN,0000072971,Rate Down 100bp,2026Q4,2026-12-31,3,2026Q1,2026-03-31,2251087267274.2417,952839163531.452,1482134731653.8196,0.01273891326423734,0.06657827644029363,11086727278.176542,10106997018.848572,15765520746.621054,1429258745.297178,3159166396.0344386,220924056364.60196,0.005613583163943273,0.05719913798469659,0.7438768441860877,-529295568122.36755,-0.23512885342880196,1281576942.4641871,0.09814104480814319,0.03726896551724138,0.024849999999999994,8877832482.282701,9207762020.399351,0.029309310923052244,0.012111086735762654,6981764825.901089,4487565572.286428,11469330398.187517,11416656816.293188,Modeled Funds Transfer Pricing using FRED SOFR and Treasury 2Y curve proxies; calibrated from public EDGAR baselines.,-100,0.25,0.45,0.028,0.006,0.095,0.02634999999999999,SOFR,modeled_scenario_calibrated_from_public_data,MODELED/SCENARIO DATA - calibrated from public SEC EDGAR and FRED data; not actual internal bank data,v1_public_calibrated_deterministic,20264
WFC,WELLS FARGO & COMPANY/MN,0000072971,Rate Down 100bp,2027Q1,2027-03-31,4,2026Q1,2026-03-31,2266405148623.6313,959906439999.9998,1491312475000.0005,0.01273891326423734,0.06657827644029363,11169408048.661177,10231282543.549353,15982761383.49152,1439859659.9999998,3142674943.4880176,222652527583.52036,0.005546536894158642,0.056458823577633134,0.7468339077482369,-531406035000.00073,-0.2344708911920356,1291010818.170677,0.09824039083159308,0.03726896551724138,0.024849999999999994,8943680003.034481,9264778750.9375,0.029309310923052244,0.012111086735762654,7033549076.750048,4515353683.712469,11548902760.462517,11490506796.564196,Modeled Funds Transfer Pricing using FRED SOFR and Treasury 2Y curve proxies; calibrated from public EDGAR baselines.,-100,0.25,0.45,0.028,0.006,0.095,0.02634999999999999,SOFR,modeled_scenario_calibrated_from_public_data,MODELED/SCENARIO DATA - calibrated from public SEC EDGAR and FRED data; not actual internal bank data,v1_public_calibrated_deterministic,20271
WFC,WELLS FARGO & COMPANY/MN,0000072971,Rate Down 100bp,2027Q2,2027-06-30,5,2026Q1,2026-03-31,2281827262932.9976,967026134965.3878,1500547049193.6946,0.01273891326423734,0.06657827644029363,11252701587.922888,10357096404.671064,16202995482.808695,1450539202.4480817,3125448012.7963686,224371523990.55835,0.005478851205904174,0.055719156463507176,0.7497985630574492,-533520914228.30676,-0.23381301595219514,1300513483.0616608,0.09832975862605718,0.03726896551724138,0.024849999999999994,9010015919.574062,9322148543.115826,0.029309310923052244,0.012111086735762654,7085717415.104509,4543313865.969387,11629031281.073896,11564834211.464651,Modeled Funds Transfer Pricing using FRED SOFR and Treasury 2Y curve proxies; calibrated from public EDGAR baselines.,-100,0.25,0.45,0.028,0.006,0.095,0.02634999999999999,SOFR,modeled_scenario_calibrated_from_public_data,MODELED/SCENARIO DATA - calibrated from public SEC EDGAR and FRED data; not actual internal bank data,v1_public_calibrated_deterministic,20272
WFC,WELLS FARGO & COMPANY/MN,0000072971,Rate Down 100bp,2027Q3,2027-09-30,6,2026Q1,2026-03-31,2297354319472.095,974198637219.3698,1509838806145.5083,0.01273891326423734,0.06657827644029363,11336612415.718145,10484457396.133766,16426264292.920727,1461297955.8290546,3107470974.850684,226080633026.72623,0.005410521047645353,0.054979870380729746,0.7527708052150107,-535640168926.13855,-0.23315522746583658,1310085435.0019832,0.09840912701645294,0.03726896551724138,0.024849999999999994,9076843854.36806,9379873583.178968,0.029309310923052244,0.012111086735762654,7138272689.769072,4571447184.562147,11709719874.331219,11639642144.529055,Modeled Funds Transfer Pricing using FRED SOFR and Treasury 2Y curve proxies; calibrated from public EDGAR baselines.,-100,0.25,0.45,0.028,0.006,0.095,0.02634999999999999,SOFR,modeled_scenario_calibrated_from_public_data,MODELED/SCENARIO DATA - calibrated from public SEC EDGAR and FRED data; not actual internal bank data,v1_public_calibrated_deterministic,20273
WFC,WELLS FARGO & COMPANY/MN,0000072971,Rate Down 100bp,2027Q4,2027-12-31,7,2026Q1,2026-03-31,2312987032337.0176,981424338437.3954,1519188099945.1655,0.01273891326423734,0.06657827644029363,11421145085.019587,10613384542.965942,16652609630.55643,1472136507.6560931,3088728956.9206724,227779433953.0326,0.0053415413294381564,0.05424069949278316,0.7557506292036456,-537763761507.77014,-0.2324975254895482,1319727175.4385107,0.09847847427094594,0.03726896551724138,0.024849999999999994,9144167456.75118,9437956070.909338,0.029309310923052244,0.012111086735762654,7191217770.67812,4599754711.593591,11790972482.27171,11714933699.177744,Modeled Funds Transfer Pricing using FRED SOFR and Treasury 2Y curve proxies; calibrated from public EDGAR baselines.,-100,0.25,0.45,0.028,0.006,0.095,0.02634999999999999,SOFR,modeled_scenario_calibrated_from_public_data,MODELED/SCENARIO DATA - calibrated from public SEC EDGAR and FRED data; not actual internal bank data,v1_public_calibrated_deterministic,20274
WFC,WELLS FARGO & COMPANY/MN,0000072971,Rate Down 100bp,2028Q1,2028-03-31,8,2026Q1,2026-03-31,2328726120483.0386,988703633199.9995,1528595286875.001,0.01273891326423734,0.06657827644029363,11506304182.259462,10743897104.14645,16882073888.657303,1483055449.7999992,3069206838.8794036,229467497714.41626,0.005271906922644506,0.053501378094063405,0.7587380298879207,-539891653675.00146,-0.23183990977995036,1329439209.4257832,0.09853777809939226,0.03726896551724138,0.024849999999999994,9211990403.125513,9496398219.710941,0.029309310923052244,0.012111086735762654,7244555549.052547,4628237525.805284,11872793074.85783,11790711998.844889,Modeled Funds Transfer Pricing using FRED SOFR and Treasury 2Y curve proxies; calibrated from public EDGAR baselines.,-100,0.25,0.45,0.028,0.006,0.095,0.02634999999999999,SOFR,modeled_scenario_calibrated_from_public_data,MODELED/SCENARIO DATA - calibrated from public SEC EDGAR and FRED data; not actual internal bank data,v1_public_calibrated_deterministic,20281
WFC,WELLS FARGO & COMPANY/MN,0000072971,Rate Up 100bp,2026Q2,2026-06-30,1,2026Q1,2026-03-31,2215338220813.4165,936573194153.7842,1460364596930.5,0.01973891326423734,0.07757827644029364,13154357919.695232,9829210119.864874,15320970403.92089,1639003089.7691224,4758639691.237372,221533822081.34167,0.008592168268536655,0.08592168268536655,0.6666053929289791,-523791402776.7158,-0.23643857080405212,997940667.2802651,0.1,0.04926896551724138,0.05184999999999999,11535998101.783852,18929976087.711605,0.028309310923052257,0.032111086735762656,6628435438.873917,11723473559.46809,18351908998.342007,20548335905.622982,Modeled Funds Transfer Pricing using FRED SOFR and Treasury 2Y curve proxies; calibrated from public EDGAR baselines.,100,0.45,0.65,0.033,0.007,0.1,0.046349999999999995,SOFR,modeled_scenario_calibrated_from_public_data,MODELED/SCENARIO DATA - calibrated from public SEC EDGAR and FRED data; not actual internal bank data,v1_public_calibrated_deterministic,20262
WFC,WELLS FARGO & COMPANY/MN,0000072971,Rate Up 100bp,2026Q3,2026-09-30,2,2026Q1,2026-03-31,2224966103440.8013,941221342829.6664,1465810426394.496,0.01973891326423734,0.07757827644029364,13220856426.236937,9916054893.977642,15512961429.726568,1647137349.9519162,4721681907.023514,224130747130.20462,0.00848854622948487,0.08426656257529075,0.6704854081440417,-524589083564.8297,-0.23577396651282836,1003724617.9391426,0.10073445468836463,0.04926896551724138,0.05184999999999999,11593250470.991615,19000567652.138653,0.028309310923052257,0.032111086735762656,6661331910.394447,11767191435.034725,18428523345.429173,20628173607.383972,Modeled Funds Transfer Pricing using FRED SOFR and Treasury 2Y curve proxies; calibrated from public EDGAR baselines.,100,0.45,0.65,0.033,0.007,0.1,0.046349999999999995,SOFR,modeled_scenario_calibrated_from_public_data,MODELED/SCENARIO DATA - calibrated from public SEC EDGAR and FRED data; not actual internal bank data,v1_public_calibrated_deterministic,20263
WFC,WELLS FARGO & COMPANY/MN,0000072971,Rate Up 100bp,2026Q4,2026-12-31,3,2026Q1,2026-03-31,2234635828944.8247,945892559949.369,1471276563840.9053,0.01973891326423734,0.07757827644029364,13287684752.326406,10003666974.384474,15707358344.520874,1655311979.9113958,4683658307.800102,226706759199.4947,0.00838375228237826,0.08263817672376733,0.6743858634236086,-525384003891.53625,-0.2351094514311166,1009539635.9677298,0.1014513220736032,0.04926896551724138,0.05184999999999999,11650786979.79016,19071422458.78773,0.028309310923052257,0.032111086735762656,6694391644.852133,11811072338.447536,18505463983.299667,20708320231.323975,Modeled Funds Transfer Pricing using FRED SOFR and Treasury 2Y curve proxies; calibrated from public EDGAR baselines.,100,0.45,0.65,0.033,0.007,0.1,0.046349999999999995,SOFR,modeled_scenario_calibrated_from_public_data,MODELED/SCENARIO DATA - calibrated from public SEC EDGAR and FRED data; not actual internal bank data,v1_public_calibrated_deterministic,20264
WFC,WELLS FARGO & COMPANY/MN,0000072971,Rate Up 100bp,2027Q1,2027-03-31,4,2026Q1,2026-03-31,2244347579175.058,950586960000.0004,1476763084999.9998,0.01973891326423734,0.07757827644029364,13354844513.47575,10092053140.525532,15904191297.118328,1663527180.0000007,4644551549.737533,229261262551.85034,0.00827777585403185,0.08103508631227412,0.678306850305385,-526176124999.9994,-0.2344450253081579,1015385881.1531763,0.10215051566839686,0.04926896551724138,0.05184999999999999,11708609038.344831,19142541489.312496,0.028309310923052257,0.032111086735762656,6727615452.509764,11855116877.65186,18582732330.16162,20788776964.44341,Modeled Funds Transfer Pricing using FRED SOFR and Treasury 2Y curve proxies; calibrated from public EDGAR baselines.,100,0.45,0.65,0.033,0.007,0.1,0.046349999999999995,SOFR,modeled_scenario_calibrated_from_public_data,MODELED/SCENARIO DATA - calibrated from public SEC EDGAR and FRED data; not actual internal bank data,v1_public_calibrated_deterministic,20271
WFC,WELLS FARGO & COMPANY/MN,0000072971,Rate Up 100bp,2027Q2,2027-06-30,5,2026Q1,2026-03-31,2254101536771.392,955304658036.8602,1482270065884.4573,0.01973891326423734,0.07757827644029364,13422337333.045626,10181220231.73988,16103490814.135998,1671783151.5645053,4604344043.277153,231793651775.65277,0.008170606280446574,0.07945591275698234,0.6822484606371809,-526965407847.59705,-0.2337806878932274,1021263514.0825989,0.10283194789337521,0.04926896551724138,0.05184999999999999,11766718063.819534,19213925729.027275,0.028309310923052257,0.032111086735762656,6761004147.651398,11899325662.860107,18660329810.511505,20869544998.253365,Modeled Funds Transfer Pricing using FRED SOFR and Treasury 2Y curve proxies; calibrated from public EDGAR baselines.,100,0.45,0.65,0.033,0.007,0.1,0.046349999999999995,SOFR,modeled_scenario_calibrated_from_public_data,MODELED/SCENARIO DATA - calibrated from public SEC EDGAR and FRED data; not actual internal bank data,v1_public_calibrated_deterministic,20272
WFC,WELLS FARGO & COMPANY/MN,0000072971,Rate Up 100bp,2027Q3,2027-09-30,6,2026Q1,2026-03-31,2263897885167.473,960045769686.26,1487797582790.4133,0.01973891326423734,0.07757827644029364,13490164842.283209,10271175147.794712,16305287804.727865,1680080096.9509552,4563017949.835288,234303311648.0622,0.008062232806048557,0.07789933343646833,0.6862107865775459,-527751813104.1533,-0.2331164389356336,1027172696.1470188,0.10349553006925022,0.04926896551724138,0.05184999999999999,11825115480.411451,19285576166.92073,0.028309310923052257,0.032111086735762656,6794558548.602339,11943699306.560246,18738257855.162582,20950625528.79249,Modeled Funds Transfer Pricing using FRED SOFR and Treasury 2Y curve proxies; calibrated from public EDGAR baselines.,100,0.45,0.65,0.033,0.007,0.1,0.046349999999999995,SOFR,modeled_scenario_calibrated_from_public_data,MODELED/SCENARIO DATA - calibrated from public SEC EDGAR and FRED data; not actual internal bank data,v1_public_calibrated_deterministic,20273
WFC,WELLS FARGO & COMPANY/MN,0000072971,Rate Up 100bp,2027Q4,2027-12-31,7,2026Q1,2026-03-31,2273736808594.1514,964810411148.3567,1493345712298.5186,0.01973891326423734,0.07757827644029364,13558328680.36027,10361924849.419277,16509613565.378468,1688418219.5096242,4520555178.464251,236789616996.21753,0.007952644582922162,0.07636407771268892,0.6901939205964018,-528535301150.16187,-0.23245227818471856,1033113589.5453167,0.10414117240887887,0.04926896551724138,0.05184999999999999,11883802719.385965,19357493795.669544,0.028309310923052257,0.032111086735762656,6828279477.749178,11988238423.524246,18816517901.273422,21032019756.643845,Modeled Funds Transfer Pricing using FRED SOFR and Treasury 2Y curve proxies; calibrated from public EDGAR baselines.,100,0.45,0.65,0.033,0.007,0.1,0.046349999999999995,SOFR,modeled_scenario_calibrated_from_public_data,MODELED/SCENARIO DATA - calibrated from public SEC EDGAR and FRED data; not actual internal bank data,v1_public_calibrated_deterministic,20274
WFC,WELLS FARGO & COMPANY/MN,0000072971,Rate Up 100bp,2028Q1,2028-03-31,8,2026Q1,2026-03-31,2283618492082.947,969598699200.0006,1498914531274.9995,0.01973891326423734,0.07757827644029364,13626830494.411507,10453476358.843481,16716499784.756657,1696797723.600001,4476937382.469682,239251932556.57587,0.007841830670036574,0.07484892321880862,0.6941979554756815,-529315832074.9989,-0.23178820538985756,1039086357.2882046,0.1047687840092537,0.04926896551724138,0.05184999999999999,11942781219.111732,19429679611.65218,0.028309310923052257,0.032111086735762656,6862167761.559959,12032943630.816635,18895111392.376595,21113728886.951954,Modeled Funds Transfer Pricing using FRED SOFR and Treasury 2Y curve proxies; calibrated from public EDGAR baselines.,100,0.45,0.65,0.033,0.007,0.1,0.046349999999999995,SOFR,modeled_scenario_calibrated_from_public_data,MODELED/SCENARIO DATA - calibrated from public SEC EDGAR and FRED data; not actual internal bank data,v1_public_calibrated_deterministic,20281
