bank_ticker,bank_name,cik,period,period_end,metric,metric_label,value,unit,source_namespace,source_concept,source_form,source_filed,source_frame,source_accession,period_source,data_type,period_sort
BAC,BANK OF AMERICA CORP /DE/,0000070858,2018Q2,2018-06-30,interest_expense,Interest expense,4541000000.0,USD,us-gaap,InterestExpense,10-Q,2019-07-29,CY2018Q2,0000070858-19-000042,reported_quarterly_frame,real_public_sec_edgar,20182
BAC,BANK OF AMERICA CORP /DE/,0000070858,2018Q2,2018-06-30,interest_expense_deposits,Interest expense on deposits,943000000.0,USD,us-gaap,InterestExpenseDeposits,10-Q,2019-07-29,CY2018Q2,0000070858-19-000042,reported_quarterly_frame,real_public_sec_edgar,20182
BAC,BANK OF AMERICA CORP /DE/,0000070858,2018Q2,2018-06-30,interest_income,Interest income,16369000000.0,USD,us-gaap,InterestAndDividendIncomeOperating,10-Q,2019-07-29,CY2018Q2,0000070858-19-000042,reported_quarterly_frame,real_public_sec_edgar,20182
BAC,BANK OF AMERICA CORP /DE/,0000070858,2018Q2,2018-06-30,net_income,Net income,6784000000.0,USD,us-gaap,NetIncomeLoss,10-Q,2019-07-29,CY2018Q2,0000070858-19-000042,reported_quarterly_frame,real_public_sec_edgar,20182
BAC,BANK OF AMERICA CORP /DE/,0000070858,2018Q2,2018-06-30,noninterest_expense,Noninterest expense,13224000000.0,USD,us-gaap,NoninterestExpense,10-Q,2019-07-29,CY2018Q2,0000070858-19-000042,reported_quarterly_frame,real_public_sec_edgar,20182
BAC,BANK OF AMERICA CORP /DE/,0000070858,2018Q2,2018-06-30,noninterest_income,Noninterest income,10721000000.0,USD,us-gaap,NoninterestIncome,10-Q,2019-07-29,CY2018Q2,0000070858-19-000042,reported_quarterly_frame,real_public_sec_edgar,20182
BAC,BANK OF AMERICA CORP /DE/,0000070858,2018Q2,2018-06-30,total_assets,Total assets,2291670000000.0,USD,us-gaap,Assets,10-Q,2019-07-29,CY2018Q2I,0000070858-19-000042,reported_instant_frame,real_public_sec_edgar,20182
BAC,BANK OF AMERICA CORP /DE/,0000070858,2018Q2,2018-06-30,total_deposits,Total deposits,1309691000000.0,USD,us-gaap,Deposits,10-Q,2018-07-30,CY2018Q2I,0000070858-18-000030,reported_instant_frame,real_public_sec_edgar,20182
BAC,BANK OF AMERICA CORP /DE/,0000070858,2018Q2,2018-06-30,total_equity,Total equity,264216000000.0,USD,us-gaap,StockholdersEquity,10-Q,2019-10-28,CY2018Q2I,0000070858-19-000057,reported_instant_frame,real_public_sec_edgar,20182
BAC,BANK OF AMERICA CORP /DE/,0000070858,2018Q2,2018-06-30,total_loans,Total loans,925774000000.0,USD,us-gaap,LoansAndLeasesReceivableNetReportedAmount,10-Q,2018-07-30,CY2018Q2I,0000070858-18-000030,reported_instant_frame,real_public_sec_edgar,20182
BAC,BANK OF AMERICA CORP /DE/,0000070858,2018Q3,2018-09-30,interest_expense,Interest expense,4904000000.0,USD,us-gaap,InterestExpense,10-Q,2019-10-28,CY2018Q3,0000070858-19-000057,reported_quarterly_frame,real_public_sec_edgar,20183
BAC,BANK OF AMERICA CORP /DE/,0000070858,2018Q3,2018-09-30,interest_expense_deposits,Interest expense on deposits,1230000000.0,USD,us-gaap,InterestExpenseDeposits,10-Q,2019-10-28,CY2018Q3,0000070858-19-000057,reported_quarterly_frame,real_public_sec_edgar,20183
BAC,BANK OF AMERICA CORP /DE/,0000070858,2018Q3,2018-09-30,interest_income,Interest income,16965000000.0,USD,us-gaap,InterestAndDividendIncomeOperating,10-Q,2019-10-28,CY2018Q3,0000070858-19-000057,reported_quarterly_frame,real_public_sec_edgar,20183
BAC,BANK OF AMERICA CORP /DE/,0000070858,2018Q3,2018-09-30,net_income,Net income,7167000000.0,USD,us-gaap,NetIncomeLoss,10-Q,2019-10-28,CY2018Q3,0000070858-19-000057,reported_quarterly_frame,real_public_sec_edgar,20183
BAC,BANK OF AMERICA CORP /DE/,0000070858,2018Q3,2018-09-30,noninterest_expense,Noninterest expense,13014000000.0,USD,us-gaap,NoninterestExpense,10-Q,2019-10-28,CY2018Q3,0000070858-19-000057,reported_quarterly_frame,real_public_sec_edgar,20183
BAC,BANK OF AMERICA CORP /DE/,0000070858,2018Q3,2018-09-30,noninterest_income,Noninterest income,10663000000.0,USD,us-gaap,NoninterestIncome,10-Q,2019-10-28,CY2018Q3,0000070858-19-000057,reported_quarterly_frame,real_public_sec_edgar,20183
BAC,BANK OF AMERICA CORP /DE/,0000070858,2018Q3,2018-09-30,total_assets,Total assets,2338833000000.0,USD,us-gaap,Assets,10-Q,2019-10-28,CY2018Q3I,0000070858-19-000057,reported_instant_frame,real_public_sec_edgar,20183
BAC,BANK OF AMERICA CORP /DE/,0000070858,2018Q3,2018-09-30,total_deposits,Total deposits,1345649000000.0,USD,us-gaap,Deposits,10-Q,2018-10-29,CY2018Q3I,0000070858-18-000042,reported_instant_frame,real_public_sec_edgar,20183
BAC,BANK OF AMERICA CORP /DE/,0000070858,2018Q3,2018-09-30,total_equity,Total equity,262158000000.0,USD,us-gaap,StockholdersEquity,10-Q,2019-10-28,CY2018Q3I,0000070858-19-000057,reported_instant_frame,real_public_sec_edgar,20183
BAC,BANK OF AMERICA CORP /DE/,0000070858,2018Q3,2018-09-30,total_loans,Total loans,920067000000.0,USD,us-gaap,LoansAndLeasesReceivableNetReportedAmount,10-Q,2018-10-29,CY2018Q3I,0000070858-18-000042,reported_instant_frame,real_public_sec_edgar,20183
BAC,BANK OF AMERICA CORP /DE/,0000070858,2018Q4,2018-12-31,interest_expense,Interest expense,5332000000.0,USD,us-gaap,InterestExpense,10-K-derived,2021-02-24,CY2018Q4_DERIVED,0000070858-21-000023,derived_q4_from_reported_fy_less_q1_q3,real_public_sec_edgar,20184
BAC,BANK OF AMERICA CORP /DE/,0000070858,2018Q4,2018-12-31,interest_expense_deposits,Interest expense on deposits,1562000000.0,USD,us-gaap,InterestExpenseDeposits,10-K-derived,2021-02-24,CY2018Q4_DERIVED,0000070858-21-000023,derived_q4_from_reported_fy_less_q1_q3,real_public_sec_edgar,20184
BAC,BANK OF AMERICA CORP /DE/,0000070858,2018Q4,2018-12-31,interest_income,Interest income,17836000000.0,USD,us-gaap,InterestAndDividendIncomeOperating,10-K-derived,2021-02-24,CY2018Q4_DERIVED,0000070858-21-000023,derived_q4_from_reported_fy_less_q1_q3,real_public_sec_edgar,20184
BAC,BANK OF AMERICA CORP /DE/,0000070858,2018Q4,2018-12-31,net_income,Net income,7278000000.0,USD,us-gaap,NetIncomeLoss,10-K-derived,2021-02-24,CY2018Q4_DERIVED,0000070858-21-000023,derived_q4_from_reported_fy_less_q1_q3,real_public_sec_edgar,20184
BAC,BANK OF AMERICA CORP /DE/,0000070858,2018Q4,2018-12-31,noninterest_expense,Noninterest expense,13074000000.0,USD,us-gaap,NoninterestExpense,10-K-derived,2021-02-24,CY2018Q4_DERIVED,0000070858-21-000023,derived_q4_from_reported_fy_less_q1_q3,real_public_sec_edgar,20184
BAC,BANK OF AMERICA CORP /DE/,0000070858,2018Q4,2018-12-31,noninterest_income,Noninterest income,10173000000.0,USD,us-gaap,NoninterestIncome,10-K-derived,2021-02-24,CY2018Q4_DERIVED,0000070858-21-000023,derived_q4_from_reported_fy_less_q1_q3,real_public_sec_edgar,20184
BAC,BANK OF AMERICA CORP /DE/,0000070858,2018Q4,2018-12-31,total_assets,Total assets,2354507000000.0,USD,us-gaap,Assets,10-K,2020-02-19,CY2018Q4I,0000070858-20-000011,reported_instant_frame,real_public_sec_edgar,20184
BAC,BANK OF AMERICA CORP /DE/,0000070858,2018Q4,2018-12-31,total_deposits,Total deposits,1381476000000.0,USD,us-gaap,Deposits,10-K,2020-02-19,CY2018Q4I,0000070858-20-000011,reported_instant_frame,real_public_sec_edgar,20184
BAC,BANK OF AMERICA CORP /DE/,0000070858,2018Q4,2018-12-31,total_equity,Total equity,265325000000.0,USD,us-gaap,StockholdersEquity,10-K,2022-02-22,CY2018Q4I,0000070858-22-000062,reported_instant_frame,real_public_sec_edgar,20184
BAC,BANK OF AMERICA CORP /DE/,0000070858,2018Q4,2018-12-31,total_loans,Total loans,937294000000.0,USD,us-gaap,LoansAndLeasesReceivableNetReportedAmount,10-K,2020-02-19,CY2018Q4I,0000070858-20-000011,reported_instant_frame,real_public_sec_edgar,20184
BAC,BANK OF AMERICA CORP /DE/,0000070858,2019Q1,2019-03-31,interest_expense,Interest expense,5795000000.0,USD,us-gaap,InterestExpense,10-Q,2020-05-01,CY2019Q1,0000070858-20-000023,reported_quarterly_frame,real_public_sec_edgar,20191
BAC,BANK OF AMERICA CORP /DE/,0000070858,2019Q1,2019-03-31,interest_expense_deposits,Interest expense on deposits,1795000000.0,USD,us-gaap,InterestExpenseDeposits,10-Q,2020-05-01,CY2019Q1,0000070858-20-000023,reported_quarterly_frame,real_public_sec_edgar,20191
BAC,BANK OF AMERICA CORP /DE/,0000070858,2019Q1,2019-03-31,interest_income,Interest income,18170000000.0,USD,us-gaap,InterestAndDividendIncomeOperating,10-Q,2020-05-01,CY2019Q1,0000070858-20-000023,reported_quarterly_frame,real_public_sec_edgar,20191
BAC,BANK OF AMERICA CORP /DE/,0000070858,2019Q1,2019-03-31,net_income,Net income,7311000000.0,USD,us-gaap,NetIncomeLoss,10-Q,2020-05-01,CY2019Q1,0000070858-20-000023,reported_quarterly_frame,real_public_sec_edgar,20191
BAC,BANK OF AMERICA CORP /DE/,0000070858,2019Q1,2019-03-31,noninterest_expense,Noninterest expense,13224000000.0,USD,us-gaap,NoninterestExpense,10-Q,2020-05-01,CY2019Q1,0000070858-20-000023,reported_quarterly_frame,real_public_sec_edgar,20191
BAC,BANK OF AMERICA CORP /DE/,0000070858,2019Q1,2019-03-31,noninterest_income,Noninterest income,10629000000.0,USD,us-gaap,NoninterestIncome,10-Q,2020-05-01,CY2019Q1,0000070858-20-000023,reported_quarterly_frame,real_public_sec_edgar,20191
BAC,BANK OF AMERICA CORP /DE/,0000070858,2019Q1,2019-03-31,total_assets,Total assets,2377164000000.0,USD,us-gaap,Assets,10-Q,2020-05-01,CY2019Q1I,0000070858-20-000023,reported_instant_frame,real_public_sec_edgar,20191
BAC,BANK OF AMERICA CORP /DE/,0000070858,2019Q1,2019-03-31,total_deposits,Total deposits,1379337000000.0,USD,us-gaap,Deposits,10-Q,2019-04-26,CY2019Q1I,0000070858-19-000026,reported_instant_frame,real_public_sec_edgar,20191
BAC,BANK OF AMERICA CORP /DE/,0000070858,2019Q1,2019-03-31,total_equity,Total equity,267010000000.0,USD,us-gaap,StockholdersEquity,10-Q,2020-07-31,CY2019Q1I,0000070858-20-000040,reported_instant_frame,real_public_sec_edgar,20191
BAC,BANK OF AMERICA CORP /DE/,0000070858,2019Q1,2019-03-31,total_loans,Total loans,936038000000.0,USD,us-gaap,LoansAndLeasesReceivableNetReportedAmount,10-Q,2019-04-26,CY2019Q1I,0000070858-19-000026,reported_instant_frame,real_public_sec_edgar,20191
BAC,BANK OF AMERICA CORP /DE/,0000070858,2019Q2,2019-06-30,interest_expense,Interest expense,6035000000.0,USD,us-gaap,InterestExpense,10-Q,2020-07-31,CY2019Q2,0000070858-20-000040,reported_quarterly_frame,real_public_sec_edgar,20192
BAC,BANK OF AMERICA CORP /DE/,0000070858,2019Q2,2019-06-30,interest_expense_deposits,Interest expense on deposits,1965000000.0,USD,us-gaap,InterestExpenseDeposits,10-Q,2020-07-31,CY2019Q2,0000070858-20-000040,reported_quarterly_frame,real_public_sec_edgar,20192
BAC,BANK OF AMERICA CORP /DE/,0000070858,2019Q2,2019-06-30,interest_income,Interest income,18224000000.0,USD,us-gaap,InterestAndDividendIncomeOperating,10-Q,2020-07-31,CY2019Q2,0000070858-20-000040,reported_quarterly_frame,real_public_sec_edgar,20192
BAC,BANK OF AMERICA CORP /DE/,0000070858,2019Q2,2019-06-30,net_income,Net income,7348000000.0,USD,us-gaap,NetIncomeLoss,10-Q,2020-07-31,CY2019Q2,0000070858-20-000040,reported_quarterly_frame,real_public_sec_edgar,20192
BAC,BANK OF AMERICA CORP /DE/,0000070858,2019Q2,2019-06-30,noninterest_expense,Noninterest expense,13268000000.0,USD,us-gaap,NoninterestExpense,10-Q,2020-07-31,CY2019Q2,0000070858-20-000040,reported_quarterly_frame,real_public_sec_edgar,20192
BAC,BANK OF AMERICA CORP /DE/,0000070858,2019Q2,2019-06-30,noninterest_income,Noninterest income,10895000000.0,USD,us-gaap,NoninterestIncome,10-Q,2020-07-31,CY2019Q2,0000070858-20-000040,reported_quarterly_frame,real_public_sec_edgar,20192
BAC,BANK OF AMERICA CORP /DE/,0000070858,2019Q2,2019-06-30,total_assets,Total assets,2395892000000.0,USD,us-gaap,Assets,10-Q,2020-07-31,CY2019Q2I,0000070858-20-000040,reported_instant_frame,real_public_sec_edgar,20192
BAC,BANK OF AMERICA CORP /DE/,0000070858,2019Q2,2019-06-30,total_deposits,Total deposits,1375093000000.0,USD,us-gaap,Deposits,10-Q,2019-07-29,CY2019Q2I,0000070858-19-000042,reported_instant_frame,real_public_sec_edgar,20192
BAC,BANK OF AMERICA CORP /DE/,0000070858,2019Q2,2019-06-30,total_equity,Total equity,271408000000.0,USD,us-gaap,StockholdersEquity,10-Q,2020-10-30,CY2019Q2I,0000070858-20-000071,reported_instant_frame,real_public_sec_edgar,20192
BAC,BANK OF AMERICA CORP /DE/,0000070858,2019Q2,2019-06-30,total_loans,Total loans,954273000000.0,USD,us-gaap,LoansAndLeasesReceivableNetReportedAmount,10-Q,2019-07-29,CY2019Q2I,0000070858-19-000042,reported_instant_frame,real_public_sec_edgar,20192
BAC,BANK OF AMERICA CORP /DE/,0000070858,2019Q3,2019-09-30,interest_expense,Interest expense,5729000000.0,USD,us-gaap,InterestExpense,10-Q,2020-10-30,CY2019Q3,0000070858-20-000071,reported_quarterly_frame,real_public_sec_edgar,20193
BAC,BANK OF AMERICA CORP /DE/,0000070858,2019Q3,2019-09-30,interest_expense_deposits,Interest expense on deposits,1880000000.0,USD,us-gaap,InterestExpenseDeposits,10-Q,2020-10-30,CY2019Q3,0000070858-20-000071,reported_quarterly_frame,real_public_sec_edgar,20193
BAC,BANK OF AMERICA CORP /DE/,0000070858,2019Q3,2019-09-30,interest_income,Interest income,17916000000.0,USD,us-gaap,InterestAndDividendIncomeOperating,10-Q,2020-10-30,CY2019Q3,0000070858-20-000071,reported_quarterly_frame,real_public_sec_edgar,20193
BAC,BANK OF AMERICA CORP /DE/,0000070858,2019Q3,2019-09-30,net_income,Net income,5777000000.0,USD,us-gaap,NetIncomeLoss,10-Q,2020-10-30,CY2019Q3,0000070858-20-000071,reported_quarterly_frame,real_public_sec_edgar,20193
BAC,BANK OF AMERICA CORP /DE/,0000070858,2019Q3,2019-09-30,noninterest_expense,Noninterest expense,15169000000.0,USD,us-gaap,NoninterestExpense,10-Q,2020-10-30,CY2019Q3,0000070858-20-000071,reported_quarterly_frame,real_public_sec_edgar,20193
BAC,BANK OF AMERICA CORP /DE/,0000070858,2019Q3,2019-09-30,noninterest_income,Noninterest income,10620000000.0,USD,us-gaap,NoninterestIncome,10-Q,2020-10-30,CY2019Q3,0000070858-20-000071,reported_quarterly_frame,real_public_sec_edgar,20193
BAC,BANK OF AMERICA CORP /DE/,0000070858,2019Q3,2019-09-30,total_assets,Total assets,2426330000000.0,USD,us-gaap,Assets,10-Q,2020-10-30,CY2019Q3I,0000070858-20-000071,reported_instant_frame,real_public_sec_edgar,20193
BAC,BANK OF AMERICA CORP /DE/,0000070858,2019Q3,2019-09-30,total_deposits,Total deposits,1392836000000.0,USD,us-gaap,Deposits,10-Q,2019-10-28,CY2019Q3I,0000070858-19-000057,reported_instant_frame,real_public_sec_edgar,20193
BAC,BANK OF AMERICA CORP /DE/,0000070858,2019Q3,2019-09-30,total_equity,Total equity,268387000000.0,USD,us-gaap,StockholdersEquity,10-Q,2020-10-30,CY2019Q3I,0000070858-20-000071,reported_instant_frame,real_public_sec_edgar,20193
BAC,BANK OF AMERICA CORP /DE/,0000070858,2019Q3,2019-09-30,total_loans,Total loans,963477000000.0,USD,us-gaap,LoansAndLeasesReceivableNetReportedAmount,10-Q,2019-10-28,CY2019Q3I,0000070858-19-000057,reported_instant_frame,real_public_sec_edgar,20193
BAC,BANK OF AMERICA CORP /DE/,0000070858,2019Q4,2019-12-31,interest_expense,Interest expense,4786000000.0,USD,us-gaap,InterestExpense,10-K-derived,2022-02-22,CY2019Q4_DERIVED,0000070858-22-000062,derived_q4_from_reported_fy_less_q1_q3,real_public_sec_edgar,20194
BAC,BANK OF AMERICA CORP /DE/,0000070858,2019Q4,2019-12-31,interest_expense_deposits,Interest expense on deposits,1548000000.0,USD,us-gaap,InterestExpenseDeposits,10-K-derived,2022-02-22,CY2019Q4_DERIVED,0000070858-22-000062,derived_q4_from_reported_fy_less_q1_q3,real_public_sec_edgar,20194
BAC,BANK OF AMERICA CORP /DE/,0000070858,2019Q4,2019-12-31,interest_income,Interest income,16926000000.0,USD,us-gaap,InterestAndDividendIncomeOperating,10-K-derived,2022-02-22,CY2019Q4_DERIVED,0000070858-22-000062,derived_q4_from_reported_fy_less_q1_q3,real_public_sec_edgar,20194
BAC,BANK OF AMERICA CORP /DE/,0000070858,2019Q4,2019-12-31,net_income,Net income,6994000000.0,USD,us-gaap,NetIncomeLoss,10-K-derived,2022-02-22,CY2019Q4_DERIVED,0000070858-22-000062,derived_q4_from_reported_fy_less_q1_q3,real_public_sec_edgar,20194
BAC,BANK OF AMERICA CORP /DE/,0000070858,2019Q4,2019-12-31,noninterest_expense,Noninterest expense,13239000000.0,USD,us-gaap,NoninterestExpense,10-K-derived,2022-02-22,CY2019Q4_DERIVED,0000070858-22-000062,derived_q4_from_reported_fy_less_q1_q3,real_public_sec_edgar,20194
BAC,BANK OF AMERICA CORP /DE/,0000070858,2019Q4,2019-12-31,noninterest_income,Noninterest income,10209000000.0,USD,us-gaap,NoninterestIncome,10-K-derived,2022-02-22,CY2019Q4_DERIVED,0000070858-22-000062,derived_q4_from_reported_fy_less_q1_q3,real_public_sec_edgar,20194
BAC,BANK OF AMERICA CORP /DE/,0000070858,2019Q4,2019-12-31,total_assets,Total assets,2434079000000.0,USD,us-gaap,Assets,10-K,2021-02-24,CY2019Q4I,0000070858-21-000023,reported_instant_frame,real_public_sec_edgar,20194
BAC,BANK OF AMERICA CORP /DE/,0000070858,2019Q4,2019-12-31,total_deposits,Total deposits,1434803000000.0,USD,us-gaap,Deposits,10-K,2021-02-24,CY2019Q4I,0000070858-21-000023,reported_instant_frame,real_public_sec_edgar,20194
BAC,BANK OF AMERICA CORP /DE/,0000070858,2019Q4,2019-12-31,total_equity,Total equity,264810000000.0,USD,us-gaap,StockholdersEquity,10-K,2023-02-22,CY2019Q4I,0000070858-23-000092,reported_instant_frame,real_public_sec_edgar,20194
BAC,BANK OF AMERICA CORP /DE/,0000070858,2019Q4,2019-12-31,total_loans,Total loans,974010000000.0,USD,us-gaap,LoansAndLeasesReceivableNetReportedAmount,10-Q,2020-07-31,CY2019Q4I,0000070858-20-000040,reported_instant_frame,real_public_sec_edgar,20194
BAC,BANK OF AMERICA CORP /DE/,0000070858,2020Q1,2020-03-31,interest_expense,Interest expense,3968000000.0,USD,us-gaap,InterestExpense,10-Q,2021-04-29,CY2020Q1,0000070858-21-000063,reported_quarterly_frame,real_public_sec_edgar,20201
BAC,BANK OF AMERICA CORP /DE/,0000070858,2020Q1,2020-03-31,interest_expense_deposits,Interest expense on deposits,1184000000.0,USD,us-gaap,InterestExpenseDeposits,10-Q,2021-04-29,CY2020Q1,0000070858-21-000063,reported_quarterly_frame,real_public_sec_edgar,20201
BAC,BANK OF AMERICA CORP /DE/,0000070858,2020Q1,2020-03-31,interest_income,Interest income,16098000000.0,USD,us-gaap,InterestAndDividendIncomeOperating,10-Q,2021-04-29,CY2020Q1,0000070858-21-000063,reported_quarterly_frame,real_public_sec_edgar,20201
BAC,BANK OF AMERICA CORP /DE/,0000070858,2020Q1,2020-03-31,net_income,Net income,4010000000.0,USD,us-gaap,NetIncomeLoss,10-Q,2021-04-29,CY2020Q1,0000070858-21-000063,reported_quarterly_frame,real_public_sec_edgar,20201
BAC,BANK OF AMERICA CORP /DE/,0000070858,2020Q1,2020-03-31,noninterest_expense,Noninterest expense,13475000000.0,USD,us-gaap,NoninterestExpense,10-Q,2021-04-29,CY2020Q1,0000070858-21-000063,reported_quarterly_frame,real_public_sec_edgar,20201
BAC,BANK OF AMERICA CORP /DE/,0000070858,2020Q1,2020-03-31,noninterest_income,Noninterest income,10637000000.0,USD,us-gaap,NoninterestIncome,10-Q,2021-04-29,CY2020Q1,0000070858-21-000063,reported_quarterly_frame,real_public_sec_edgar,20201
BAC,BANK OF AMERICA CORP /DE/,0000070858,2020Q1,2020-03-31,total_assets,Total assets,2619954000000.0,USD,us-gaap,Assets,10-Q,2021-04-29,CY2020Q1I,0000070858-21-000063,reported_instant_frame,real_public_sec_edgar,20201
BAC,BANK OF AMERICA CORP /DE/,0000070858,2020Q1,2020-03-31,total_deposits,Total deposits,1583325000000.0,USD,us-gaap,Deposits,10-Q,2020-05-01,CY2020Q1I,0000070858-20-000023,reported_instant_frame,real_public_sec_edgar,20201
BAC,BANK OF AMERICA CORP /DE/,0000070858,2020Q1,2020-03-31,total_equity,Total equity,264918000000.0,USD,us-gaap,StockholdersEquity,10-Q,2021-07-30,CY2020Q1I,0000070858-21-000084,reported_instant_frame,real_public_sec_edgar,20201
BAC,BANK OF AMERICA CORP /DE/,0000070858,2020Q1,2020-03-31,total_loans,Total loans,1035019000000.0,USD,us-gaap,LoansAndLeasesReceivableNetReportedAmount,10-Q,2020-05-01,CY2020Q1I,0000070858-20-000023,reported_instant_frame,real_public_sec_edgar,20201
BAC,BANK OF AMERICA CORP /DE/,0000070858,2020Q2,2020-06-30,interest_expense,Interest expense,1692000000.0,USD,us-gaap,InterestExpense,10-Q,2021-07-30,CY2020Q2,0000070858-21-000084,reported_quarterly_frame,real_public_sec_edgar,20202
BAC,BANK OF AMERICA CORP /DE/,0000070858,2020Q2,2020-06-30,interest_expense_deposits,Interest expense on deposits,373000000.0,USD,us-gaap,InterestExpenseDeposits,10-Q,2021-07-30,CY2020Q2,0000070858-21-000084,reported_quarterly_frame,real_public_sec_edgar,20202
BAC,BANK OF AMERICA CORP /DE/,0000070858,2020Q2,2020-06-30,interest_income,Interest income,12540000000.0,USD,us-gaap,InterestAndDividendIncomeOperating,10-Q,2021-07-30,CY2020Q2,0000070858-21-000084,reported_quarterly_frame,real_public_sec_edgar,20202
BAC,BANK OF AMERICA CORP /DE/,0000070858,2020Q2,2020-06-30,net_income,Net income,3533000000.0,USD,us-gaap,NetIncomeLoss,10-Q,2021-07-30,CY2020Q2,0000070858-21-000084,reported_quarterly_frame,real_public_sec_edgar,20202
BAC,BANK OF AMERICA CORP /DE/,0000070858,2020Q2,2020-06-30,noninterest_expense,Noninterest expense,13410000000.0,USD,us-gaap,NoninterestExpense,10-Q,2021-07-30,CY2020Q2,0000070858-21-000084,reported_quarterly_frame,real_public_sec_edgar,20202
BAC,BANK OF AMERICA CORP /DE/,0000070858,2020Q2,2020-06-30,noninterest_income,Noninterest income,11478000000.0,USD,us-gaap,NoninterestIncome,10-Q,2021-07-30,CY2020Q2,0000070858-21-000084,reported_quarterly_frame,real_public_sec_edgar,20202
BAC,BANK OF AMERICA CORP /DE/,0000070858,2020Q2,2020-06-30,total_assets,Total assets,2741688000000.0,USD,us-gaap,Assets,10-Q,2021-07-30,CY2020Q2I,0000070858-21-000084,reported_instant_frame,real_public_sec_edgar,20202
BAC,BANK OF AMERICA CORP /DE/,0000070858,2020Q2,2020-06-30,total_deposits,Total deposits,1718666000000.0,USD,us-gaap,Deposits,10-Q,2020-07-31,CY2020Q2I,0000070858-20-000040,reported_instant_frame,real_public_sec_edgar,20202
BAC,BANK OF AMERICA CORP /DE/,0000070858,2020Q2,2020-06-30,total_equity,Total equity,265637000000.0,USD,us-gaap,StockholdersEquity,10-Q,2021-10-29,CY2020Q2I,0000070858-21-000107,reported_instant_frame,real_public_sec_edgar,20202
BAC,BANK OF AMERICA CORP /DE/,0000070858,2020Q2,2020-06-30,total_loans,Total loans,979555000000.0,USD,us-gaap,LoansAndLeasesReceivableNetReportedAmount,10-Q,2020-07-31,CY2020Q2I,0000070858-20-000040,reported_instant_frame,real_public_sec_edgar,20202
BAC,BANK OF AMERICA CORP /DE/,0000070858,2020Q3,2020-09-30,interest_expense,Interest expense,1357000000.0,USD,us-gaap,InterestExpense,10-Q,2021-10-29,CY2020Q3,0000070858-21-000107,reported_quarterly_frame,real_public_sec_edgar,20203
BAC,BANK OF AMERICA CORP /DE/,0000070858,2020Q3,2020-09-30,interest_expense_deposits,Interest expense on deposits,227000000.0,USD,us-gaap,InterestExpenseDeposits,10-Q,2021-10-29,CY2020Q3,0000070858-21-000107,reported_quarterly_frame,real_public_sec_edgar,20203
BAC,BANK OF AMERICA CORP /DE/,0000070858,2020Q3,2020-09-30,interest_income,Interest income,11486000000.0,USD,us-gaap,InterestAndDividendIncomeOperating,10-Q,2021-10-29,CY2020Q3,0000070858-21-000107,reported_quarterly_frame,real_public_sec_edgar,20203
BAC,BANK OF AMERICA CORP /DE/,0000070858,2020Q3,2020-09-30,net_income,Net income,4881000000.0,USD,us-gaap,NetIncomeLoss,10-Q,2021-10-29,CY2020Q3,0000070858-21-000107,reported_quarterly_frame,real_public_sec_edgar,20203
BAC,BANK OF AMERICA CORP /DE/,0000070858,2020Q3,2020-09-30,noninterest_expense,Noninterest expense,14401000000.0,USD,us-gaap,NoninterestExpense,10-Q,2021-10-29,CY2020Q3,0000070858-21-000107,reported_quarterly_frame,real_public_sec_edgar,20203
BAC,BANK OF AMERICA CORP /DE/,0000070858,2020Q3,2020-09-30,noninterest_income,Noninterest income,10207000000.0,USD,us-gaap,NoninterestIncome,10-Q,2021-10-29,CY2020Q3,0000070858-21-000107,reported_quarterly_frame,real_public_sec_edgar,20203
BAC,BANK OF AMERICA CORP /DE/,0000070858,2020Q3,2020-09-30,total_assets,Total assets,2738452000000.0,USD,us-gaap,Assets,10-Q,2021-10-29,CY2020Q3I,0000070858-21-000107,reported_instant_frame,real_public_sec_edgar,20203
BAC,BANK OF AMERICA CORP /DE/,0000070858,2020Q3,2020-09-30,total_deposits,Total deposits,1702880000000.0,USD,us-gaap,Deposits,10-Q,2020-10-30,CY2020Q3I,0000070858-20-000071,reported_instant_frame,real_public_sec_edgar,20203
BAC,BANK OF AMERICA CORP /DE/,0000070858,2020Q3,2020-09-30,total_equity,Total equity,268850000000.0,USD,us-gaap,StockholdersEquity,10-Q,2021-10-29,CY2020Q3I,0000070858-21-000107,reported_instant_frame,real_public_sec_edgar,20203
BAC,BANK OF AMERICA CORP /DE/,0000070858,2020Q4,2020-12-31,interest_expense,Interest expense,1208000000.0,USD,us-gaap,InterestExpense,10-K-derived,2023-02-22,CY2020Q4_DERIVED,0000070858-23-000092,derived_q4_from_reported_fy_less_q1_q3,real_public_sec_edgar,20204
BAC,BANK OF AMERICA CORP /DE/,0000070858,2020Q4,2020-12-31,interest_expense_deposits,Interest expense on deposits,159000000.0,USD,us-gaap,InterestExpenseDeposits,10-K-derived,2023-02-22,CY2020Q4_DERIVED,0000070858-23-000092,derived_q4_from_reported_fy_less_q1_q3,real_public_sec_edgar,20204
BAC,BANK OF AMERICA CORP /DE/,0000070858,2020Q4,2020-12-31,interest_income,Interest income,11461000000.0,USD,us-gaap,InterestAndDividendIncomeOperating,10-K-derived,2023-02-22,CY2020Q4_DERIVED,0000070858-23-000092,derived_q4_from_reported_fy_less_q1_q3,real_public_sec_edgar,20204
BAC,BANK OF AMERICA CORP /DE/,0000070858,2020Q4,2020-12-31,net_income,Net income,5470000000.0,USD,us-gaap,NetIncomeLoss,10-K-derived,2023-02-22,CY2020Q4_DERIVED,0000070858-23-000092,derived_q4_from_reported_fy_less_q1_q3,real_public_sec_edgar,20204
BAC,BANK OF AMERICA CORP /DE/,0000070858,2020Q4,2020-12-31,noninterest_expense,Noninterest expense,13927000000.0,USD,us-gaap,NoninterestExpense,10-K-derived,2023-02-22,CY2020Q4_DERIVED,0000070858-23-000092,derived_q4_from_reported_fy_less_q1_q3,real_public_sec_edgar,20204
BAC,BANK OF AMERICA CORP /DE/,0000070858,2020Q4,2020-12-31,noninterest_income,Noninterest income,9846000000.0,USD,us-gaap,NoninterestIncome,10-K-derived,2023-02-22,CY2020Q4_DERIVED,0000070858-23-000092,derived_q4_from_reported_fy_less_q1_q3,real_public_sec_edgar,20204
BAC,BANK OF AMERICA CORP /DE/,0000070858,2020Q4,2020-12-31,total_assets,Total assets,2819627000000.0,USD,us-gaap,Assets,10-K,2022-02-22,CY2020Q4I,0000070858-22-000062,reported_instant_frame,real_public_sec_edgar,20204
BAC,BANK OF AMERICA CORP /DE/,0000070858,2020Q4,2020-12-31,total_deposits,Total deposits,1795480000000.0,USD,us-gaap,Deposits,10-K,2022-02-22,CY2020Q4I,0000070858-22-000062,reported_instant_frame,real_public_sec_edgar,20204
BAC,BANK OF AMERICA CORP /DE/,0000070858,2020Q4,2020-12-31,total_equity,Total equity,272924000000.0,USD,us-gaap,StockholdersEquity,10-K,2024-02-20,CY2020Q4I,0000070858-24-000122,reported_instant_frame,real_public_sec_edgar,20204
BAC,BANK OF AMERICA CORP /DE/,0000070858,2021Q1,2021-03-31,interest_expense,Interest expense,1198000000.0,USD,us-gaap,InterestExpense,10-Q,2022-04-29,CY2021Q1,0000070858-22-000088,reported_quarterly_frame,real_public_sec_edgar,20211
BAC,BANK OF AMERICA CORP /DE/,0000070858,2021Q1,2021-03-31,interest_expense_deposits,Interest expense on deposits,133000000.0,USD,us-gaap,InterestExpenseDeposits,10-Q,2022-04-29,CY2021Q1,0000070858-22-000088,reported_quarterly_frame,real_public_sec_edgar,20211
BAC,BANK OF AMERICA CORP /DE/,0000070858,2021Q1,2021-03-31,interest_income,Interest income,11395000000.0,USD,us-gaap,InterestAndDividendIncomeOperating,10-Q,2022-04-29,CY2021Q1,0000070858-22-000088,reported_quarterly_frame,real_public_sec_edgar,20211
BAC,BANK OF AMERICA CORP /DE/,0000070858,2021Q1,2021-03-31,net_income,Net income,8050000000.0,USD,us-gaap,NetIncomeLoss,10-Q,2022-04-29,CY2021Q1,0000070858-22-000088,reported_quarterly_frame,real_public_sec_edgar,20211
BAC,BANK OF AMERICA CORP /DE/,0000070858,2021Q1,2021-03-31,noninterest_expense,Noninterest expense,15515000000.0,USD,us-gaap,NoninterestExpense,10-Q,2022-04-29,CY2021Q1,0000070858-22-000088,reported_quarterly_frame,real_public_sec_edgar,20211
BAC,BANK OF AMERICA CORP /DE/,0000070858,2021Q1,2021-03-31,noninterest_income,Noninterest income,12624000000.0,USD,us-gaap,NoninterestIncome,10-Q,2022-04-29,CY2021Q1,0000070858-22-000088,reported_quarterly_frame,real_public_sec_edgar,20211
BAC,BANK OF AMERICA CORP /DE/,0000070858,2021Q1,2021-03-31,total_assets,Total assets,2969992000000.0,USD,us-gaap,Assets,10-Q,2022-04-29,CY2021Q1I,0000070858-22-000088,reported_instant_frame,real_public_sec_edgar,20211
BAC,BANK OF AMERICA CORP /DE/,0000070858,2021Q1,2021-03-31,total_deposits,Total deposits,1884938000000.0,USD,us-gaap,Deposits,10-Q,2021-04-29,CY2021Q1I,0000070858-21-000063,reported_instant_frame,real_public_sec_edgar,20211
BAC,BANK OF AMERICA CORP /DE/,0000070858,2021Q1,2021-03-31,total_equity,Total equity,274000000000.0,USD,us-gaap,StockholdersEquity,10-Q,2022-07-29,CY2021Q1I,0000070858-22-000112,reported_instant_frame,real_public_sec_edgar,20211
BAC,BANK OF AMERICA CORP /DE/,0000070858,2021Q2,2021-06-30,interest_expense,Interest expense,1154000000.0,USD,us-gaap,InterestExpense,10-Q,2022-07-29,CY2021Q2,0000070858-22-000112,reported_quarterly_frame,real_public_sec_edgar,20212
BAC,BANK OF AMERICA CORP /DE/,0000070858,2021Q2,2021-06-30,interest_expense_deposits,Interest expense on deposits,128000000.0,USD,us-gaap,InterestExpenseDeposits,10-Q,2022-07-29,CY2021Q2,0000070858-22-000112,reported_quarterly_frame,real_public_sec_edgar,20212
BAC,BANK OF AMERICA CORP /DE/,0000070858,2021Q2,2021-06-30,interest_income,Interest income,11387000000.0,USD,us-gaap,InterestAndDividendIncomeOperating,10-Q,2022-07-29,CY2021Q2,0000070858-22-000112,reported_quarterly_frame,real_public_sec_edgar,20212
BAC,BANK OF AMERICA CORP /DE/,0000070858,2021Q2,2021-06-30,net_income,Net income,9224000000.0,USD,us-gaap,NetIncomeLoss,10-Q,2022-07-29,CY2021Q2,0000070858-22-000112,reported_quarterly_frame,real_public_sec_edgar,20212
BAC,BANK OF AMERICA CORP /DE/,0000070858,2021Q2,2021-06-30,noninterest_expense,Noninterest expense,15045000000.0,USD,us-gaap,NoninterestExpense,10-Q,2022-07-29,CY2021Q2,0000070858-22-000112,reported_quarterly_frame,real_public_sec_edgar,20212
BAC,BANK OF AMERICA CORP /DE/,0000070858,2021Q2,2021-06-30,noninterest_income,Noninterest income,11233000000.0,USD,us-gaap,NoninterestIncome,10-Q,2022-07-29,CY2021Q2,0000070858-22-000112,reported_quarterly_frame,real_public_sec_edgar,20212
BAC,BANK OF AMERICA CORP /DE/,0000070858,2021Q2,2021-06-30,total_assets,Total assets,3029894000000.0,USD,us-gaap,Assets,10-Q,2022-07-29,CY2021Q2I,0000070858-22-000112,reported_instant_frame,real_public_sec_edgar,20212
BAC,BANK OF AMERICA CORP /DE/,0000070858,2021Q2,2021-06-30,total_deposits,Total deposits,1909142000000.0,USD,us-gaap,Deposits,10-Q,2021-07-30,CY2021Q2I,0000070858-21-000084,reported_instant_frame,real_public_sec_edgar,20212
BAC,BANK OF AMERICA CORP /DE/,0000070858,2021Q2,2021-06-30,total_equity,Total equity,277119000000.0,USD,us-gaap,StockholdersEquity,10-Q,2022-10-28,CY2021Q2I,0000070858-22-000131,reported_instant_frame,real_public_sec_edgar,20212
BAC,BANK OF AMERICA CORP /DE/,0000070858,2021Q3,2021-09-30,interest_expense,Interest expense,1242000000.0,USD,us-gaap,InterestExpense,10-Q,2022-10-28,CY2021Q3,0000070858-22-000131,reported_quarterly_frame,real_public_sec_edgar,20213
BAC,BANK OF AMERICA CORP /DE/,0000070858,2021Q3,2021-09-30,interest_expense_deposits,Interest expense on deposits,133000000.0,USD,us-gaap,InterestExpenseDeposits,10-Q,2022-10-28,CY2021Q3,0000070858-22-000131,reported_quarterly_frame,real_public_sec_edgar,20213
BAC,BANK OF AMERICA CORP /DE/,0000070858,2021Q3,2021-09-30,interest_income,Interest income,12336000000.0,USD,us-gaap,InterestAndDividendIncomeOperating,10-Q,2022-10-28,CY2021Q3,0000070858-22-000131,reported_quarterly_frame,real_public_sec_edgar,20213
BAC,BANK OF AMERICA CORP /DE/,0000070858,2021Q3,2021-09-30,net_income,Net income,7691000000.0,USD,us-gaap,NetIncomeLoss,10-Q,2022-10-28,CY2021Q3,0000070858-22-000131,reported_quarterly_frame,real_public_sec_edgar,20213
BAC,BANK OF AMERICA CORP /DE/,0000070858,2021Q3,2021-09-30,noninterest_expense,Noninterest expense,14440000000.0,USD,us-gaap,NoninterestExpense,10-Q,2022-10-28,CY2021Q3,0000070858-22-000131,reported_quarterly_frame,real_public_sec_edgar,20213
BAC,BANK OF AMERICA CORP /DE/,0000070858,2021Q3,2021-09-30,noninterest_income,Noninterest income,11672000000.0,USD,us-gaap,NoninterestIncome,10-Q,2022-10-28,CY2021Q3,0000070858-22-000131,reported_quarterly_frame,real_public_sec_edgar,20213
BAC,BANK OF AMERICA CORP /DE/,0000070858,2021Q3,2021-09-30,total_assets,Total assets,3085446000000.0,USD,us-gaap,Assets,10-Q,2022-10-28,CY2021Q3I,0000070858-22-000131,reported_instant_frame,real_public_sec_edgar,20213
BAC,BANK OF AMERICA CORP /DE/,0000070858,2021Q3,2021-09-30,total_deposits,Total deposits,1964804000000.0,USD,us-gaap,Deposits,10-Q,2021-10-29,CY2021Q3I,0000070858-21-000107,reported_instant_frame,real_public_sec_edgar,20213
BAC,BANK OF AMERICA CORP /DE/,0000070858,2021Q3,2021-09-30,total_equity,Total equity,272464000000.0,USD,us-gaap,StockholdersEquity,10-Q,2022-10-28,CY2021Q3I,0000070858-22-000131,reported_instant_frame,real_public_sec_edgar,20213
BAC,BANK OF AMERICA CORP /DE/,0000070858,2021Q4,2021-12-31,interest_expense,Interest expense,1144000000.0,USD,us-gaap,InterestExpense,10-K-derived,2024-02-20,CY2021Q4_DERIVED,0000070858-24-000122,derived_q4_from_reported_fy_less_q1_q3,real_public_sec_edgar,20214
BAC,BANK OF AMERICA CORP /DE/,0000070858,2021Q4,2021-12-31,interest_expense_deposits,Interest expense on deposits,143000000.0,USD,us-gaap,InterestExpenseDeposits,10-K-derived,2024-02-20,CY2021Q4_DERIVED,0000070858-24-000122,derived_q4_from_reported_fy_less_q1_q3,real_public_sec_edgar,20214
BAC,BANK OF AMERICA CORP /DE/,0000070858,2021Q4,2021-12-31,interest_income,Interest income,12554000000.0,USD,us-gaap,InterestAndDividendIncomeOperating,10-K-derived,2024-02-20,CY2021Q4_DERIVED,0000070858-24-000122,derived_q4_from_reported_fy_less_q1_q3,real_public_sec_edgar,20214
BAC,BANK OF AMERICA CORP /DE/,0000070858,2021Q4,2021-12-31,net_income,Net income,7013000000.0,USD,us-gaap,NetIncomeLoss,10-K-derived,2024-02-20,CY2021Q4_DERIVED,0000070858-24-000122,derived_q4_from_reported_fy_less_q1_q3,real_public_sec_edgar,20214
BAC,BANK OF AMERICA CORP /DE/,0000070858,2021Q4,2021-12-31,noninterest_expense,Noninterest expense,14731000000.0,USD,us-gaap,NoninterestExpense,10-K-derived,2024-02-20,CY2021Q4_DERIVED,0000070858-24-000122,derived_q4_from_reported_fy_less_q1_q3,real_public_sec_edgar,20214
BAC,BANK OF AMERICA CORP /DE/,0000070858,2021Q4,2021-12-31,noninterest_income,Noninterest income,10650000000.0,USD,us-gaap,NoninterestIncome,10-K-derived,2024-02-20,CY2021Q4_DERIVED,0000070858-24-000122,derived_q4_from_reported_fy_less_q1_q3,real_public_sec_edgar,20214
BAC,BANK OF AMERICA CORP /DE/,0000070858,2021Q4,2021-12-31,total_assets,Total assets,3169495000000.0,USD,us-gaap,Assets,10-K,2023-02-22,CY2021Q4I,0000070858-23-000092,reported_instant_frame,real_public_sec_edgar,20214
BAC,BANK OF AMERICA CORP /DE/,0000070858,2021Q4,2021-12-31,total_deposits,Total deposits,2064446000000.0,USD,us-gaap,Deposits,10-K,2023-02-22,CY2021Q4I,0000070858-23-000092,reported_instant_frame,real_public_sec_edgar,20214
BAC,BANK OF AMERICA CORP /DE/,0000070858,2021Q4,2021-12-31,total_equity,Total equity,270066000000.0,USD,us-gaap,StockholdersEquity,10-K,2025-02-25,CY2021Q4I,0000070858-25-000139,reported_instant_frame,real_public_sec_edgar,20214
BAC,BANK OF AMERICA CORP /DE/,0000070858,2021Q4,2021-12-31,total_loans,Total loans,966737000000.0,USD,us-gaap,FinancingReceivableExcludingAccruedInterestAfterAllowanceForCreditLoss,10-K,2023-02-22,CY2021Q4I,0000070858-23-000092,reported_instant_frame,real_public_sec_edgar,20214
BAC,BANK OF AMERICA CORP /DE/,0000070858,2022Q1,2022-03-31,interest_expense,Interest expense,1322000000.0,USD,us-gaap,InterestExpense,10-Q,2023-05-01,CY2022Q1,0000070858-23-000142,reported_quarterly_frame,real_public_sec_edgar,20221
BAC,BANK OF AMERICA CORP /DE/,0000070858,2022Q1,2022-03-31,interest_expense_deposits,Interest expense on deposits,164000000.0,USD,us-gaap,InterestExpenseDeposits,10-Q,2023-05-01,CY2022Q1,0000070858-23-000142,reported_quarterly_frame,real_public_sec_edgar,20221
BAC,BANK OF AMERICA CORP /DE/,0000070858,2022Q1,2022-03-31,interest_income,Interest income,12894000000.0,USD,us-gaap,InterestAndDividendIncomeOperating,10-Q,2023-05-01,CY2022Q1,0000070858-23-000142,reported_quarterly_frame,real_public_sec_edgar,20221
BAC,BANK OF AMERICA CORP /DE/,0000070858,2022Q1,2022-03-31,net_income,Net income,7067000000.0,USD,us-gaap,NetIncomeLoss,10-Q,2023-05-01,CY2022Q1,0000070858-23-000142,reported_quarterly_frame,real_public_sec_edgar,20221
BAC,BANK OF AMERICA CORP /DE/,0000070858,2022Q1,2022-03-31,noninterest_expense,Noninterest expense,15319000000.0,USD,us-gaap,NoninterestExpense,10-Q,2023-05-01,CY2022Q1,0000070858-23-000142,reported_quarterly_frame,real_public_sec_edgar,20221
BAC,BANK OF AMERICA CORP /DE/,0000070858,2022Q1,2022-03-31,noninterest_income,Noninterest income,11656000000.0,USD,us-gaap,NoninterestIncome,10-Q,2023-05-01,CY2022Q1,0000070858-23-000142,reported_quarterly_frame,real_public_sec_edgar,20221
BAC,BANK OF AMERICA CORP /DE/,0000070858,2022Q1,2022-03-31,total_assets,Total assets,3238223000000.0,USD,us-gaap,Assets,10-Q,2023-05-01,CY2022Q1I,0000070858-23-000142,reported_instant_frame,real_public_sec_edgar,20221
BAC,BANK OF AMERICA CORP /DE/,0000070858,2022Q1,2022-03-31,total_deposits,Total deposits,2072409000000.0,USD,us-gaap,Deposits,10-Q,2022-04-29,CY2022Q1I,0000070858-22-000088,reported_instant_frame,real_public_sec_edgar,20221
BAC,BANK OF AMERICA CORP /DE/,0000070858,2022Q1,2022-03-31,total_equity,Total equity,266617000000.0,USD,us-gaap,StockholdersEquity,10-Q,2023-07-31,CY2022Q1I,0000070858-23-000176,reported_instant_frame,real_public_sec_edgar,20221
BAC,BANK OF AMERICA CORP /DE/,0000070858,2022Q2,2022-06-30,interest_expense,Interest expense,2531000000.0,USD,us-gaap,InterestExpense,10-Q,2023-07-31,CY2022Q2,0000070858-23-000176,reported_quarterly_frame,real_public_sec_edgar,20222
BAC,BANK OF AMERICA CORP /DE/,0000070858,2022Q2,2022-06-30,interest_expense_deposits,Interest expense on deposits,320000000.0,USD,us-gaap,InterestExpenseDeposits,10-Q,2023-07-31,CY2022Q2,0000070858-23-000176,reported_quarterly_frame,real_public_sec_edgar,20222
BAC,BANK OF AMERICA CORP /DE/,0000070858,2022Q2,2022-06-30,interest_income,Interest income,14975000000.0,USD,us-gaap,InterestAndDividendIncomeOperating,10-Q,2023-07-31,CY2022Q2,0000070858-23-000176,reported_quarterly_frame,real_public_sec_edgar,20222
BAC,BANK OF AMERICA CORP /DE/,0000070858,2022Q2,2022-06-30,net_income,Net income,6247000000.0,USD,us-gaap,NetIncomeLoss,10-Q,2023-07-31,CY2022Q2,0000070858-23-000176,reported_quarterly_frame,real_public_sec_edgar,20222
BAC,BANK OF AMERICA CORP /DE/,0000070858,2022Q2,2022-06-30,noninterest_expense,Noninterest expense,15273000000.0,USD,us-gaap,NoninterestExpense,10-Q,2023-07-31,CY2022Q2,0000070858-23-000176,reported_quarterly_frame,real_public_sec_edgar,20222
BAC,BANK OF AMERICA CORP /DE/,0000070858,2022Q2,2022-06-30,noninterest_income,Noninterest income,10244000000.0,USD,us-gaap,NoninterestIncome,10-Q,2023-07-31,CY2022Q2,0000070858-23-000176,reported_quarterly_frame,real_public_sec_edgar,20222
BAC,BANK OF AMERICA CORP /DE/,0000070858,2022Q2,2022-06-30,total_assets,Total assets,3111606000000.0,USD,us-gaap,Assets,10-Q,2023-07-31,CY2022Q2I,0000070858-23-000176,reported_instant_frame,real_public_sec_edgar,20222
BAC,BANK OF AMERICA CORP /DE/,0000070858,2022Q2,2022-06-30,total_deposits,Total deposits,1984349000000.0,USD,us-gaap,Deposits,10-Q,2022-07-29,CY2022Q2I,0000070858-22-000112,reported_instant_frame,real_public_sec_edgar,20222
BAC,BANK OF AMERICA CORP /DE/,0000070858,2022Q2,2022-06-30,total_equity,Total equity,269118000000.0,USD,us-gaap,StockholdersEquity,10-Q,2023-10-31,CY2022Q2I,0000070858-23-000272,reported_instant_frame,real_public_sec_edgar,20222
BAC,BANK OF AMERICA CORP /DE/,0000070858,2022Q3,2022-09-30,interest_expense,Interest expense,5856000000.0,USD,us-gaap,InterestExpense,10-Q,2023-10-31,CY2022Q3,0000070858-23-000272,reported_quarterly_frame,real_public_sec_edgar,20223
BAC,BANK OF AMERICA CORP /DE/,0000070858,2022Q3,2022-09-30,interest_expense_deposits,Interest expense on deposits,1235000000.0,USD,us-gaap,InterestExpenseDeposits,10-Q,2023-10-31,CY2022Q3,0000070858-23-000272,reported_quarterly_frame,real_public_sec_edgar,20223
BAC,BANK OF AMERICA CORP /DE/,0000070858,2022Q3,2022-09-30,interest_income,Interest income,19621000000.0,USD,us-gaap,InterestAndDividendIncomeOperating,10-Q,2023-10-31,CY2022Q3,0000070858-23-000272,reported_quarterly_frame,real_public_sec_edgar,20223
BAC,BANK OF AMERICA CORP /DE/,0000070858,2022Q3,2022-09-30,net_income,Net income,7082000000.0,USD,us-gaap,NetIncomeLoss,10-Q,2023-10-31,CY2022Q3,0000070858-23-000272,reported_quarterly_frame,real_public_sec_edgar,20223
BAC,BANK OF AMERICA CORP /DE/,0000070858,2022Q3,2022-09-30,noninterest_expense,Noninterest expense,15303000000.0,USD,us-gaap,NoninterestExpense,10-Q,2023-10-31,CY2022Q3,0000070858-23-000272,reported_quarterly_frame,real_public_sec_edgar,20223
BAC,BANK OF AMERICA CORP /DE/,0000070858,2022Q3,2022-09-30,noninterest_income,Noninterest income,10737000000.0,USD,us-gaap,NoninterestIncome,10-Q,2023-10-31,CY2022Q3,0000070858-23-000272,reported_quarterly_frame,real_public_sec_edgar,20223
BAC,BANK OF AMERICA CORP /DE/,0000070858,2022Q3,2022-09-30,total_assets,Total assets,3072953000000.0,USD,us-gaap,Assets,10-Q,2023-10-31,CY2022Q3I,0000070858-23-000272,reported_instant_frame,real_public_sec_edgar,20223
BAC,BANK OF AMERICA CORP /DE/,0000070858,2022Q3,2022-09-30,total_deposits,Total deposits,1938097000000.0,USD,us-gaap,Deposits,10-Q,2022-10-28,CY2022Q3I,0000070858-22-000131,reported_instant_frame,real_public_sec_edgar,20223
BAC,BANK OF AMERICA CORP /DE/,0000070858,2022Q3,2022-09-30,total_equity,Total equity,269524000000.0,USD,us-gaap,StockholdersEquity,10-Q,2023-10-31,CY2022Q3I,0000070858-23-000272,reported_instant_frame,real_public_sec_edgar,20223
BAC,BANK OF AMERICA CORP /DE/,0000070858,2022Q4,2022-12-31,interest_expense,Interest expense,10394000000.0,USD,us-gaap,InterestExpense,10-K-derived,2024-02-20,CY2022Q4_DERIVED,0000070858-24-000122,derived_q4_from_reported_fy_less_q1_q3,real_public_sec_edgar,20224
BAC,BANK OF AMERICA CORP /DE/,0000070858,2022Q4,2022-12-31,interest_expense_deposits,Interest expense on deposits,2999000000.0,USD,us-gaap,InterestExpenseDeposits,10-K-derived,2025-02-25,CY2022Q4_DERIVED,0000070858-25-000139,derived_q4_from_reported_fy_less_q1_q3,real_public_sec_edgar,20224
BAC,BANK OF AMERICA CORP /DE/,0000070858,2022Q4,2022-12-31,interest_income,Interest income,25075000000.0,USD,us-gaap,InterestAndDividendIncomeOperating,10-K-derived,2025-02-25,CY2022Q4_DERIVED,0000070858-25-000139,derived_q4_from_reported_fy_less_q1_q3,real_public_sec_edgar,20224
BAC,BANK OF AMERICA CORP /DE/,0000070858,2022Q4,2022-12-31,net_income,Net income,7132000000.0,USD,us-gaap,NetIncomeLoss,10-K-derived,2025-02-25,CY2022Q4_DERIVED,0000070858-25-000139,derived_q4_from_reported_fy_less_q1_q3,real_public_sec_edgar,20224
BAC,BANK OF AMERICA CORP /DE/,0000070858,2022Q4,2022-12-31,noninterest_expense,Noninterest expense,15543000000.0,USD,us-gaap,NoninterestExpense,10-K-derived,2025-02-25,CY2022Q4_DERIVED,0000070858-25-000139,derived_q4_from_reported_fy_less_q1_q3,real_public_sec_edgar,20224
BAC,BANK OF AMERICA CORP /DE/,0000070858,2022Q4,2022-12-31,noninterest_income,Noninterest income,9851000000.0,USD,us-gaap,NoninterestIncome,10-K-derived,2025-02-25,CY2022Q4_DERIVED,0000070858-25-000139,derived_q4_from_reported_fy_less_q1_q3,real_public_sec_edgar,20224
BAC,BANK OF AMERICA CORP /DE/,0000070858,2022Q4,2022-12-31,total_assets,Total assets,3051375000000.0,USD,us-gaap,Assets,10-K,2024-02-20,CY2022Q4I,0000070858-24-000122,reported_instant_frame,real_public_sec_edgar,20224
BAC,BANK OF AMERICA CORP /DE/,0000070858,2022Q4,2022-12-31,total_deposits,Total deposits,1930341000000.0,USD,us-gaap,Deposits,10-K,2024-02-20,CY2022Q4I,0000070858-24-000122,reported_instant_frame,real_public_sec_edgar,20224
BAC,BANK OF AMERICA CORP /DE/,0000070858,2022Q4,2022-12-31,total_equity,Total equity,273197000000.0,USD,us-gaap,StockholdersEquity,10-K,2026-02-25,CY2022Q4I,0000070858-26-000157,reported_instant_frame,real_public_sec_edgar,20224
BAC,BANK OF AMERICA CORP /DE/,0000070858,2022Q4,2022-12-31,total_loans,Total loans,1033065000000.0,USD,us-gaap,FinancingReceivableExcludingAccruedInterestAfterAllowanceForCreditLoss,10-K,2024-02-20,CY2022Q4I,0000070858-24-000122,reported_instant_frame,real_public_sec_edgar,20224
BAC,BANK OF AMERICA CORP /DE/,0000070858,2023Q1,2023-03-31,interest_expense,Interest expense,14207000000.0,USD,us-gaap,InterestExpense,10-Q,2024-04-30,CY2023Q1,0000070858-24-000156,reported_quarterly_frame,real_public_sec_edgar,20231
BAC,BANK OF AMERICA CORP /DE/,0000070858,2023Q1,2023-03-31,interest_expense_deposits,Interest expense on deposits,4314000000.0,USD,us-gaap,InterestExpenseDeposits,10-Q,2024-04-30,CY2023Q1,0000070858-24-000156,reported_quarterly_frame,real_public_sec_edgar,20231
BAC,BANK OF AMERICA CORP /DE/,0000070858,2023Q1,2023-03-31,interest_income,Interest income,28655000000.0,USD,us-gaap,InterestAndDividendIncomeOperating,10-Q,2024-04-30,CY2023Q1,0000070858-24-000156,reported_quarterly_frame,real_public_sec_edgar,20231
BAC,BANK OF AMERICA CORP /DE/,0000070858,2023Q1,2023-03-31,net_income,Net income,8161000000.0,USD,us-gaap,NetIncomeLoss,10-Q,2024-04-30,CY2023Q1,0000070858-24-000156,reported_quarterly_frame,real_public_sec_edgar,20231
BAC,BANK OF AMERICA CORP /DE/,0000070858,2023Q1,2023-03-31,noninterest_expense,Noninterest expense,16238000000.0,USD,us-gaap,NoninterestExpense,10-Q,2024-04-30,CY2023Q1,0000070858-24-000156,reported_quarterly_frame,real_public_sec_edgar,20231
BAC,BANK OF AMERICA CORP /DE/,0000070858,2023Q1,2023-03-31,noninterest_income,Noninterest income,11810000000.0,USD,us-gaap,NoninterestIncome,10-Q,2024-04-30,CY2023Q1,0000070858-24-000156,reported_quarterly_frame,real_public_sec_edgar,20231
BAC,BANK OF AMERICA CORP /DE/,0000070858,2023Q1,2023-03-31,total_assets,Total assets,3194657000000.0,USD,us-gaap,Assets,10-Q,2024-04-30,CY2023Q1I,0000070858-24-000156,reported_instant_frame,real_public_sec_edgar,20231
BAC,BANK OF AMERICA CORP /DE/,0000070858,2023Q1,2023-03-31,total_deposits,Total deposits,1910402000000.0,USD,us-gaap,Deposits,10-Q,2023-05-01,CY2023Q1I,0000070858-23-000142,reported_instant_frame,real_public_sec_edgar,20231
BAC,BANK OF AMERICA CORP /DE/,0000070858,2023Q1,2023-03-31,total_equity,Total equity,280196000000.0,USD,us-gaap,StockholdersEquity,10-Q,2024-07-30,CY2023Q1I,0000070858-24-000208,reported_instant_frame,real_public_sec_edgar,20231
BAC,BANK OF AMERICA CORP /DE/,0000070858,2023Q1,2023-03-31,total_loans,Total loans,1033892000000.0,USD,us-gaap,FinancingReceivableExcludingAccruedInterestAfterAllowanceForCreditLoss,10-Q,2023-05-01,CY2023Q1I,0000070858-23-000142,reported_instant_frame,real_public_sec_edgar,20231
BAC,BANK OF AMERICA CORP /DE/,0000070858,2023Q2,2023-06-30,interest_expense,Interest expense,18196000000.0,USD,us-gaap,InterestExpenseOperating,10-Q,2024-07-30,CY2023Q2,0000070858-24-000208,reported_quarterly_frame,real_public_sec_edgar,20232
BAC,BANK OF AMERICA CORP /DE/,0000070858,2023Q2,2023-06-30,interest_expense_deposits,Interest expense on deposits,5785000000.0,USD,us-gaap,InterestExpenseDeposits,10-Q,2024-07-30,CY2023Q2,0000070858-24-000208,reported_quarterly_frame,real_public_sec_edgar,20232
BAC,BANK OF AMERICA CORP /DE/,0000070858,2023Q2,2023-06-30,interest_income,Interest income,32354000000.0,USD,us-gaap,InterestAndDividendIncomeOperating,10-Q,2024-07-30,CY2023Q2,0000070858-24-000208,reported_quarterly_frame,real_public_sec_edgar,20232
BAC,BANK OF AMERICA CORP /DE/,0000070858,2023Q2,2023-06-30,net_income,Net income,7408000000.0,USD,us-gaap,NetIncomeLoss,10-Q,2024-07-30,CY2023Q2,0000070858-24-000208,reported_quarterly_frame,real_public_sec_edgar,20232
BAC,BANK OF AMERICA CORP /DE/,0000070858,2023Q2,2023-06-30,noninterest_expense,Noninterest expense,16038000000.0,USD,us-gaap,NoninterestExpense,10-Q,2024-07-30,CY2023Q2,0000070858-24-000208,reported_quarterly_frame,real_public_sec_edgar,20232
BAC,BANK OF AMERICA CORP /DE/,0000070858,2023Q2,2023-06-30,noninterest_income,Noninterest income,11039000000.0,USD,us-gaap,NoninterestIncome,10-Q,2024-07-30,CY2023Q2,0000070858-24-000208,reported_quarterly_frame,real_public_sec_edgar,20232
BAC,BANK OF AMERICA CORP /DE/,0000070858,2023Q2,2023-06-30,total_assets,Total assets,3123198000000.0,USD,us-gaap,Assets,10-Q,2024-07-30,CY2023Q2I,0000070858-24-000208,reported_instant_frame,real_public_sec_edgar,20232
BAC,BANK OF AMERICA CORP /DE/,0000070858,2023Q2,2023-06-30,total_deposits,Total deposits,1877209000000.0,USD,us-gaap,Deposits,10-Q,2023-07-31,CY2023Q2I,0000070858-23-000176,reported_instant_frame,real_public_sec_edgar,20232
BAC,BANK OF AMERICA CORP /DE/,0000070858,2023Q2,2023-06-30,total_equity,Total equity,283319000000.0,USD,us-gaap,StockholdersEquity,10-Q,2024-10-29,CY2023Q2I,0000070858-24-000280,reported_instant_frame,real_public_sec_edgar,20232
BAC,BANK OF AMERICA CORP /DE/,0000070858,2023Q2,2023-06-30,total_loans,Total loans,1038274000000.0,USD,us-gaap,FinancingReceivableExcludingAccruedInterestAfterAllowanceForCreditLoss,10-Q,2023-07-31,CY2023Q2I,0000070858-23-000176,reported_instant_frame,real_public_sec_edgar,20232
BAC,BANK OF AMERICA CORP /DE/,0000070858,2023Q3,2023-09-30,interest_expense,Interest expense,19245000000.0,USD,us-gaap,InterestExpenseOperating,10-Q,2024-10-29,CY2023Q3,0000070858-24-000280,reported_quarterly_frame,real_public_sec_edgar,20233
BAC,BANK OF AMERICA CORP /DE/,0000070858,2023Q3,2023-09-30,interest_expense_deposits,Interest expense on deposits,7340000000.0,USD,us-gaap,InterestExpenseDeposits,10-Q,2024-10-29,CY2023Q3,0000070858-24-000280,reported_quarterly_frame,real_public_sec_edgar,20233
BAC,BANK OF AMERICA CORP /DE/,0000070858,2023Q3,2023-09-30,interest_income,Interest income,33624000000.0,USD,us-gaap,InterestAndDividendIncomeOperating,10-Q,2024-10-29,CY2023Q3,0000070858-24-000280,reported_quarterly_frame,real_public_sec_edgar,20233
BAC,BANK OF AMERICA CORP /DE/,0000070858,2023Q3,2023-09-30,net_income,Net income,7802000000.0,USD,us-gaap,NetIncomeLoss,10-Q,2024-10-29,CY2023Q3,0000070858-24-000280,reported_quarterly_frame,real_public_sec_edgar,20233
BAC,BANK OF AMERICA CORP /DE/,0000070858,2023Q3,2023-09-30,noninterest_expense,Noninterest expense,15838000000.0,USD,us-gaap,NoninterestExpense,10-Q,2024-10-29,CY2023Q3,0000070858-24-000280,reported_quarterly_frame,real_public_sec_edgar,20233
BAC,BANK OF AMERICA CORP /DE/,0000070858,2023Q3,2023-09-30,noninterest_income,Noninterest income,10788000000.0,USD,us-gaap,NoninterestIncome,10-Q,2024-10-29,CY2023Q3,0000070858-24-000280,reported_quarterly_frame,real_public_sec_edgar,20233
BAC,BANK OF AMERICA CORP /DE/,0000070858,2023Q3,2023-09-30,total_assets,Total assets,3153090000000.0,USD,us-gaap,Assets,10-Q,2024-10-29,CY2023Q3I,0000070858-24-000280,reported_instant_frame,real_public_sec_edgar,20233
BAC,BANK OF AMERICA CORP /DE/,0000070858,2023Q3,2023-09-30,total_deposits,Total deposits,1884601000000.0,USD,us-gaap,Deposits,10-Q,2023-10-31,CY2023Q3I,0000070858-23-000272,reported_instant_frame,real_public_sec_edgar,20233
BAC,BANK OF AMERICA CORP /DE/,0000070858,2023Q3,2023-09-30,total_equity,Total equity,287064000000.0,USD,us-gaap,StockholdersEquity,10-Q,2024-10-29,CY2023Q3I,0000070858-24-000280,reported_instant_frame,real_public_sec_edgar,20233
BAC,BANK OF AMERICA CORP /DE/,0000070858,2023Q3,2023-09-30,total_loans,Total loans,1035862000000.0,USD,us-gaap,FinancingReceivableExcludingAccruedInterestAfterAllowanceForCreditLoss,10-Q,2023-10-31,CY2023Q3I,0000070858-23-000272,reported_instant_frame,real_public_sec_edgar,20233
BAC,BANK OF AMERICA CORP /DE/,0000070858,2023Q4,2023-12-31,interest_expense,Interest expense,21683000000.0,USD,us-gaap,InterestExpense,10-K-derived,2024-02-20,CY2023Q4_DERIVED,0000070858-24-000122,derived_q4_from_reported_fy_less_q1_q3,real_public_sec_edgar,20234
BAC,BANK OF AMERICA CORP /DE/,0000070858,2023Q4,2023-12-31,interest_expense_deposits,Interest expense on deposits,8724000000.0,USD,us-gaap,InterestExpenseDeposits,10-K-derived,2026-02-25,CY2023Q4_DERIVED,0000070858-26-000157,derived_q4_from_reported_fy_less_q1_q3,real_public_sec_edgar,20234
BAC,BANK OF AMERICA CORP /DE/,0000070858,2023Q4,2023-12-31,interest_income,Interest income,35629000000.0,USD,us-gaap,InterestAndDividendIncomeOperating,10-K-derived,2026-02-25,CY2023Q4_DERIVED,0000070858-26-000157,derived_q4_from_reported_fy_less_q1_q3,real_public_sec_edgar,20234
BAC,BANK OF AMERICA CORP /DE/,0000070858,2023Q4,2023-12-31,net_income,Net income,2934000000.0,USD,us-gaap,NetIncomeLoss,10-K-derived,2026-02-25,CY2023Q4_DERIVED,0000070858-26-000157,derived_q4_from_reported_fy_less_q1_q3,real_public_sec_edgar,20234
BAC,BANK OF AMERICA CORP /DE/,0000070858,2023Q4,2023-12-31,noninterest_expense,Noninterest expense,17731000000.0,USD,us-gaap,NoninterestExpense,10-K-derived,2026-02-25,CY2023Q4_DERIVED,0000070858-26-000157,derived_q4_from_reported_fy_less_q1_q3,real_public_sec_edgar,20234
BAC,BANK OF AMERICA CORP /DE/,0000070858,2023Q4,2023-12-31,noninterest_income,Noninterest income,12201000000.0,USD,us-gaap,NoninterestIncome,10-K-derived,2026-02-25,CY2023Q4_DERIVED,0000070858-26-000157,derived_q4_from_reported_fy_less_q1_q3,real_public_sec_edgar,20234
BAC,BANK OF AMERICA CORP /DE/,0000070858,2023Q4,2023-12-31,total_assets,Total assets,3180151000000.0,USD,us-gaap,Assets,10-K,2025-02-25,CY2023Q4I,0000070858-25-000139,reported_instant_frame,real_public_sec_edgar,20234
BAC,BANK OF AMERICA CORP /DE/,0000070858,2023Q4,2023-12-31,total_deposits,Total deposits,1923827000000.0,USD,us-gaap,Deposits,10-K,2025-02-25,CY2023Q4I,0000070858-25-000139,reported_instant_frame,real_public_sec_edgar,20234
BAC,BANK OF AMERICA CORP /DE/,0000070858,2023Q4,2023-12-31,total_equity,Total equity,290209000000.0,USD,us-gaap,StockholdersEquity,10-K,2026-02-25,CY2023Q4I,0000070858-26-000157,reported_instant_frame,real_public_sec_edgar,20234
BAC,BANK OF AMERICA CORP /DE/,0000070858,2023Q4,2023-12-31,total_loans,Total loans,1040390000000.0,USD,us-gaap,FinancingReceivableExcludingAccruedInterestAfterAllowanceForCreditLoss,10-K,2025-02-25,CY2023Q4I,0000070858-25-000139,reported_instant_frame,real_public_sec_edgar,20234
BAC,BANK OF AMERICA CORP /DE/,0000070858,2024Q1,2024-03-31,interest_expense,Interest expense,22253000000.0,USD,us-gaap,InterestExpenseOperating,10-Q,2025-04-30,CY2024Q1,0000070858-25-000200,reported_quarterly_frame,real_public_sec_edgar,20241
BAC,BANK OF AMERICA CORP /DE/,0000070858,2024Q1,2024-03-31,interest_expense_deposits,Interest expense on deposits,9138000000.0,USD,us-gaap,InterestExpenseDeposits,10-Q,2025-04-30,CY2024Q1,0000070858-25-000200,reported_quarterly_frame,real_public_sec_edgar,20241
BAC,BANK OF AMERICA CORP /DE/,0000070858,2024Q1,2024-03-31,interest_income,Interest income,36285000000.0,USD,us-gaap,InterestAndDividendIncomeOperating,10-Q,2025-04-30,CY2024Q1,0000070858-25-000200,reported_quarterly_frame,real_public_sec_edgar,20241
BAC,BANK OF AMERICA CORP /DE/,0000070858,2024Q1,2024-03-31,net_income,Net income,6674000000.0,USD,us-gaap,NetIncomeLoss,10-Q,2025-04-30,CY2024Q1,0000070858-25-000200,reported_quarterly_frame,real_public_sec_edgar,20241
BAC,BANK OF AMERICA CORP /DE/,0000070858,2024Q1,2024-03-31,noninterest_expense,Noninterest expense,17237000000.0,USD,us-gaap,NoninterestExpense,10-Q,2025-04-30,CY2024Q1,0000070858-25-000200,reported_quarterly_frame,real_public_sec_edgar,20241
BAC,BANK OF AMERICA CORP /DE/,0000070858,2024Q1,2024-03-31,noninterest_income,Noninterest income,11786000000.0,USD,us-gaap,NoninterestIncome,10-Q,2025-04-30,CY2024Q1,0000070858-25-000200,reported_quarterly_frame,real_public_sec_edgar,20241
BAC,BANK OF AMERICA CORP /DE/,0000070858,2024Q1,2024-03-31,total_assets,Total assets,3273803000000.0,USD,us-gaap,Assets,10-Q,2025-04-30,CY2024Q1I,0000070858-25-000200,reported_instant_frame,real_public_sec_edgar,20241
BAC,BANK OF AMERICA CORP /DE/,0000070858,2024Q1,2024-03-31,total_deposits,Total deposits,1946496000000.0,USD,us-gaap,Deposits,10-Q,2024-04-30,CY2024Q1I,0000070858-24-000156,reported_instant_frame,real_public_sec_edgar,20241
BAC,BANK OF AMERICA CORP /DE/,0000070858,2024Q1,2024-03-31,total_equity,Total equity,293552000000.0,USD,us-gaap,StockholdersEquity,10-Q,2025-07-31,CY2024Q1I,0000070858-25-000268,reported_instant_frame,real_public_sec_edgar,20241
BAC,BANK OF AMERICA CORP /DE/,0000070858,2024Q1,2024-03-31,total_loans,Total loans,1035943000000.0,USD,us-gaap,FinancingReceivableExcludingAccruedInterestAfterAllowanceForCreditLoss,10-Q,2024-04-30,CY2024Q1I,0000070858-24-000156,reported_instant_frame,real_public_sec_edgar,20241
BAC,BANK OF AMERICA CORP /DE/,0000070858,2024Q2,2024-06-30,interest_expense,Interest expense,23152000000.0,USD,us-gaap,InterestExpenseOperating,10-Q,2025-07-31,CY2024Q2,0000070858-25-000268,reported_quarterly_frame,real_public_sec_edgar,20242
BAC,BANK OF AMERICA CORP /DE/,0000070858,2024Q2,2024-06-30,interest_expense_deposits,Interest expense on deposits,9655000000.0,USD,us-gaap,InterestExpenseDeposits,10-Q,2025-07-31,CY2024Q2,0000070858-25-000268,reported_quarterly_frame,real_public_sec_edgar,20242
BAC,BANK OF AMERICA CORP /DE/,0000070858,2024Q2,2024-06-30,interest_income,Interest income,36854000000.0,USD,us-gaap,InterestAndDividendIncomeOperating,10-Q,2025-07-31,CY2024Q2,0000070858-25-000268,reported_quarterly_frame,real_public_sec_edgar,20242
BAC,BANK OF AMERICA CORP /DE/,0000070858,2024Q2,2024-06-30,net_income,Net income,6897000000.0,USD,us-gaap,NetIncomeLoss,10-Q,2025-07-31,CY2024Q2,0000070858-25-000268,reported_quarterly_frame,real_public_sec_edgar,20242
BAC,BANK OF AMERICA CORP /DE/,0000070858,2024Q2,2024-06-30,noninterest_expense,Noninterest expense,16309000000.0,USD,us-gaap,NoninterestExpense,10-Q,2025-07-31,CY2024Q2,0000070858-25-000268,reported_quarterly_frame,real_public_sec_edgar,20242
BAC,BANK OF AMERICA CORP /DE/,0000070858,2024Q2,2024-06-30,noninterest_income,Noninterest income,11675000000.0,USD,us-gaap,NoninterestIncome,10-Q,2025-07-31,CY2024Q2,0000070858-25-000268,reported_quarterly_frame,real_public_sec_edgar,20242
BAC,BANK OF AMERICA CORP /DE/,0000070858,2024Q2,2024-06-30,total_assets,Total assets,3257996000000.0,USD,us-gaap,Assets,10-Q,2025-07-31,CY2024Q2I,0000070858-25-000268,reported_instant_frame,real_public_sec_edgar,20242
BAC,BANK OF AMERICA CORP /DE/,0000070858,2024Q2,2024-06-30,total_deposits,Total deposits,1910491000000.0,USD,us-gaap,Deposits,10-Q,2024-07-30,CY2024Q2I,0000070858-24-000208,reported_instant_frame,real_public_sec_edgar,20242
BAC,BANK OF AMERICA CORP /DE/,0000070858,2024Q2,2024-06-30,total_equity,Total equity,293892000000.0,USD,us-gaap,StockholdersEquity,10-Q,2025-10-31,CY2024Q2I,0000070858-25-000405,reported_instant_frame,real_public_sec_edgar,20242
BAC,BANK OF AMERICA CORP /DE/,0000070858,2024Q2,2024-06-30,total_loans,Total loans,1043547000000.0,USD,us-gaap,FinancingReceivableExcludingAccruedInterestAfterAllowanceForCreditLoss,10-Q,2024-07-30,CY2024Q2I,0000070858-24-000208,reported_instant_frame,real_public_sec_edgar,20242
BAC,BANK OF AMERICA CORP /DE/,0000070858,2024Q3,2024-09-30,interest_expense,Interest expense,23524000000.0,USD,us-gaap,InterestExpenseOperating,10-Q,2025-10-31,CY2024Q3,0000070858-25-000405,reported_quarterly_frame,real_public_sec_edgar,20243
BAC,BANK OF AMERICA CORP /DE/,0000070858,2024Q3,2024-09-30,interest_expense_deposits,Interest expense on deposits,10125000000.0,USD,us-gaap,InterestExpenseDeposits,10-Q,2025-10-31,CY2024Q3,0000070858-25-000405,reported_quarterly_frame,real_public_sec_edgar,20243
BAC,BANK OF AMERICA CORP /DE/,0000070858,2024Q3,2024-09-30,interest_income,Interest income,37491000000.0,USD,us-gaap,InterestAndDividendIncomeOperating,10-Q,2025-10-31,CY2024Q3,0000070858-25-000405,reported_quarterly_frame,real_public_sec_edgar,20243
BAC,BANK OF AMERICA CORP /DE/,0000070858,2024Q3,2024-09-30,net_income,Net income,6896000000.0,USD,us-gaap,NetIncomeLoss,10-Q,2025-10-31,CY2024Q3,0000070858-25-000405,reported_quarterly_frame,real_public_sec_edgar,20243
BAC,BANK OF AMERICA CORP /DE/,0000070858,2024Q3,2024-09-30,noninterest_expense,Noninterest expense,16479000000.0,USD,us-gaap,NoninterestExpense,10-Q,2025-10-31,CY2024Q3,0000070858-25-000405,reported_quarterly_frame,real_public_sec_edgar,20243
BAC,BANK OF AMERICA CORP /DE/,0000070858,2024Q3,2024-09-30,noninterest_income,Noninterest income,11378000000.0,USD,us-gaap,NoninterestIncome,10-Q,2025-10-31,CY2024Q3,0000070858-25-000405,reported_quarterly_frame,real_public_sec_edgar,20243
BAC,BANK OF AMERICA CORP /DE/,0000070858,2024Q3,2024-09-30,total_assets,Total assets,3324293000000.0,USD,us-gaap,Assets,10-Q,2025-10-31,CY2024Q3I,0000070858-25-000405,reported_instant_frame,real_public_sec_edgar,20243
BAC,BANK OF AMERICA CORP /DE/,0000070858,2024Q3,2024-09-30,total_deposits,Total deposits,1930352000000.0,USD,us-gaap,Deposits,10-Q,2024-10-29,CY2024Q3I,0000070858-24-000280,reported_instant_frame,real_public_sec_edgar,20243
BAC,BANK OF AMERICA CORP /DE/,0000070858,2024Q3,2024-09-30,total_equity,Total equity,296512000000.0,USD,us-gaap,StockholdersEquity,10-Q,2025-10-31,CY2024Q3I,0000070858-25-000405,reported_instant_frame,real_public_sec_edgar,20243
BAC,BANK OF AMERICA CORP /DE/,0000070858,2024Q3,2024-09-30,total_loans,Total loans,1062549000000.0,USD,us-gaap,FinancingReceivableExcludingAccruedInterestAfterAllowanceForCreditLoss,10-Q,2024-10-29,CY2024Q3I,0000070858-24-000280,reported_instant_frame,real_public_sec_edgar,20243
BAC,BANK OF AMERICA CORP /DE/,0000070858,2024Q4,2024-12-31,interest_expense,Interest expense,21618000000.0,USD,us-gaap,InterestExpenseOperating,10-K-derived,2026-02-25,CY2024Q4_DERIVED,0000070858-26-000157,derived_q4_from_reported_fy_less_q1_q3,real_public_sec_edgar,20244
BAC,BANK OF AMERICA CORP /DE/,0000070858,2024Q4,2024-12-31,interest_expense_deposits,Interest expense on deposits,9524000000.0,USD,us-gaap,InterestExpenseDeposits,10-K-derived,2026-02-25,CY2024Q4_DERIVED,0000070858-26-000157,derived_q4_from_reported_fy_less_q1_q3,real_public_sec_edgar,20244
BAC,BANK OF AMERICA CORP /DE/,0000070858,2024Q4,2024-12-31,interest_income,Interest income,35977000000.0,USD,us-gaap,InterestAndDividendIncomeOperating,10-K-derived,2026-02-25,CY2024Q4_DERIVED,0000070858-26-000157,derived_q4_from_reported_fy_less_q1_q3,real_public_sec_edgar,20244
BAC,BANK OF AMERICA CORP /DE/,0000070858,2024Q4,2024-12-31,net_income,Net income,6506000000.0,USD,us-gaap,NetIncomeLoss,10-K-derived,2026-02-25,CY2024Q4_DERIVED,0000070858-26-000157,derived_q4_from_reported_fy_less_q1_q3,real_public_sec_edgar,20244
BAC,BANK OF AMERICA CORP /DE/,0000070858,2024Q4,2024-12-31,noninterest_expense,Noninterest expense,16787000000.0,USD,us-gaap,NoninterestExpense,10-K-derived,2026-02-25,CY2024Q4_DERIVED,0000070858-26-000157,derived_q4_from_reported_fy_less_q1_q3,real_public_sec_edgar,20244
BAC,BANK OF AMERICA CORP /DE/,0000070858,2024Q4,2024-12-31,noninterest_income,Noninterest income,14957000000.0,USD,us-gaap,NoninterestIncome,10-K-derived,2026-02-25,CY2024Q4_DERIVED,0000070858-26-000157,derived_q4_from_reported_fy_less_q1_q3,real_public_sec_edgar,20244
BAC,BANK OF AMERICA CORP /DE/,0000070858,2024Q4,2024-12-31,total_assets,Total assets,3261299000000.0,USD,us-gaap,Assets,10-K,2026-02-25,CY2024Q4I,0000070858-26-000157,reported_instant_frame,real_public_sec_edgar,20244
BAC,BANK OF AMERICA CORP /DE/,0000070858,2024Q4,2024-12-31,total_deposits,Total deposits,1965467000000.0,USD,us-gaap,Deposits,10-K,2026-02-25,CY2024Q4I,0000070858-26-000157,reported_instant_frame,real_public_sec_edgar,20244
BAC,BANK OF AMERICA CORP /DE/,0000070858,2024Q4,2024-12-31,total_equity,Total equity,293963000000.0,USD,us-gaap,StockholdersEquity,10-Q,2026-05-01,CY2024Q4I,0000070858-26-000249,reported_instant_frame,real_public_sec_edgar,20244
BAC,BANK OF AMERICA CORP /DE/,0000070858,2024Q4,2024-12-31,total_loans,Total loans,1082595000000.0,USD,us-gaap,FinancingReceivableExcludingAccruedInterestAfterAllowanceForCreditLoss,10-K,2026-02-25,CY2024Q4I,0000070858-26-000157,reported_instant_frame,real_public_sec_edgar,20244
BAC,BANK OF AMERICA CORP /DE/,0000070858,2025Q1,2025-03-31,interest_expense,Interest expense,19623000000.0,USD,us-gaap,InterestExpenseOperating,10-Q,2026-05-01,CY2025Q1,0000070858-26-000249,reported_quarterly_frame,real_public_sec_edgar,20251
BAC,BANK OF AMERICA CORP /DE/,0000070858,2025Q1,2025-03-31,interest_expense_deposits,Interest expense on deposits,8632000000.0,USD,us-gaap,InterestExpenseDeposits,10-Q,2026-05-01,CY2025Q1,0000070858-26-000249,reported_quarterly_frame,real_public_sec_edgar,20251
BAC,BANK OF AMERICA CORP /DE/,0000070858,2025Q1,2025-03-31,interest_income,Interest income,34066000000.0,USD,us-gaap,InterestAndDividendIncomeOperating,10-Q,2026-05-01,CY2025Q1,0000070858-26-000249,reported_quarterly_frame,real_public_sec_edgar,20251
BAC,BANK OF AMERICA CORP /DE/,0000070858,2025Q1,2025-03-31,net_income,Net income,7360000000.0,USD,us-gaap,NetIncomeLoss,10-Q,2026-05-01,CY2025Q1,0000070858-26-000249,reported_quarterly_frame,real_public_sec_edgar,20251
BAC,BANK OF AMERICA CORP /DE/,0000070858,2025Q1,2025-03-31,noninterest_expense,Noninterest expense,17770000000.0,USD,us-gaap,NoninterestExpense,10-Q,2026-05-01,CY2025Q1,0000070858-26-000249,reported_quarterly_frame,real_public_sec_edgar,20251
BAC,BANK OF AMERICA CORP /DE/,0000070858,2025Q1,2025-03-31,noninterest_income,Noninterest income,13804000000.0,USD,us-gaap,NoninterestIncome,10-Q,2026-05-01,CY2025Q1,0000070858-26-000249,reported_quarterly_frame,real_public_sec_edgar,20251
BAC,BANK OF AMERICA CORP /DE/,0000070858,2025Q1,2025-03-31,total_assets,Total assets,3349039000000.0,USD,us-gaap,Assets,10-Q,2026-05-01,CY2025Q1I,0000070858-26-000249,reported_instant_frame,real_public_sec_edgar,20251
BAC,BANK OF AMERICA CORP /DE/,0000070858,2025Q1,2025-03-31,total_deposits,Total deposits,1989564000000.0,USD,us-gaap,Deposits,10-Q,2025-04-30,CY2025Q1I,0000070858-25-000200,reported_instant_frame,real_public_sec_edgar,20251
BAC,BANK OF AMERICA CORP /DE/,0000070858,2025Q1,2025-03-31,total_equity,Total equity,293949000000.0,USD,us-gaap,StockholdersEquity,10-Q,2026-05-01,CY2025Q1I,0000070858-26-000249,reported_instant_frame,real_public_sec_edgar,20251
BAC,BANK OF AMERICA CORP /DE/,0000070858,2025Q1,2025-03-31,total_loans,Total loans,1097369000000.0,USD,us-gaap,FinancingReceivableExcludingAccruedInterestAfterAllowanceForCreditLoss,10-Q,2025-04-30,CY2025Q1I,0000070858-25-000200,reported_instant_frame,real_public_sec_edgar,20251
BAC,BANK OF AMERICA CORP /DE/,0000070858,2025Q2,2025-06-30,interest_expense,Interest expense,20203000000.0,USD,us-gaap,InterestExpenseOperating,10-Q,2025-07-31,CY2025Q2,0000070858-25-000268,reported_quarterly_frame,real_public_sec_edgar,20252
BAC,BANK OF AMERICA CORP /DE/,0000070858,2025Q2,2025-06-30,interest_expense_deposits,Interest expense on deposits,8681000000.0,USD,us-gaap,InterestExpenseDeposits,10-Q,2025-07-31,CY2025Q2,0000070858-25-000268,reported_quarterly_frame,real_public_sec_edgar,20252
BAC,BANK OF AMERICA CORP /DE/,0000070858,2025Q2,2025-06-30,interest_income,Interest income,34873000000.0,USD,us-gaap,InterestAndDividendIncomeOperating,10-Q,2025-07-31,CY2025Q2,0000070858-25-000268,reported_quarterly_frame,real_public_sec_edgar,20252
BAC,BANK OF AMERICA CORP /DE/,0000070858,2025Q2,2025-06-30,net_income,Net income,7116000000.0,USD,us-gaap,NetIncomeLoss,10-Q,2025-07-31,CY2025Q2,0000070858-25-000268,reported_quarterly_frame,real_public_sec_edgar,20252
BAC,BANK OF AMERICA CORP /DE/,0000070858,2025Q2,2025-06-30,noninterest_expense,Noninterest expense,17183000000.0,USD,us-gaap,NoninterestExpense,10-Q,2025-07-31,CY2025Q2,0000070858-25-000268,reported_quarterly_frame,real_public_sec_edgar,20252
BAC,BANK OF AMERICA CORP /DE/,0000070858,2025Q2,2025-06-30,noninterest_income,Noninterest income,11793000000.0,USD,us-gaap,NoninterestIncome,10-Q,2025-07-31,CY2025Q2,0000070858-25-000268,reported_quarterly_frame,real_public_sec_edgar,20252
BAC,BANK OF AMERICA CORP /DE/,0000070858,2025Q2,2025-06-30,total_assets,Total assets,3441142000000.0,USD,us-gaap,Assets,10-Q,2025-07-31,CY2025Q2I,0000070858-25-000268,reported_instant_frame,real_public_sec_edgar,20252
BAC,BANK OF AMERICA CORP /DE/,0000070858,2025Q2,2025-06-30,total_deposits,Total deposits,2011613000000.0,USD,us-gaap,Deposits,10-Q,2025-07-31,CY2025Q2I,0000070858-25-000268,reported_instant_frame,real_public_sec_edgar,20252
BAC,BANK OF AMERICA CORP /DE/,0000070858,2025Q2,2025-06-30,total_equity,Total equity,299599000000.0,USD,us-gaap,StockholdersEquity,10-Q,2025-10-31,CY2025Q2I,0000070858-25-000405,reported_instant_frame,real_public_sec_edgar,20252
BAC,BANK OF AMERICA CORP /DE/,0000070858,2025Q2,2025-06-30,total_loans,Total loans,1133765000000.0,USD,us-gaap,FinancingReceivableExcludingAccruedInterestAfterAllowanceForCreditLoss,10-Q,2025-07-31,CY2025Q2I,0000070858-25-000268,reported_instant_frame,real_public_sec_edgar,20252
BAC,BANK OF AMERICA CORP /DE/,0000070858,2025Q3,2025-09-30,interest_expense,Interest expense,20133000000.0,USD,us-gaap,InterestExpenseOperating,10-Q,2025-10-31,CY2025Q3,0000070858-25-000405,reported_quarterly_frame,real_public_sec_edgar,20253
BAC,BANK OF AMERICA CORP /DE/,0000070858,2025Q3,2025-09-30,interest_expense_deposits,Interest expense on deposits,8932000000.0,USD,us-gaap,InterestExpenseDeposits,10-Q,2025-10-31,CY2025Q3,0000070858-25-000405,reported_quarterly_frame,real_public_sec_edgar,20253
BAC,BANK OF AMERICA CORP /DE/,0000070858,2025Q3,2025-09-30,interest_income,Interest income,35366000000.0,USD,us-gaap,InterestAndDividendIncomeOperating,10-Q,2025-10-31,CY2025Q3,0000070858-25-000405,reported_quarterly_frame,real_public_sec_edgar,20253
BAC,BANK OF AMERICA CORP /DE/,0000070858,2025Q3,2025-09-30,net_income,Net income,8469000000.0,USD,us-gaap,NetIncomeLoss,10-Q,2025-10-31,CY2025Q3,0000070858-25-000405,reported_quarterly_frame,real_public_sec_edgar,20253
BAC,BANK OF AMERICA CORP /DE/,0000070858,2025Q3,2025-09-30,noninterest_expense,Noninterest expense,17337000000.0,USD,us-gaap,NoninterestExpense,10-Q,2025-10-31,CY2025Q3,0000070858-25-000405,reported_quarterly_frame,real_public_sec_edgar,20253
BAC,BANK OF AMERICA CORP /DE/,0000070858,2025Q3,2025-09-30,noninterest_income,Noninterest income,12855000000.0,USD,us-gaap,NoninterestIncome,10-Q,2025-10-31,CY2025Q3,0000070858-25-000405,reported_quarterly_frame,real_public_sec_edgar,20253
BAC,BANK OF AMERICA CORP /DE/,0000070858,2025Q3,2025-09-30,total_assets,Total assets,3403716000000.0,USD,us-gaap,Assets,10-Q,2025-10-31,CY2025Q3I,0000070858-25-000405,reported_instant_frame,real_public_sec_edgar,20253
BAC,BANK OF AMERICA CORP /DE/,0000070858,2025Q3,2025-09-30,total_deposits,Total deposits,2002208000000.0,USD,us-gaap,Deposits,10-Q,2025-10-31,CY2025Q3I,0000070858-25-000405,reported_instant_frame,real_public_sec_edgar,20253
BAC,BANK OF AMERICA CORP /DE/,0000070858,2025Q3,2025-09-30,total_equity,Total equity,304152000000.0,USD,us-gaap,StockholdersEquity,10-Q,2025-10-31,CY2025Q3I,0000070858-25-000405,reported_instant_frame,real_public_sec_edgar,20253
BAC,BANK OF AMERICA CORP /DE/,0000070858,2025Q3,2025-09-30,total_loans,Total loans,1152648000000.0,USD,us-gaap,FinancingReceivableExcludingAccruedInterestAfterAllowanceForCreditLoss,10-Q,2025-10-31,CY2025Q3I,0000070858-25-000405,reported_instant_frame,real_public_sec_edgar,20253
BAC,BANK OF AMERICA CORP /DE/,0000070858,2025Q4,2025-12-31,interest_expense,Interest expense,18511000000.0,USD,us-gaap,InterestExpenseOperating,10-K-derived,2026-02-25,CY2025Q4_DERIVED,0000070858-26-000157,derived_q4_from_reported_fy_less_q1_q3,real_public_sec_edgar,20254
BAC,BANK OF AMERICA CORP /DE/,0000070858,2025Q4,2025-12-31,interest_expense_deposits,Interest expense on deposits,8268000000.0,USD,us-gaap,InterestExpenseDeposits,10-K-derived,2026-02-25,CY2025Q4_DERIVED,0000070858-26-000157,derived_q4_from_reported_fy_less_q1_q3,real_public_sec_edgar,20254
BAC,BANK OF AMERICA CORP /DE/,0000070858,2025Q4,2025-12-31,interest_income,Interest income,34261000000.0,USD,us-gaap,InterestAndDividendIncomeOperating,10-K-derived,2026-02-25,CY2025Q4_DERIVED,0000070858-26-000157,derived_q4_from_reported_fy_less_q1_q3,real_public_sec_edgar,20254
BAC,BANK OF AMERICA CORP /DE/,0000070858,2025Q4,2025-12-31,net_income,Net income,7564000000.0,USD,us-gaap,NetIncomeLoss,10-K-derived,2026-02-25,CY2025Q4_DERIVED,0000070858-26-000157,derived_q4_from_reported_fy_less_q1_q3,real_public_sec_edgar,20254
BAC,BANK OF AMERICA CORP /DE/,0000070858,2025Q4,2025-12-31,noninterest_expense,Noninterest expense,17437000000.0,USD,us-gaap,NoninterestExpense,10-K-derived,2026-02-25,CY2025Q4_DERIVED,0000070858-26-000157,derived_q4_from_reported_fy_less_q1_q3,real_public_sec_edgar,20254
BAC,BANK OF AMERICA CORP /DE/,0000070858,2025Q4,2025-12-31,noninterest_income,Noninterest income,14549000000.0,USD,us-gaap,NoninterestIncome,10-K-derived,2026-02-25,CY2025Q4_DERIVED,0000070858-26-000157,derived_q4_from_reported_fy_less_q1_q3,real_public_sec_edgar,20254
BAC,BANK OF AMERICA CORP /DE/,0000070858,2025Q4,2025-12-31,total_assets,Total assets,3411738000000.0,USD,us-gaap,Assets,10-Q,2026-05-01,CY2025Q4I,0000070858-26-000249,reported_instant_frame,real_public_sec_edgar,20254
BAC,BANK OF AMERICA CORP /DE/,0000070858,2025Q4,2025-12-31,total_deposits,Total deposits,2018729000000.0,USD,us-gaap,Deposits,10-Q,2026-05-01,CY2025Q4I,0000070858-26-000249,reported_instant_frame,real_public_sec_edgar,20254
BAC,BANK OF AMERICA CORP /DE/,0000070858,2025Q4,2025-12-31,total_equity,Total equity,303243000000.0,USD,us-gaap,StockholdersEquity,10-Q,2026-05-01,CY2025Q4I,0000070858-26-000249,reported_instant_frame,real_public_sec_edgar,20254
BAC,BANK OF AMERICA CORP /DE/,0000070858,2025Q4,2025-12-31,total_loans,Total loans,1172497000000.0,USD,us-gaap,FinancingReceivableExcludingAccruedInterestAfterAllowanceForCreditLoss,10-Q,2026-05-01,CY2025Q4I,0000070858-26-000249,reported_instant_frame,real_public_sec_edgar,20254
BAC,BANK OF AMERICA CORP /DE/,0000070858,2026Q1,2026-03-31,interest_expense,Interest expense,17614000000.0,USD,us-gaap,InterestExpenseOperating,10-Q,2026-05-01,CY2026Q1,0000070858-26-000249,reported_quarterly_frame,real_public_sec_edgar,20261
BAC,BANK OF AMERICA CORP /DE/,0000070858,2026Q1,2026-03-31,interest_expense_deposits,Interest expense on deposits,7301000000.0,USD,us-gaap,InterestExpenseDeposits,10-Q,2026-05-01,CY2026Q1,0000070858-26-000249,reported_quarterly_frame,real_public_sec_edgar,20261
BAC,BANK OF AMERICA CORP /DE/,0000070858,2026Q1,2026-03-31,interest_income,Interest income,33359000000.0,USD,us-gaap,InterestAndDividendIncomeOperating,10-Q,2026-05-01,CY2026Q1,0000070858-26-000249,reported_quarterly_frame,real_public_sec_edgar,20261
BAC,BANK OF AMERICA CORP /DE/,0000070858,2026Q1,2026-03-31,net_income,Net income,8584000000.0,USD,us-gaap,NetIncomeLoss,10-Q,2026-05-01,CY2026Q1,0000070858-26-000249,reported_quarterly_frame,real_public_sec_edgar,20261
BAC,BANK OF AMERICA CORP /DE/,0000070858,2026Q1,2026-03-31,noninterest_expense,Noninterest expense,18531000000.0,USD,us-gaap,NoninterestExpense,10-Q,2026-05-01,CY2026Q1,0000070858-26-000249,reported_quarterly_frame,real_public_sec_edgar,20261
BAC,BANK OF AMERICA CORP /DE/,0000070858,2026Q1,2026-03-31,noninterest_income,Noninterest income,14527000000.0,USD,us-gaap,NoninterestIncome,10-Q,2026-05-01,CY2026Q1,0000070858-26-000249,reported_quarterly_frame,real_public_sec_edgar,20261
BAC,BANK OF AMERICA CORP /DE/,0000070858,2026Q1,2026-03-31,total_assets,Total assets,3496186000000.0,USD,us-gaap,Assets,10-Q,2026-05-01,CY2026Q1I,0000070858-26-000249,reported_instant_frame,real_public_sec_edgar,20261
BAC,BANK OF AMERICA CORP /DE/,0000070858,2026Q1,2026-03-31,total_deposits,Total deposits,2037663000000.0,USD,us-gaap,Deposits,10-Q,2026-05-01,CY2026Q1I,0000070858-26-000249,reported_instant_frame,real_public_sec_edgar,20261
BAC,BANK OF AMERICA CORP /DE/,0000070858,2026Q1,2026-03-31,total_equity,Total equity,300668000000.0,USD,us-gaap,StockholdersEquity,10-Q,2026-05-01,CY2026Q1I,0000070858-26-000249,reported_instant_frame,real_public_sec_edgar,20261
BAC,BANK OF AMERICA CORP /DE/,0000070858,2026Q1,2026-03-31,total_loans,Total loans,1191887000000.0,USD,us-gaap,FinancingReceivableExcludingAccruedInterestAfterAllowanceForCreditLoss,10-Q,2026-05-01,CY2026Q1I,0000070858-26-000249,reported_instant_frame,real_public_sec_edgar,20261
C,CITIGROUP INC,0000831001,2018Q2,2018-06-30,interest_expense,Interest expense,5885000000.0,USD,us-gaap,InterestExpense,10-Q,2019-08-01,CY2018Q2,0000831001-19-000073,reported_quarterly_frame,real_public_sec_edgar,20182
C,CITIGROUP INC,0000831001,2018Q2,2018-06-30,interest_expense_deposits,Interest expense on deposits,2244000000.0,USD,us-gaap,InterestExpenseDeposits,10-Q,2019-08-01,CY2018Q2,0000831001-19-000073,reported_quarterly_frame,real_public_sec_edgar,20182
C,CITIGROUP INC,0000831001,2018Q2,2018-06-30,interest_income,Interest income,17550000000.0,USD,us-gaap,InterestAndDividendIncomeOperating,10-Q,2019-08-01,CY2018Q2,0000831001-19-000073,reported_quarterly_frame,real_public_sec_edgar,20182
C,CITIGROUP INC,0000831001,2018Q2,2018-06-30,net_income,Net income,4490000000.0,USD,us-gaap,NetIncomeLoss,10-K,2020-02-21,CY2018Q2,0000831001-20-000031,reported_quarterly_frame,real_public_sec_edgar,20182
C,CITIGROUP INC,0000831001,2018Q2,2018-06-30,noninterest_expense,Noninterest expense,10712000000.0,USD,us-gaap,NoninterestExpense,10-K,2020-02-21,CY2018Q2,0000831001-20-000031,reported_quarterly_frame,real_public_sec_edgar,20182
C,CITIGROUP INC,0000831001,2018Q2,2018-06-30,noninterest_income,Noninterest income,6804000000.0,USD,us-gaap,NoninterestIncome,10-Q,2019-08-01,CY2018Q2,0000831001-19-000073,reported_quarterly_frame,real_public_sec_edgar,20182
C,CITIGROUP INC,0000831001,2018Q2,2018-06-30,total_assets,Total assets,1912334000000.0,USD,us-gaap,Assets,10-Q,2018-07-31,CY2018Q2I,0000831001-18-000091,reported_instant_frame,real_public_sec_edgar,20182
C,CITIGROUP INC,0000831001,2018Q2,2018-06-30,total_deposits,Total deposits,996730000000.0,USD,us-gaap,Deposits,10-Q,2018-07-31,CY2018Q2I,0000831001-18-000091,reported_instant_frame,real_public_sec_edgar,20182
C,CITIGROUP INC,0000831001,2018Q2,2018-06-30,total_equity,Total equity,200968000000.0,USD,us-gaap,StockholdersEquityIncludingPortionAttributableToNoncontrollingInterest,10-Q,2019-08-01,CY2018Q2I,0000831001-19-000073,reported_instant_frame,real_public_sec_edgar,20182
C,CITIGROUP INC,0000831001,2018Q2,2018-06-30,total_loans,Total loans,659054000000.0,USD,us-gaap,LoansAndLeasesReceivableNetReportedAmount,10-Q,2018-07-31,CY2018Q2I,0000831001-18-000091,reported_instant_frame,real_public_sec_edgar,20182
C,CITIGROUP INC,0000831001,2018Q3,2018-09-30,interest_expense,Interest expense,6368000000.0,USD,us-gaap,InterestExpense,10-Q,2019-11-01,CY2018Q3,0000831001-19-000105,reported_quarterly_frame,real_public_sec_edgar,20183
C,CITIGROUP INC,0000831001,2018Q3,2018-09-30,interest_expense_deposits,Interest expense on deposits,2580000000.0,USD,us-gaap,InterestExpenseDeposits,10-Q,2019-11-01,CY2018Q3,0000831001-19-000105,reported_quarterly_frame,real_public_sec_edgar,20183
C,CITIGROUP INC,0000831001,2018Q3,2018-09-30,interest_income,Interest income,18170000000.0,USD,us-gaap,InterestAndDividendIncomeOperating,10-Q,2019-11-01,CY2018Q3,0000831001-19-000105,reported_quarterly_frame,real_public_sec_edgar,20183
C,CITIGROUP INC,0000831001,2018Q3,2018-09-30,net_income,Net income,4622000000.0,USD,us-gaap,NetIncomeLoss,10-K,2020-02-21,CY2018Q3,0000831001-20-000031,reported_quarterly_frame,real_public_sec_edgar,20183
C,CITIGROUP INC,0000831001,2018Q3,2018-09-30,noninterest_expense,Noninterest expense,10311000000.0,USD,us-gaap,NoninterestExpense,10-K,2020-02-21,CY2018Q3,0000831001-20-000031,reported_quarterly_frame,real_public_sec_edgar,20183
C,CITIGROUP INC,0000831001,2018Q3,2018-09-30,noninterest_income,Noninterest income,6587000000.0,USD,us-gaap,NoninterestIncome,10-Q,2019-11-01,CY2018Q3,0000831001-19-000105,reported_quarterly_frame,real_public_sec_edgar,20183
C,CITIGROUP INC,0000831001,2018Q3,2018-09-30,total_assets,Total assets,1925165000000.0,USD,us-gaap,Assets,10-Q,2018-10-30,CY2018Q3I,0000831001-18-000131,reported_instant_frame,real_public_sec_edgar,20183
C,CITIGROUP INC,0000831001,2018Q3,2018-09-30,total_deposits,Total deposits,1005176000000.0,USD,us-gaap,Deposits,10-Q,2018-10-30,CY2018Q3I,0000831001-18-000131,reported_instant_frame,real_public_sec_edgar,20183
C,CITIGROUP INC,0000831001,2018Q3,2018-09-30,total_equity,Total equity,197863000000.0,USD,us-gaap,StockholdersEquityIncludingPortionAttributableToNoncontrollingInterest,10-Q,2019-11-01,CY2018Q3I,0000831001-19-000105,reported_instant_frame,real_public_sec_edgar,20183
C,CITIGROUP INC,0000831001,2018Q3,2018-09-30,total_loans,Total loans,662573000000.0,USD,us-gaap,LoansAndLeasesReceivableNetReportedAmount,10-Q,2018-10-30,CY2018Q3I,0000831001-18-000131,reported_instant_frame,real_public_sec_edgar,20183
C,CITIGROUP INC,0000831001,2018Q4,2018-12-31,interest_expense,Interest expense,6853000000.0,USD,us-gaap,InterestExpense,10-K-derived,2021-02-26,CY2018Q4_DERIVED,0000831001-21-000042,derived_q4_from_reported_fy_less_q1_q3,real_public_sec_edgar,20184
C,CITIGROUP INC,0000831001,2018Q4,2018-12-31,interest_expense_deposits,Interest expense on deposits,2795000000.0,USD,us-gaap,InterestExpenseDeposits,10-K-derived,2021-02-26,CY2018Q4_DERIVED,0000831001-21-000042,derived_q4_from_reported_fy_less_q1_q3,real_public_sec_edgar,20184
C,CITIGROUP INC,0000831001,2018Q4,2018-12-31,interest_income,Interest income,18776000000.0,USD,us-gaap,InterestAndDividendIncomeOperating,10-K-derived,2021-02-26,CY2018Q4_DERIVED,0000831001-21-000042,derived_q4_from_reported_fy_less_q1_q3,real_public_sec_edgar,20184
C,CITIGROUP INC,0000831001,2018Q4,2018-12-31,net_income,Net income,4313000000.0,USD,us-gaap,NetIncomeLoss,10-K,2020-02-21,CY2018Q4,0000831001-20-000031,reported_quarterly_frame,real_public_sec_edgar,20184
C,CITIGROUP INC,0000831001,2018Q4,2018-12-31,noninterest_expense,Noninterest expense,9893000000.0,USD,us-gaap,NoninterestExpense,10-K,2020-02-21,CY2018Q4,0000831001-20-000031,reported_quarterly_frame,real_public_sec_edgar,20184
C,CITIGROUP INC,0000831001,2018Q4,2018-12-31,noninterest_income,Noninterest income,5201000000.0,USD,us-gaap,NoninterestIncome,10-K-derived,2021-02-26,CY2018Q4_DERIVED,0000831001-21-000042,derived_q4_from_reported_fy_less_q1_q3,real_public_sec_edgar,20184
C,CITIGROUP INC,0000831001,2018Q4,2018-12-31,total_assets,Total assets,1917383000000.0,USD,us-gaap,Assets,10-K,2020-02-21,CY2018Q4I,0000831001-20-000031,reported_instant_frame,real_public_sec_edgar,20184
C,CITIGROUP INC,0000831001,2018Q4,2018-12-31,total_deposits,Total deposits,1013170000000.0,USD,us-gaap,Deposits,10-K,2020-02-21,CY2018Q4I,0000831001-20-000031,reported_instant_frame,real_public_sec_edgar,20184
C,CITIGROUP INC,0000831001,2018Q4,2018-12-31,total_equity,Total equity,197074000000.0,USD,us-gaap,StockholdersEquityIncludingPortionAttributableToNoncontrollingInterest,10-K,2021-02-26,CY2018Q4I,0000831001-21-000042,reported_instant_frame,real_public_sec_edgar,20184
C,CITIGROUP INC,0000831001,2018Q4,2018-12-31,total_loans,Total loans,671881000000.0,USD,us-gaap,LoansAndLeasesReceivableNetReportedAmount,10-K,2020-02-21,CY2018Q4I,0000831001-20-000031,reported_instant_frame,real_public_sec_edgar,20184
C,CITIGROUP INC,0000831001,2019Q1,2019-03-31,interest_expense,Interest expense,7317000000.0,USD,us-gaap,InterestExpense,10-Q,2020-05-04,CY2019Q1,0000831001-20-000044,reported_quarterly_frame,real_public_sec_edgar,20191
C,CITIGROUP INC,0000831001,2019Q1,2019-03-31,interest_expense_deposits,Interest expense on deposits,3027000000.0,USD,us-gaap,InterestExpenseDeposits,10-Q,2020-05-04,CY2019Q1,0000831001-20-000044,reported_quarterly_frame,real_public_sec_edgar,20191
C,CITIGROUP INC,0000831001,2019Q1,2019-03-31,interest_income,Interest income,19076000000.0,USD,us-gaap,InterestAndDividendIncomeOperating,10-Q,2020-05-04,CY2019Q1,0000831001-20-000044,reported_quarterly_frame,real_public_sec_edgar,20191
C,CITIGROUP INC,0000831001,2019Q1,2019-03-31,net_income,Net income,4710000000.0,USD,us-gaap,NetIncomeLoss,10-K,2021-02-26,CY2019Q1,0000831001-21-000042,reported_quarterly_frame,real_public_sec_edgar,20191
C,CITIGROUP INC,0000831001,2019Q1,2019-03-31,noninterest_expense,Noninterest expense,10584000000.0,USD,us-gaap,NoninterestExpense,10-K,2021-02-26,CY2019Q1,0000831001-21-000042,reported_quarterly_frame,real_public_sec_edgar,20191
C,CITIGROUP INC,0000831001,2019Q1,2019-03-31,noninterest_income,Noninterest income,6817000000.0,USD,us-gaap,NoninterestIncome,10-Q,2020-05-04,CY2019Q1,0000831001-20-000044,reported_quarterly_frame,real_public_sec_edgar,20191
C,CITIGROUP INC,0000831001,2019Q1,2019-03-31,total_assets,Total assets,1958413000000.0,USD,us-gaap,Assets,10-Q,2019-04-30,CY2019Q1I,0000831001-19-000033,reported_instant_frame,real_public_sec_edgar,20191
C,CITIGROUP INC,0000831001,2019Q1,2019-03-31,total_deposits,Total deposits,1030355000000.0,USD,us-gaap,Deposits,10-Q,2019-04-30,CY2019Q1I,0000831001-19-000033,reported_instant_frame,real_public_sec_edgar,20191
C,CITIGROUP INC,0000831001,2019Q1,2019-03-31,total_equity,Total equity,197015000000.0,USD,us-gaap,StockholdersEquityIncludingPortionAttributableToNoncontrollingInterest,10-Q,2020-05-04,CY2019Q1I,0000831001-20-000044,reported_instant_frame,real_public_sec_edgar,20191
C,CITIGROUP INC,0000831001,2019Q1,2019-03-31,total_loans,Total loans,670017000000.0,USD,us-gaap,LoansAndLeasesReceivableNetReportedAmount,10-Q,2019-04-30,CY2019Q1I,0000831001-19-000033,reported_instant_frame,real_public_sec_edgar,20191
C,CITIGROUP INC,0000831001,2019Q2,2019-06-30,interest_expense,Interest expense,7762000000.0,USD,us-gaap,InterestExpense,10-Q,2020-08-05,CY2019Q2,0000831001-20-000078,reported_quarterly_frame,real_public_sec_edgar,20192
C,CITIGROUP INC,0000831001,2019Q2,2019-06-30,interest_expense_deposits,Interest expense on deposits,3284000000.0,USD,us-gaap,InterestExpenseDeposits,10-Q,2020-08-05,CY2019Q2,0000831001-20-000078,reported_quarterly_frame,real_public_sec_edgar,20192
C,CITIGROUP INC,0000831001,2019Q2,2019-06-30,interest_income,Interest income,19712000000.0,USD,us-gaap,InterestAndDividendIncomeOperating,10-Q,2020-08-05,CY2019Q2,0000831001-20-000078,reported_quarterly_frame,real_public_sec_edgar,20192
C,CITIGROUP INC,0000831001,2019Q2,2019-06-30,net_income,Net income,4799000000.0,USD,us-gaap,NetIncomeLoss,10-K,2021-02-26,CY2019Q2,0000831001-21-000042,reported_quarterly_frame,real_public_sec_edgar,20192
C,CITIGROUP INC,0000831001,2019Q2,2019-06-30,noninterest_expense,Noninterest expense,10500000000.0,USD,us-gaap,NoninterestExpense,10-K,2021-02-26,CY2019Q2,0000831001-21-000042,reported_quarterly_frame,real_public_sec_edgar,20192
C,CITIGROUP INC,0000831001,2019Q2,2019-06-30,noninterest_income,Noninterest income,6808000000.0,USD,us-gaap,NoninterestIncome,10-Q,2020-08-05,CY2019Q2,0000831001-20-000078,reported_quarterly_frame,real_public_sec_edgar,20192
C,CITIGROUP INC,0000831001,2019Q2,2019-06-30,total_assets,Total assets,1988226000000.0,USD,us-gaap,Assets,10-Q,2019-08-01,CY2019Q2I,0000831001-19-000073,reported_instant_frame,real_public_sec_edgar,20192
C,CITIGROUP INC,0000831001,2019Q2,2019-06-30,total_deposits,Total deposits,1045607000000.0,USD,us-gaap,Deposits,10-Q,2019-08-01,CY2019Q2I,0000831001-19-000073,reported_instant_frame,real_public_sec_edgar,20192
C,CITIGROUP INC,0000831001,2019Q2,2019-06-30,total_equity,Total equity,198110000000.0,USD,us-gaap,StockholdersEquityIncludingPortionAttributableToNoncontrollingInterest,10-Q,2020-08-05,CY2019Q2I,0000831001-20-000078,reported_instant_frame,real_public_sec_edgar,20192
C,CITIGROUP INC,0000831001,2019Q2,2019-06-30,total_loans,Total loans,676204000000.0,USD,us-gaap,LoansAndLeasesReceivableNetReportedAmount,10-Q,2019-08-01,CY2019Q2I,0000831001-19-000073,reported_instant_frame,real_public_sec_edgar,20192
C,CITIGROUP INC,0000831001,2019Q3,2019-09-30,interest_expense,Interest expense,7536000000.0,USD,us-gaap,InterestExpense,10-Q,2020-11-04,CY2019Q3,0000831001-20-000110,reported_quarterly_frame,real_public_sec_edgar,20193
C,CITIGROUP INC,0000831001,2019Q3,2019-09-30,interest_expense_deposits,Interest expense on deposits,3369000000.0,USD,us-gaap,InterestExpenseDeposits,10-Q,2020-11-04,CY2019Q3,0000831001-20-000110,reported_quarterly_frame,real_public_sec_edgar,20193
C,CITIGROUP INC,0000831001,2019Q3,2019-09-30,interest_income,Interest income,19177000000.0,USD,us-gaap,InterestAndDividendIncomeOperating,10-Q,2020-11-04,CY2019Q3,0000831001-20-000110,reported_quarterly_frame,real_public_sec_edgar,20193
C,CITIGROUP INC,0000831001,2019Q3,2019-09-30,net_income,Net income,4913000000.0,USD,us-gaap,NetIncomeLoss,10-K,2021-02-26,CY2019Q3,0000831001-21-000042,reported_quarterly_frame,real_public_sec_edgar,20193
C,CITIGROUP INC,0000831001,2019Q3,2019-09-30,noninterest_expense,Noninterest expense,10464000000.0,USD,us-gaap,NoninterestExpense,10-K,2021-02-26,CY2019Q3,0000831001-21-000042,reported_quarterly_frame,real_public_sec_edgar,20193
C,CITIGROUP INC,0000831001,2019Q3,2019-09-30,noninterest_income,Noninterest income,6933000000.0,USD,us-gaap,NoninterestIncome,10-Q,2020-11-04,CY2019Q3,0000831001-20-000110,reported_quarterly_frame,real_public_sec_edgar,20193
C,CITIGROUP INC,0000831001,2019Q3,2019-09-30,total_assets,Total assets,2014802000000.0,USD,us-gaap,Assets,10-Q,2019-11-01,CY2019Q3I,0000831001-19-000105,reported_instant_frame,real_public_sec_edgar,20193
C,CITIGROUP INC,0000831001,2019Q3,2019-09-30,total_deposits,Total deposits,1087769000000.0,USD,us-gaap,Deposits,10-Q,2019-11-01,CY2019Q3I,0000831001-19-000105,reported_instant_frame,real_public_sec_edgar,20193
C,CITIGROUP INC,0000831001,2019Q3,2019-09-30,total_equity,Total equity,197070000000.0,USD,us-gaap,StockholdersEquityIncludingPortionAttributableToNoncontrollingInterest,10-Q,2020-11-04,CY2019Q3I,0000831001-20-000110,reported_instant_frame,real_public_sec_edgar,20193
C,CITIGROUP INC,0000831001,2019Q3,2019-09-30,total_loans,Total loans,679213000000.0,USD,us-gaap,LoansAndLeasesReceivableNetReportedAmount,10-Q,2019-11-01,CY2019Q3I,0000831001-19-000105,reported_instant_frame,real_public_sec_edgar,20193
C,CITIGROUP INC,0000831001,2019Q4,2019-12-31,net_income,Net income,4979000000.0,USD,us-gaap,NetIncomeLoss,10-K,2021-02-26,CY2019Q4,0000831001-21-000042,reported_quarterly_frame,real_public_sec_edgar,20194
C,CITIGROUP INC,0000831001,2019Q4,2019-12-31,noninterest_expense,Noninterest expense,10454000000.0,USD,us-gaap,NoninterestExpense,10-K,2021-02-26,CY2019Q4,0000831001-21-000042,reported_quarterly_frame,real_public_sec_edgar,20194
C,CITIGROUP INC,0000831001,2019Q4,2019-12-31,total_assets,Total assets,1951158000000.0,USD,us-gaap,Assets,10-K,2021-02-26,CY2019Q4I,0000831001-21-000042,reported_instant_frame,real_public_sec_edgar,20194
C,CITIGROUP INC,0000831001,2019Q4,2019-12-31,total_deposits,Total deposits,1070590000000.0,USD,us-gaap,Deposits,10-K,2021-02-26,CY2019Q4I,0000831001-21-000042,reported_instant_frame,real_public_sec_edgar,20194
C,CITIGROUP INC,0000831001,2019Q4,2019-12-31,total_equity,Total equity,193242000000.0,USD,us-gaap,StockholdersEquity,10-K,2021-02-26,CY2019Q4I,0000831001-21-000042,reported_instant_frame,real_public_sec_edgar,20194
C,CITIGROUP INC,0000831001,2019Q4,2019-12-31,total_loans,Total loans,686700000000.0,USD,us-gaap,LoansAndLeasesReceivableNetReportedAmount,10-K,2020-02-21,CY2019Q4I,0000831001-20-000031,reported_instant_frame,real_public_sec_edgar,20194
C,CITIGROUP INC,0000831001,2020Q1,2020-03-31,interest_expense,Interest expense,5647000000.0,USD,us-gaap,InterestExpense,10-Q,2021-05-06,CY2020Q1,0000831001-21-000066,reported_quarterly_frame,real_public_sec_edgar,20201
C,CITIGROUP INC,0000831001,2020Q1,2020-03-31,interest_expense_deposits,Interest expense on deposits,2614000000.0,USD,us-gaap,InterestExpenseDeposits,10-Q,2021-05-06,CY2020Q1,0000831001-21-000066,reported_quarterly_frame,real_public_sec_edgar,20201
C,CITIGROUP INC,0000831001,2020Q1,2020-03-31,interest_income,Interest income,17139000000.0,USD,us-gaap,InterestAndDividendIncomeOperating,10-Q,2021-05-06,CY2020Q1,0000831001-21-000066,reported_quarterly_frame,real_public_sec_edgar,20201
C,CITIGROUP INC,0000831001,2020Q1,2020-03-31,noninterest_income,Noninterest income,9239000000.0,USD,us-gaap,NoninterestIncome,10-Q,2021-05-06,CY2020Q1,0000831001-21-000066,reported_quarterly_frame,real_public_sec_edgar,20201
C,CITIGROUP INC,0000831001,2020Q1,2020-03-31,total_assets,Total assets,2219770000000.0,USD,us-gaap,Assets,10-Q,2020-05-04,CY2020Q1I,0000831001-20-000044,reported_instant_frame,real_public_sec_edgar,20201
C,CITIGROUP INC,0000831001,2020Q1,2020-03-31,total_deposits,Total deposits,1184911000000.0,USD,us-gaap,Deposits,10-Q,2020-05-04,CY2020Q1I,0000831001-20-000044,reported_instant_frame,real_public_sec_edgar,20201
C,CITIGROUP INC,0000831001,2020Q1,2020-03-31,total_equity,Total equity,193326000000.0,USD,us-gaap,StockholdersEquityIncludingPortionAttributableToNoncontrollingInterest,10-Q,2021-05-06,CY2020Q1I,0000831001-21-000066,reported_instant_frame,real_public_sec_edgar,20201
C,CITIGROUP INC,0000831001,2020Q2,2020-06-30,interest_expense,Interest expense,3509000000.0,USD,us-gaap,InterestExpense,10-Q,2021-08-04,CY2020Q2,0000831001-21-000126,reported_quarterly_frame,real_public_sec_edgar,20202
C,CITIGROUP INC,0000831001,2020Q2,2020-06-30,interest_expense_deposits,Interest expense on deposits,1469000000.0,USD,us-gaap,InterestExpenseDeposits,10-Q,2021-08-04,CY2020Q2,0000831001-21-000126,reported_quarterly_frame,real_public_sec_edgar,20202
C,CITIGROUP INC,0000831001,2020Q2,2020-06-30,interest_income,Interest income,14589000000.0,USD,us-gaap,InterestAndDividendIncomeOperating,10-Q,2021-08-04,CY2020Q2,0000831001-21-000126,reported_quarterly_frame,real_public_sec_edgar,20202
C,CITIGROUP INC,0000831001,2020Q2,2020-06-30,noninterest_income,Noninterest income,8686000000.0,USD,us-gaap,NoninterestIncome,10-Q,2021-08-04,CY2020Q2,0000831001-21-000126,reported_quarterly_frame,real_public_sec_edgar,20202
C,CITIGROUP INC,0000831001,2020Q2,2020-06-30,total_assets,Total assets,2232715000000.0,USD,us-gaap,Assets,10-Q,2020-08-05,CY2020Q2I,0000831001-20-000078,reported_instant_frame,real_public_sec_edgar,20202
C,CITIGROUP INC,0000831001,2020Q2,2020-06-30,total_deposits,Total deposits,1233660000000.0,USD,us-gaap,Deposits,10-Q,2020-08-05,CY2020Q2I,0000831001-20-000078,reported_instant_frame,real_public_sec_edgar,20202
C,CITIGROUP INC,0000831001,2020Q2,2020-06-30,total_equity,Total equity,192386000000.0,USD,us-gaap,StockholdersEquityIncludingPortionAttributableToNoncontrollingInterest,10-Q,2021-08-04,CY2020Q2I,0000831001-21-000126,reported_instant_frame,real_public_sec_edgar,20202
C,CITIGROUP INC,0000831001,2020Q3,2020-09-30,interest_expense,Interest expense,2821000000.0,USD,us-gaap,InterestExpense,10-Q,2021-11-08,CY2020Q3,0000831001-21-000167,reported_quarterly_frame,real_public_sec_edgar,20203
C,CITIGROUP INC,0000831001,2020Q3,2020-09-30,interest_expense_deposits,Interest expense on deposits,1293000000.0,USD,us-gaap,InterestExpenseDeposits,10-Q,2021-11-08,CY2020Q3,0000831001-21-000167,reported_quarterly_frame,real_public_sec_edgar,20203
C,CITIGROUP INC,0000831001,2020Q3,2020-09-30,interest_income,Interest income,13314000000.0,USD,us-gaap,InterestAndDividendIncomeOperating,10-Q,2021-11-08,CY2020Q3,0000831001-21-000167,reported_quarterly_frame,real_public_sec_edgar,20203
C,CITIGROUP INC,0000831001,2020Q3,2020-09-30,noninterest_income,Noninterest income,6809000000.0,USD,us-gaap,NoninterestIncome,10-Q,2021-11-08,CY2020Q3,0000831001-21-000167,reported_quarterly_frame,real_public_sec_edgar,20203
C,CITIGROUP INC,0000831001,2020Q3,2020-09-30,total_assets,Total assets,2234459000000.0,USD,us-gaap,Assets,10-Q,2020-11-04,CY2020Q3I,0000831001-20-000110,reported_instant_frame,real_public_sec_edgar,20203
C,CITIGROUP INC,0000831001,2020Q3,2020-09-30,total_deposits,Total deposits,1262623000000.0,USD,us-gaap,Deposits,10-Q,2020-11-04,CY2020Q3I,0000831001-20-000110,reported_instant_frame,real_public_sec_edgar,20203
C,CITIGROUP INC,0000831001,2020Q3,2020-09-30,total_equity,Total equity,194595000000.0,USD,us-gaap,StockholdersEquityIncludingPortionAttributableToNoncontrollingInterest,10-Q,2021-11-08,CY2020Q3I,0000831001-21-000167,reported_instant_frame,real_public_sec_edgar,20203
C,CITIGROUP INC,0000831001,2020Q4,2020-12-31,interest_expense,Interest expense,1361000000.0,USD,us-gaap,InterestExpense,10-K-derived,2023-02-27,CY2020Q4_DERIVED,0000831001-23-000037,derived_q4_from_reported_fy_less_q1_q3,real_public_sec_edgar,20204
C,CITIGROUP INC,0000831001,2020Q4,2020-12-31,interest_expense_deposits,Interest expense on deposits,-42000000.0,USD,us-gaap,InterestExpenseDeposits,10-K-derived,2023-02-27,CY2020Q4_DERIVED,0000831001-23-000037,derived_q4_from_reported_fy_less_q1_q3,real_public_sec_edgar,20204
C,CITIGROUP INC,0000831001,2020Q4,2020-12-31,interest_income,Interest income,13047000000.0,USD,us-gaap,InterestAndDividendIncomeOperating,10-K-derived,2023-02-27,CY2020Q4_DERIVED,0000831001-23-000037,derived_q4_from_reported_fy_less_q1_q3,real_public_sec_edgar,20204
C,CITIGROUP INC,0000831001,2020Q4,2020-12-31,noninterest_income,Noninterest income,6016000000.0,USD,us-gaap,NoninterestIncome,10-K-derived,2023-02-27,CY2020Q4_DERIVED,0000831001-23-000037,derived_q4_from_reported_fy_less_q1_q3,real_public_sec_edgar,20204
C,CITIGROUP INC,0000831001,2020Q4,2020-12-31,total_assets,Total assets,2260000000000.0,USD,us-gaap,Assets,10-K,2023-02-27,CY2020Q4I,0000831001-23-000037,reported_instant_frame,real_public_sec_edgar,20204
C,CITIGROUP INC,0000831001,2020Q4,2020-12-31,total_equity,Total equity,200200000000.0,USD,us-gaap,StockholdersEquityIncludingPortionAttributableToNoncontrollingInterest,10-K,2023-02-27,CY2020Q4I,0000831001-23-000037,reported_instant_frame,real_public_sec_edgar,20204
C,CITIGROUP INC,0000831001,2021Q1,2021-03-31,interest_expense,Interest expense,2028000000.0,USD,us-gaap,InterestExpense,10-Q,2022-05-09,CY2021Q1,0000831001-22-000056,reported_quarterly_frame,real_public_sec_edgar,20211
C,CITIGROUP INC,0000831001,2021Q1,2021-03-31,interest_expense_deposits,Interest expense on deposits,712000000.0,USD,us-gaap,InterestExpenseDeposits,10-Q,2022-05-09,CY2021Q1,0000831001-22-000056,reported_quarterly_frame,real_public_sec_edgar,20211
C,CITIGROUP INC,0000831001,2021Q1,2021-03-31,interest_income,Interest income,12534000000.0,USD,us-gaap,InterestAndDividendIncomeOperating,10-Q,2022-05-09,CY2021Q1,0000831001-22-000056,reported_quarterly_frame,real_public_sec_edgar,20211
C,CITIGROUP INC,0000831001,2021Q1,2021-03-31,noninterest_income,Noninterest income,9161000000.0,USD,us-gaap,NoninterestIncome,10-Q,2022-05-09,CY2021Q1,0000831001-22-000056,reported_quarterly_frame,real_public_sec_edgar,20211
C,CITIGROUP INC,0000831001,2021Q1,2021-03-31,total_assets,Total assets,2291000000000.0,USD,us-gaap,Assets,10-Q,2022-05-09,CY2021Q1I,0000831001-22-000056,reported_instant_frame,real_public_sec_edgar,20211
C,CITIGROUP INC,0000831001,2021Q1,2021-03-31,total_deposits,Total deposits,1300975000000.0,USD,us-gaap,Deposits,10-Q,2021-05-06,CY2021Q1I,0000831001-21-000066,reported_instant_frame,real_public_sec_edgar,20211
C,CITIGROUP INC,0000831001,2021Q1,2021-03-31,total_equity,Total equity,203273000000.0,USD,us-gaap,StockholdersEquityIncludingPortionAttributableToNoncontrollingInterest,10-Q,2022-05-09,CY2021Q1I,0000831001-22-000056,reported_instant_frame,real_public_sec_edgar,20211
C,CITIGROUP INC,0000831001,2021Q2,2021-06-30,interest_expense,Interest expense,1985000000.0,USD,us-gaap,InterestExpense,10-Q,2022-08-04,CY2021Q2,0000831001-22-000111,reported_quarterly_frame,real_public_sec_edgar,20212
C,CITIGROUP INC,0000831001,2021Q2,2021-06-30,interest_expense_deposits,Interest expense on deposits,676000000.0,USD,us-gaap,InterestExpenseDeposits,10-Q,2022-08-04,CY2021Q2,0000831001-22-000111,reported_quarterly_frame,real_public_sec_edgar,20212
C,CITIGROUP INC,0000831001,2021Q2,2021-06-30,interest_income,Interest income,12463000000.0,USD,us-gaap,InterestAndDividendIncomeOperating,10-Q,2022-08-04,CY2021Q2,0000831001-22-000111,reported_quarterly_frame,real_public_sec_edgar,20212
C,CITIGROUP INC,0000831001,2021Q2,2021-06-30,net_income,Net income,6193000000.0,USD,us-gaap,NetIncomeLoss,10-Q,2022-08-04,CY2021Q2,0000831001-22-000111,reported_quarterly_frame,real_public_sec_edgar,20212
C,CITIGROUP INC,0000831001,2021Q2,2021-06-30,noninterest_expense,Noninterest expense,11471000000.0,USD,us-gaap,NoninterestExpense,10-Q,2022-08-04,CY2021Q2,0000831001-22-000111,reported_quarterly_frame,real_public_sec_edgar,20212
C,CITIGROUP INC,0000831001,2021Q2,2021-06-30,noninterest_income,Noninterest income,7275000000.0,USD,us-gaap,NoninterestIncome,10-Q,2022-08-04,CY2021Q2,0000831001-22-000111,reported_quarterly_frame,real_public_sec_edgar,20212
C,CITIGROUP INC,0000831001,2021Q2,2021-06-30,total_assets,Total assets,2291000000000.0,USD,us-gaap,Assets,10-Q,2022-08-04,CY2021Q2I,0000831001-22-000111,reported_instant_frame,real_public_sec_edgar,20212
C,CITIGROUP INC,0000831001,2021Q2,2021-06-30,total_deposits,Total deposits,1310281000000.0,USD,us-gaap,Deposits,10-Q,2021-08-04,CY2021Q2I,0000831001-21-000126,reported_instant_frame,real_public_sec_edgar,20212
C,CITIGROUP INC,0000831001,2021Q2,2021-06-30,total_equity,Total equity,202910000000.0,USD,us-gaap,StockholdersEquityIncludingPortionAttributableToNoncontrollingInterest,10-Q,2022-08-04,CY2021Q2I,0000831001-22-000111,reported_instant_frame,real_public_sec_edgar,20212
C,CITIGROUP INC,0000831001,2021Q3,2021-09-30,interest_expense,Interest expense,1959000000.0,USD,us-gaap,InterestExpense,10-Q,2022-11-04,CY2021Q3,0000831001-22-000146,reported_quarterly_frame,real_public_sec_edgar,20213
C,CITIGROUP INC,0000831001,2021Q3,2021-09-30,interest_expense_deposits,Interest expense on deposits,730000000.0,USD,us-gaap,InterestExpenseDeposits,10-Q,2022-11-04,CY2021Q3,0000831001-22-000146,reported_quarterly_frame,real_public_sec_edgar,20213
C,CITIGROUP INC,0000831001,2021Q3,2021-09-30,interest_income,Interest income,12650000000.0,USD,us-gaap,InterestAndDividendIncomeOperating,10-Q,2022-11-04,CY2021Q3,0000831001-22-000146,reported_quarterly_frame,real_public_sec_edgar,20213
C,CITIGROUP INC,0000831001,2021Q3,2021-09-30,net_income,Net income,4644000000.0,USD,us-gaap,NetIncomeLoss,10-Q,2022-11-04,CY2021Q3,0000831001-22-000146,reported_quarterly_frame,real_public_sec_edgar,20213
C,CITIGROUP INC,0000831001,2021Q3,2021-09-30,noninterest_expense,Noninterest expense,11777000000.0,USD,us-gaap,NoninterestExpense,10-Q,2022-11-04,CY2021Q3,0000831001-22-000146,reported_quarterly_frame,real_public_sec_edgar,20213
C,CITIGROUP INC,0000831001,2021Q3,2021-09-30,noninterest_income,Noninterest income,6756000000.0,USD,us-gaap,NoninterestIncome,10-Q,2022-11-04,CY2021Q3,0000831001-22-000146,reported_quarterly_frame,real_public_sec_edgar,20213
C,CITIGROUP INC,0000831001,2021Q3,2021-09-30,total_assets,Total assets,2361876000000.0,USD,us-gaap,Assets,10-Q,2021-11-08,CY2021Q3I,0000831001-21-000167,reported_instant_frame,real_public_sec_edgar,20213
C,CITIGROUP INC,0000831001,2021Q3,2021-09-30,total_deposits,Total deposits,1347528000000.0,USD,us-gaap,Deposits,10-Q,2021-11-08,CY2021Q3I,0000831001-21-000167,reported_instant_frame,real_public_sec_edgar,20213
C,CITIGROUP INC,0000831001,2021Q3,2021-09-30,total_equity,Total equity,201610000000.0,USD,us-gaap,StockholdersEquityIncludingPortionAttributableToNoncontrollingInterest,10-Q,2022-11-04,CY2021Q3I,0000831001-22-000146,reported_instant_frame,real_public_sec_edgar,20213
C,CITIGROUP INC,0000831001,2021Q4,2021-12-31,interest_expense,Interest expense,2009000000.0,USD,us-gaap,InterestExpense,10-K-derived,2024-02-23,CY2021Q4_DERIVED,0000831001-24-000033,derived_q4_from_reported_fy_less_q1_q3,real_public_sec_edgar,20214
C,CITIGROUP INC,0000831001,2021Q4,2021-12-31,interest_expense_deposits,Interest expense on deposits,778000000.0,USD,us-gaap,InterestExpenseDeposits,10-K-derived,2024-02-23,CY2021Q4_DERIVED,0000831001-24-000033,derived_q4_from_reported_fy_less_q1_q3,real_public_sec_edgar,20214
C,CITIGROUP INC,0000831001,2021Q4,2021-12-31,interest_income,Interest income,12828000000.0,USD,us-gaap,InterestAndDividendIncomeOperating,10-K-derived,2024-02-23,CY2021Q4_DERIVED,0000831001-24-000033,derived_q4_from_reported_fy_less_q1_q3,real_public_sec_edgar,20214
C,CITIGROUP INC,0000831001,2021Q4,2021-12-31,noninterest_income,Noninterest income,6198000000.0,USD,us-gaap,NoninterestIncome,10-K-derived,2024-02-23,CY2021Q4_DERIVED,0000831001-24-000033,derived_q4_from_reported_fy_less_q1_q3,real_public_sec_edgar,20214
C,CITIGROUP INC,0000831001,2021Q4,2021-12-31,total_assets,Total assets,2291000000000.0,USD,us-gaap,Assets,10-K,2024-02-23,CY2021Q4I,0000831001-24-000033,reported_instant_frame,real_public_sec_edgar,20214
C,CITIGROUP INC,0000831001,2021Q4,2021-12-31,total_deposits,Total deposits,1317230000000.0,USD,us-gaap,Deposits,10-K,2023-02-27,CY2021Q4I,0000831001-23-000037,reported_instant_frame,real_public_sec_edgar,20214
C,CITIGROUP INC,0000831001,2021Q4,2021-12-31,total_equity,Total equity,202672000000.0,USD,us-gaap,StockholdersEquityIncludingPortionAttributableToNoncontrollingInterest,10-K,2024-02-23,CY2021Q4I,0000831001-24-000033,reported_instant_frame,real_public_sec_edgar,20214
C,CITIGROUP INC,0000831001,2022Q1,2022-03-31,interest_expense,Interest expense,2280000000.0,USD,us-gaap,InterestExpense,10-Q,2023-05-05,CY2022Q1,0000831001-23-000055,reported_quarterly_frame,real_public_sec_edgar,20221
C,CITIGROUP INC,0000831001,2022Q1,2022-03-31,interest_expense_deposits,Interest expense on deposits,871000000.0,USD,us-gaap,InterestExpenseDeposits,10-Q,2023-05-05,CY2022Q1,0000831001-23-000055,reported_quarterly_frame,real_public_sec_edgar,20221
C,CITIGROUP INC,0000831001,2022Q1,2022-03-31,interest_income,Interest income,13151000000.0,USD,us-gaap,InterestAndDividendIncomeOperating,10-Q,2023-05-05,CY2022Q1,0000831001-23-000055,reported_quarterly_frame,real_public_sec_edgar,20221
C,CITIGROUP INC,0000831001,2022Q1,2022-03-31,net_income,Net income,4306000000.0,USD,us-gaap,NetIncomeLoss,10-Q,2023-05-05,CY2022Q1,0000831001-23-000055,reported_quarterly_frame,real_public_sec_edgar,20221
C,CITIGROUP INC,0000831001,2022Q1,2022-03-31,noninterest_expense,Noninterest expense,13165000000.0,USD,us-gaap,NoninterestExpense,10-Q,2023-05-05,CY2022Q1,0000831001-23-000055,reported_quarterly_frame,real_public_sec_edgar,20221
C,CITIGROUP INC,0000831001,2022Q1,2022-03-31,noninterest_income,Noninterest income,8315000000.0,USD,us-gaap,NoninterestIncome,10-Q,2023-05-05,CY2022Q1,0000831001-23-000055,reported_quarterly_frame,real_public_sec_edgar,20221
C,CITIGROUP INC,0000831001,2022Q1,2022-03-31,total_assets,Total assets,2394105000000.0,USD,us-gaap,Assets,10-Q,2022-05-09,CY2022Q1I,0000831001-22-000056,reported_instant_frame,real_public_sec_edgar,20221
C,CITIGROUP INC,0000831001,2022Q1,2022-03-31,total_deposits,Total deposits,1333711000000.0,USD,us-gaap,Deposits,10-Q,2022-05-09,CY2022Q1I,0000831001-22-000056,reported_instant_frame,real_public_sec_edgar,20221
C,CITIGROUP INC,0000831001,2022Q1,2022-03-31,total_equity,Total equity,198353000000.0,USD,us-gaap,StockholdersEquityIncludingPortionAttributableToNoncontrollingInterest,10-Q,2023-05-05,CY2022Q1I,0000831001-23-000055,reported_instant_frame,real_public_sec_edgar,20221
C,CITIGROUP INC,0000831001,2022Q2,2022-06-30,interest_expense,Interest expense,3666000000.0,USD,us-gaap,InterestExpense,10-Q,2023-08-04,CY2022Q2,0000831001-23-000097,reported_quarterly_frame,real_public_sec_edgar,20222
C,CITIGROUP INC,0000831001,2022Q2,2022-06-30,interest_expense_deposits,Interest expense on deposits,1420000000.0,USD,us-gaap,InterestExpenseDeposits,10-Q,2023-08-04,CY2022Q2,0000831001-23-000097,reported_quarterly_frame,real_public_sec_edgar,20222
C,CITIGROUP INC,0000831001,2022Q2,2022-06-30,interest_income,Interest income,15630000000.0,USD,us-gaap,InterestAndDividendIncomeOperating,10-Q,2023-08-04,CY2022Q2,0000831001-23-000097,reported_quarterly_frame,real_public_sec_edgar,20222
C,CITIGROUP INC,0000831001,2022Q2,2022-06-30,net_income,Net income,4547000000.0,USD,us-gaap,NetIncomeLoss,10-Q,2023-08-04,CY2022Q2,0000831001-23-000097,reported_quarterly_frame,real_public_sec_edgar,20222
C,CITIGROUP INC,0000831001,2022Q2,2022-06-30,noninterest_expense,Noninterest expense,12393000000.0,USD,us-gaap,NoninterestExpense,10-Q,2023-08-04,CY2022Q2,0000831001-23-000097,reported_quarterly_frame,real_public_sec_edgar,20222
C,CITIGROUP INC,0000831001,2022Q2,2022-06-30,noninterest_income,Noninterest income,7674000000.0,USD,us-gaap,NoninterestIncome,10-Q,2023-08-04,CY2022Q2,0000831001-23-000097,reported_quarterly_frame,real_public_sec_edgar,20222
C,CITIGROUP INC,0000831001,2022Q2,2022-06-30,total_assets,Total assets,2380904000000.0,USD,us-gaap,Assets,10-Q,2022-08-04,CY2022Q2I,0000831001-22-000111,reported_instant_frame,real_public_sec_edgar,20222
C,CITIGROUP INC,0000831001,2022Q2,2022-06-30,total_deposits,Total deposits,1321848000000.0,USD,us-gaap,Deposits,10-Q,2022-08-04,CY2022Q2I,0000831001-22-000111,reported_instant_frame,real_public_sec_edgar,20222
C,CITIGROUP INC,0000831001,2022Q2,2022-06-30,total_equity,Total equity,199626000000.0,USD,us-gaap,StockholdersEquityIncludingPortionAttributableToNoncontrollingInterest,10-Q,2023-08-04,CY2022Q2I,0000831001-23-000097,reported_instant_frame,real_public_sec_edgar,20222
C,CITIGROUP INC,0000831001,2022Q3,2022-09-30,interest_expense,Interest expense,7356000000.0,USD,us-gaap,InterestExpense,10-Q,2023-11-03,CY2022Q3,0000831001-23-000132,reported_quarterly_frame,real_public_sec_edgar,20223
C,CITIGROUP INC,0000831001,2022Q3,2022-09-30,interest_expense_deposits,Interest expense on deposits,3270000000.0,USD,us-gaap,InterestExpenseDeposits,10-Q,2023-11-03,CY2022Q3,0000831001-23-000132,reported_quarterly_frame,real_public_sec_edgar,20223
C,CITIGROUP INC,0000831001,2022Q3,2022-09-30,interest_income,Interest income,19919000000.0,USD,us-gaap,InterestAndDividendIncomeOperating,10-Q,2023-11-03,CY2022Q3,0000831001-23-000132,reported_quarterly_frame,real_public_sec_edgar,20223
C,CITIGROUP INC,0000831001,2022Q3,2022-09-30,net_income,Net income,3479000000.0,USD,us-gaap,NetIncomeLoss,10-Q,2023-11-03,CY2022Q3,0000831001-23-000132,reported_quarterly_frame,real_public_sec_edgar,20223
C,CITIGROUP INC,0000831001,2022Q3,2022-09-30,noninterest_expense,Noninterest expense,12749000000.0,USD,us-gaap,NoninterestExpense,10-Q,2023-11-03,CY2022Q3,0000831001-23-000132,reported_quarterly_frame,real_public_sec_edgar,20223
C,CITIGROUP INC,0000831001,2022Q3,2022-09-30,noninterest_income,Noninterest income,5945000000.0,USD,us-gaap,NoninterestIncome,10-Q,2023-11-03,CY2022Q3,0000831001-23-000132,reported_quarterly_frame,real_public_sec_edgar,20223
C,CITIGROUP INC,0000831001,2022Q3,2022-09-30,total_assets,Total assets,2381064000000.0,USD,us-gaap,Assets,10-Q,2022-11-04,CY2022Q3I,0000831001-22-000146,reported_instant_frame,real_public_sec_edgar,20223
C,CITIGROUP INC,0000831001,2022Q3,2022-09-30,total_deposits,Total deposits,1306486000000.0,USD,us-gaap,Deposits,10-Q,2022-11-04,CY2022Q3I,0000831001-22-000146,reported_instant_frame,real_public_sec_edgar,20223
C,CITIGROUP INC,0000831001,2022Q3,2022-09-30,total_equity,Total equity,199117000000.0,USD,us-gaap,StockholdersEquityIncludingPortionAttributableToNoncontrollingInterest,10-Q,2023-11-03,CY2022Q3I,0000831001-23-000132,reported_instant_frame,real_public_sec_edgar,20223
C,CITIGROUP INC,0000831001,2022Q4,2022-12-31,interest_expense,Interest expense,12438000000.0,USD,us-gaap,InterestExpense,10-K-derived,2024-02-23,CY2022Q4_DERIVED,0000831001-24-000033,derived_q4_from_reported_fy_less_q1_q3,real_public_sec_edgar,20224
C,CITIGROUP INC,0000831001,2022Q4,2022-12-31,interest_expense_deposits,Interest expense on deposits,5998000000.0,USD,us-gaap,InterestExpenseDeposits,10-K-derived,2025-02-21,CY2022Q4_DERIVED,0000831001-25-000067,derived_q4_from_reported_fy_less_q1_q3,real_public_sec_edgar,20224
C,CITIGROUP INC,0000831001,2022Q4,2022-12-31,interest_income,Interest income,25708000000.0,USD,us-gaap,InterestAndDividendIncomeOperating,10-K-derived,2025-02-21,CY2022Q4_DERIVED,0000831001-25-000067,derived_q4_from_reported_fy_less_q1_q3,real_public_sec_edgar,20224
C,CITIGROUP INC,0000831001,2022Q4,2022-12-31,net_income,Net income,2513000000.0,USD,us-gaap,NetIncomeLoss,10-K-derived,2025-02-21,CY2022Q4_DERIVED,0000831001-25-000067,derived_q4_from_reported_fy_less_q1_q3,real_public_sec_edgar,20224
C,CITIGROUP INC,0000831001,2022Q4,2022-12-31,noninterest_expense,Noninterest expense,12985000000.0,USD,us-gaap,NoninterestExpense,10-K-derived,2025-02-21,CY2022Q4_DERIVED,0000831001-25-000067,derived_q4_from_reported_fy_less_q1_q3,real_public_sec_edgar,20224
C,CITIGROUP INC,0000831001,2022Q4,2022-12-31,noninterest_income,Noninterest income,4736000000.0,USD,us-gaap,NoninterestIncome,10-K-derived,2025-02-21,CY2022Q4_DERIVED,0000831001-25-000067,derived_q4_from_reported_fy_less_q1_q3,real_public_sec_edgar,20224
C,CITIGROUP INC,0000831001,2022Q4,2022-12-31,total_assets,Total assets,2417000000000.0,USD,us-gaap,Assets,10-K,2025-02-21,CY2022Q4I,0000831001-25-000067,reported_instant_frame,real_public_sec_edgar,20224
C,CITIGROUP INC,0000831001,2022Q4,2022-12-31,total_deposits,Total deposits,1365954000000.0,USD,us-gaap,Deposits,10-K,2024-02-23,CY2022Q4I,0000831001-24-000033,reported_instant_frame,real_public_sec_edgar,20224
C,CITIGROUP INC,0000831001,2022Q4,2022-12-31,total_equity,Total equity,201838000000.0,USD,us-gaap,StockholdersEquityIncludingPortionAttributableToNoncontrollingInterest,10-K,2025-02-21,CY2022Q4I,0000831001-25-000067,reported_instant_frame,real_public_sec_edgar,20224
C,CITIGROUP INC,0000831001,2022Q4,2022-12-31,total_loans,Total loans,640247000000.0,USD,us-gaap,FinancingReceivableExcludingAccruedInterestAfterAllowanceForCreditLoss,10-K,2024-02-23,CY2022Q4I,0000831001-24-000033,reported_instant_frame,real_public_sec_edgar,20224
C,CITIGROUP INC,0000831001,2023Q1,2023-03-31,interest_expense,Interest expense,16047000000.0,USD,us-gaap,InterestExpense,10-Q,2024-05-03,CY2023Q1,0000831001-24-000051,reported_quarterly_frame,real_public_sec_edgar,20231
C,CITIGROUP INC,0000831001,2023Q1,2023-03-31,interest_expense_deposits,Interest expense on deposits,7708000000.0,USD,us-gaap,InterestExpenseDeposits,10-Q,2024-05-03,CY2023Q1,0000831001-24-000051,reported_quarterly_frame,real_public_sec_edgar,20231
C,CITIGROUP INC,0000831001,2023Q1,2023-03-31,interest_income,Interest income,29395000000.0,USD,us-gaap,InterestAndDividendIncomeOperating,10-Q,2024-05-03,CY2023Q1,0000831001-24-000051,reported_quarterly_frame,real_public_sec_edgar,20231
C,CITIGROUP INC,0000831001,2023Q1,2023-03-31,net_income,Net income,4606000000.0,USD,us-gaap,NetIncomeLoss,10-Q,2024-05-03,CY2023Q1,0000831001-24-000051,reported_quarterly_frame,real_public_sec_edgar,20231
C,CITIGROUP INC,0000831001,2023Q1,2023-03-31,noninterest_expense,Noninterest expense,13289000000.0,USD,us-gaap,NoninterestExpense,10-Q,2024-05-03,CY2023Q1,0000831001-24-000051,reported_quarterly_frame,real_public_sec_edgar,20231
C,CITIGROUP INC,0000831001,2023Q1,2023-03-31,noninterest_income,Noninterest income,8099000000.0,USD,us-gaap,NoninterestIncome,10-Q,2024-05-03,CY2023Q1,0000831001-24-000051,reported_quarterly_frame,real_public_sec_edgar,20231
C,CITIGROUP INC,0000831001,2023Q1,2023-03-31,total_assets,Total assets,2455113000000.0,USD,us-gaap,Assets,10-Q,2023-05-05,CY2023Q1I,0000831001-23-000055,reported_instant_frame,real_public_sec_edgar,20231
C,CITIGROUP INC,0000831001,2023Q1,2023-03-31,total_deposits,Total deposits,1330459000000.0,USD,us-gaap,Deposits,10-Q,2023-05-05,CY2023Q1I,0000831001-23-000055,reported_instant_frame,real_public_sec_edgar,20231
C,CITIGROUP INC,0000831001,2023Q1,2023-03-31,total_equity,Total equity,209019000000.0,USD,us-gaap,StockholdersEquityIncludingPortionAttributableToNoncontrollingInterest,10-Q,2024-05-03,CY2023Q1I,0000831001-24-000051,reported_instant_frame,real_public_sec_edgar,20231
C,CITIGROUP INC,0000831001,2023Q1,2023-03-31,total_loans,Total loans,634826000000.0,USD,us-gaap,FinancingReceivableExcludingAccruedInterestAfterAllowanceForCreditLoss,10-Q,2023-05-05,CY2023Q1I,0000831001-23-000055,reported_instant_frame,real_public_sec_edgar,20231
C,CITIGROUP INC,0000831001,2023Q2,2023-06-30,interest_expense,Interest expense,18747000000.0,USD,us-gaap,InterestExpense,10-Q,2024-08-02,CY2023Q2,0000831001-24-000100,reported_quarterly_frame,real_public_sec_edgar,20232
C,CITIGROUP INC,0000831001,2023Q2,2023-06-30,interest_expense_deposits,Interest expense on deposits,8727000000.0,USD,us-gaap,InterestExpenseDeposits,10-Q,2024-08-02,CY2023Q2,0000831001-24-000100,reported_quarterly_frame,real_public_sec_edgar,20232
C,CITIGROUP INC,0000831001,2023Q2,2023-06-30,interest_income,Interest income,32647000000.0,USD,us-gaap,InterestAndDividendIncomeOperating,10-Q,2024-08-02,CY2023Q2,0000831001-24-000100,reported_quarterly_frame,real_public_sec_edgar,20232
C,CITIGROUP INC,0000831001,2023Q2,2023-06-30,net_income,Net income,2915000000.0,USD,us-gaap,NetIncomeLoss,10-Q,2024-08-02,CY2023Q2,0000831001-24-000100,reported_quarterly_frame,real_public_sec_edgar,20232
C,CITIGROUP INC,0000831001,2023Q2,2023-06-30,noninterest_expense,Noninterest expense,13570000000.0,USD,us-gaap,NoninterestExpense,10-Q,2024-08-02,CY2023Q2,0000831001-24-000100,reported_quarterly_frame,real_public_sec_edgar,20232
C,CITIGROUP INC,0000831001,2023Q2,2023-06-30,noninterest_income,Noninterest income,5536000000.0,USD,us-gaap,NoninterestIncome,10-Q,2024-08-02,CY2023Q2,0000831001-24-000100,reported_quarterly_frame,real_public_sec_edgar,20232
C,CITIGROUP INC,0000831001,2023Q2,2023-06-30,total_assets,Total assets,2423675000000.0,USD,us-gaap,Assets,10-Q,2023-08-04,CY2023Q2I,0000831001-23-000097,reported_instant_frame,real_public_sec_edgar,20232
C,CITIGROUP INC,0000831001,2023Q2,2023-06-30,total_deposits,Total deposits,1319867000000.0,USD,us-gaap,Deposits,10-Q,2023-08-04,CY2023Q2I,0000831001-23-000097,reported_instant_frame,real_public_sec_edgar,20232
C,CITIGROUP INC,0000831001,2023Q2,2023-06-30,total_equity,Total equity,209422000000.0,USD,us-gaap,StockholdersEquityIncludingPortionAttributableToNoncontrollingInterest,10-Q,2024-08-02,CY2023Q2I,0000831001-24-000100,reported_instant_frame,real_public_sec_edgar,20232
C,CITIGROUP INC,0000831001,2023Q2,2023-06-30,total_loans,Total loans,643116000000.0,USD,us-gaap,FinancingReceivableExcludingAccruedInterestAfterAllowanceForCreditLoss,10-Q,2023-08-04,CY2023Q2I,0000831001-23-000097,reported_instant_frame,real_public_sec_edgar,20232
C,CITIGROUP INC,0000831001,2023Q3,2023-09-30,interest_expense,Interest expense,21009000000.0,USD,us-gaap,InterestExpenseOperating,10-Q,2024-11-07,CY2023Q3,0000831001-24-000134,reported_quarterly_frame,real_public_sec_edgar,20233
C,CITIGROUP INC,0000831001,2023Q3,2023-09-30,interest_expense_deposits,Interest expense on deposits,9630000000.0,USD,us-gaap,InterestExpenseDeposits,10-Q,2024-11-07,CY2023Q3,0000831001-24-000134,reported_quarterly_frame,real_public_sec_edgar,20233
C,CITIGROUP INC,0000831001,2023Q3,2023-09-30,interest_income,Interest income,34837000000.0,USD,us-gaap,InterestAndDividendIncomeOperating,10-Q,2024-11-07,CY2023Q3,0000831001-24-000134,reported_quarterly_frame,real_public_sec_edgar,20233
C,CITIGROUP INC,0000831001,2023Q3,2023-09-30,net_income,Net income,3546000000.0,USD,us-gaap,NetIncomeLoss,10-Q,2024-11-07,CY2023Q3,0000831001-24-000134,reported_quarterly_frame,real_public_sec_edgar,20233
C,CITIGROUP INC,0000831001,2023Q3,2023-09-30,noninterest_expense,Noninterest expense,13511000000.0,USD,us-gaap,NoninterestExpense,10-Q,2024-11-07,CY2023Q3,0000831001-24-000134,reported_quarterly_frame,real_public_sec_edgar,20233
C,CITIGROUP INC,0000831001,2023Q3,2023-09-30,noninterest_income,Noninterest income,6311000000.0,USD,us-gaap,NoninterestIncome,10-Q,2024-11-07,CY2023Q3,0000831001-24-000134,reported_quarterly_frame,real_public_sec_edgar,20233
C,CITIGROUP INC,0000831001,2023Q3,2023-09-30,total_assets,Total assets,2368477000000.0,USD,us-gaap,Assets,10-Q,2023-11-03,CY2023Q3I,0000831001-23-000132,reported_instant_frame,real_public_sec_edgar,20233
C,CITIGROUP INC,0000831001,2023Q3,2023-09-30,total_deposits,Total deposits,1273506000000.0,USD,us-gaap,Deposits,10-Q,2023-11-03,CY2023Q3I,0000831001-23-000132,reported_instant_frame,real_public_sec_edgar,20233
C,CITIGROUP INC,0000831001,2023Q3,2023-09-30,total_equity,Total equity,210195000000.0,USD,us-gaap,StockholdersEquityIncludingPortionAttributableToNoncontrollingInterest,10-Q,2024-11-07,CY2023Q3I,0000831001-24-000134,reported_instant_frame,real_public_sec_edgar,20233
C,CITIGROUP INC,0000831001,2023Q3,2023-09-30,total_loans,Total loans,648719000000.0,USD,us-gaap,FinancingReceivableExcludingAccruedInterestAfterAllowanceForCreditLoss,10-Q,2023-11-03,CY2023Q3I,0000831001-23-000132,reported_instant_frame,real_public_sec_edgar,20233
C,CITIGROUP INC,0000831001,2023Q4,2023-12-31,interest_expense,Interest expense,22555000000.0,USD,us-gaap,InterestExpense,10-K-derived,2024-02-23,CY2023Q4_DERIVED,0000831001-24-000033,derived_q4_from_reported_fy_less_q1_q3,real_public_sec_edgar,20234
C,CITIGROUP INC,0000831001,2023Q4,2023-12-31,interest_expense_deposits,Interest expense on deposits,10235000000.0,USD,us-gaap,InterestExpenseDeposits,10-K-derived,2026-02-20,CY2023Q4_DERIVED,0000831001-26-000011,derived_q4_from_reported_fy_less_q1_q3,real_public_sec_edgar,20234
C,CITIGROUP INC,0000831001,2023Q4,2023-12-31,interest_income,Interest income,36379000000.0,USD,us-gaap,InterestAndDividendIncomeOperating,10-K-derived,2026-02-20,CY2023Q4_DERIVED,0000831001-26-000011,derived_q4_from_reported_fy_less_q1_q3,real_public_sec_edgar,20234
C,CITIGROUP INC,0000831001,2023Q4,2023-12-31,net_income,Net income,-1839000000.0,USD,us-gaap,NetIncomeLoss,10-K-derived,2026-02-20,CY2023Q4_DERIVED,0000831001-26-000011,derived_q4_from_reported_fy_less_q1_q3,real_public_sec_edgar,20234
C,CITIGROUP INC,0000831001,2023Q4,2023-12-31,noninterest_expense,Noninterest expense,15600000000.0,USD,us-gaap,NoninterestExpense,10-K-derived,2026-02-20,CY2023Q4_DERIVED,0000831001-26-000011,derived_q4_from_reported_fy_less_q1_q3,real_public_sec_edgar,20234
C,CITIGROUP INC,0000831001,2023Q4,2023-12-31,noninterest_income,Noninterest income,3220000000.0,USD,us-gaap,NoninterestIncome,10-K-derived,2026-02-20,CY2023Q4_DERIVED,0000831001-26-000011,derived_q4_from_reported_fy_less_q1_q3,real_public_sec_edgar,20234
C,CITIGROUP INC,0000831001,2023Q4,2023-12-31,total_assets,Total assets,2412000000000.0,USD,us-gaap,Assets,10-K,2026-02-20,CY2023Q4I,0000831001-26-000011,reported_instant_frame,real_public_sec_edgar,20234
C,CITIGROUP INC,0000831001,2023Q4,2023-12-31,total_deposits,Total deposits,1308681000000.0,USD,us-gaap,Deposits,10-K,2025-02-21,CY2023Q4I,0000831001-25-000067,reported_instant_frame,real_public_sec_edgar,20234
C,CITIGROUP INC,0000831001,2023Q4,2023-12-31,total_equity,Total equity,206251000000.0,USD,us-gaap,StockholdersEquityIncludingPortionAttributableToNoncontrollingInterest,10-K,2026-02-20,CY2023Q4I,0000831001-26-000011,reported_instant_frame,real_public_sec_edgar,20234
C,CITIGROUP INC,0000831001,2023Q4,2023-12-31,total_loans,Total loans,671217000000.0,USD,us-gaap,FinancingReceivableExcludingAccruedInterestAfterAllowanceForCreditLoss,10-K,2025-02-21,CY2023Q4I,0000831001-25-000067,reported_instant_frame,real_public_sec_edgar,20234
C,CITIGROUP INC,0000831001,2024Q1,2024-03-31,interest_expense,Interest expense,22716000000.0,USD,us-gaap,InterestExpenseOperating,10-Q,2025-05-08,CY2024Q1,0000831001-25-000086,reported_quarterly_frame,real_public_sec_edgar,20241
C,CITIGROUP INC,0000831001,2024Q1,2024-03-31,interest_expense_deposits,Interest expense on deposits,10411000000.0,USD,us-gaap,InterestExpenseDeposits,10-Q,2025-05-08,CY2024Q1,0000831001-25-000086,reported_quarterly_frame,real_public_sec_edgar,20241
C,CITIGROUP INC,0000831001,2024Q1,2024-03-31,interest_income,Interest income,36223000000.0,USD,us-gaap,InterestAndDividendIncomeOperating,10-Q,2025-05-08,CY2024Q1,0000831001-25-000086,reported_quarterly_frame,real_public_sec_edgar,20241
C,CITIGROUP INC,0000831001,2024Q1,2024-03-31,net_income,Net income,3371000000.0,USD,us-gaap,NetIncomeLoss,10-Q,2025-05-08,CY2024Q1,0000831001-25-000086,reported_quarterly_frame,real_public_sec_edgar,20241
C,CITIGROUP INC,0000831001,2024Q1,2024-03-31,noninterest_expense,Noninterest expense,14107000000.0,USD,us-gaap,NoninterestExpense,10-Q,2025-05-08,CY2024Q1,0000831001-25-000086,reported_quarterly_frame,real_public_sec_edgar,20241
C,CITIGROUP INC,0000831001,2024Q1,2024-03-31,noninterest_income,Noninterest income,7509000000.0,USD,us-gaap,NoninterestIncome,10-Q,2025-05-08,CY2024Q1,0000831001-25-000086,reported_quarterly_frame,real_public_sec_edgar,20241
C,CITIGROUP INC,0000831001,2024Q1,2024-03-31,total_assets,Total assets,2432510000000.0,USD,us-gaap,Assets,10-Q,2024-05-03,CY2024Q1I,0000831001-24-000051,reported_instant_frame,real_public_sec_edgar,20241
C,CITIGROUP INC,0000831001,2024Q1,2024-03-31,total_deposits,Total deposits,1307163000000.0,USD,us-gaap,Deposits,10-Q,2024-05-03,CY2024Q1I,0000831001-24-000051,reported_instant_frame,real_public_sec_edgar,20241
C,CITIGROUP INC,0000831001,2024Q1,2024-03-31,total_equity,Total equity,207398000000.0,USD,us-gaap,StockholdersEquityIncludingPortionAttributableToNoncontrollingInterest,10-Q,2025-05-08,CY2024Q1I,0000831001-25-000086,reported_instant_frame,real_public_sec_edgar,20241
C,CITIGROUP INC,0000831001,2024Q1,2024-03-31,total_loans,Total loans,656282000000.0,USD,us-gaap,FinancingReceivableExcludingAccruedInterestAfterAllowanceForCreditLoss,10-Q,2024-05-03,CY2024Q1I,0000831001-24-000051,reported_instant_frame,real_public_sec_edgar,20241
C,CITIGROUP INC,0000831001,2024Q2,2024-06-30,interest_expense,Interest expense,22494000000.0,USD,us-gaap,InterestExpenseOperating,10-Q,2025-08-06,CY2024Q2,0000831001-25-000131,reported_quarterly_frame,real_public_sec_edgar,20242
C,CITIGROUP INC,0000831001,2024Q2,2024-06-30,interest_expense_deposits,Interest expense on deposits,10235000000.0,USD,us-gaap,InterestExpenseDeposits,10-Q,2025-08-06,CY2024Q2,0000831001-25-000131,reported_quarterly_frame,real_public_sec_edgar,20242
C,CITIGROUP INC,0000831001,2024Q2,2024-06-30,interest_income,Interest income,35987000000.0,USD,us-gaap,InterestAndDividendIncomeOperating,10-Q,2025-08-06,CY2024Q2,0000831001-25-000131,reported_quarterly_frame,real_public_sec_edgar,20242
C,CITIGROUP INC,0000831001,2024Q2,2024-06-30,net_income,Net income,3217000000.0,USD,us-gaap,NetIncomeLoss,10-Q,2025-08-06,CY2024Q2,0000831001-25-000131,reported_quarterly_frame,real_public_sec_edgar,20242
C,CITIGROUP INC,0000831001,2024Q2,2024-06-30,noninterest_expense,Noninterest expense,13246000000.0,USD,us-gaap,NoninterestExpense,10-Q,2025-08-06,CY2024Q2,0000831001-25-000131,reported_quarterly_frame,real_public_sec_edgar,20242
C,CITIGROUP INC,0000831001,2024Q2,2024-06-30,noninterest_income,Noninterest income,6539000000.0,USD,us-gaap,NoninterestIncome,10-Q,2025-08-06,CY2024Q2,0000831001-25-000131,reported_quarterly_frame,real_public_sec_edgar,20242
C,CITIGROUP INC,0000831001,2024Q2,2024-06-30,total_assets,Total assets,2405686000000.0,USD,us-gaap,Assets,10-Q,2024-08-02,CY2024Q2I,0000831001-24-000100,reported_instant_frame,real_public_sec_edgar,20242
C,CITIGROUP INC,0000831001,2024Q2,2024-06-30,total_deposits,Total deposits,1278137000000.0,USD,us-gaap,Deposits,10-Q,2024-08-02,CY2024Q2I,0000831001-24-000100,reported_instant_frame,real_public_sec_edgar,20242
C,CITIGROUP INC,0000831001,2024Q2,2024-06-30,total_equity,Total equity,209144000000.0,USD,us-gaap,StockholdersEquityIncludingPortionAttributableToNoncontrollingInterest,10-Q,2025-08-06,CY2024Q2I,0000831001-25-000131,reported_instant_frame,real_public_sec_edgar,20242
C,CITIGROUP INC,0000831001,2024Q2,2024-06-30,total_loans,Total loans,669506000000.0,USD,us-gaap,FinancingReceivableExcludingAccruedInterestAfterAllowanceForCreditLoss,10-Q,2024-08-02,CY2024Q2I,0000831001-24-000100,reported_instant_frame,real_public_sec_edgar,20242
C,CITIGROUP INC,0000831001,2024Q3,2024-09-30,interest_expense,Interest expense,23094000000.0,USD,us-gaap,InterestExpenseOperating,10-Q,2025-11-06,CY2024Q3,0000831001-25-000154,reported_quarterly_frame,real_public_sec_edgar,20243
C,CITIGROUP INC,0000831001,2024Q3,2024-09-30,interest_expense_deposits,Interest expense on deposits,10319000000.0,USD,us-gaap,InterestExpenseDeposits,10-Q,2025-11-06,CY2024Q3,0000831001-25-000154,reported_quarterly_frame,real_public_sec_edgar,20243
C,CITIGROUP INC,0000831001,2024Q3,2024-09-30,interest_income,Interest income,36456000000.0,USD,us-gaap,InterestAndDividendIncomeOperating,10-Q,2025-11-06,CY2024Q3,0000831001-25-000154,reported_quarterly_frame,real_public_sec_edgar,20243
C,CITIGROUP INC,0000831001,2024Q3,2024-09-30,net_income,Net income,3238000000.0,USD,us-gaap,NetIncomeLoss,10-Q,2025-11-06,CY2024Q3,0000831001-25-000154,reported_quarterly_frame,real_public_sec_edgar,20243
C,CITIGROUP INC,0000831001,2024Q3,2024-09-30,noninterest_expense,Noninterest expense,13144000000.0,USD,us-gaap,NoninterestExpense,10-Q,2025-11-06,CY2024Q3,0000831001-25-000154,reported_quarterly_frame,real_public_sec_edgar,20243
C,CITIGROUP INC,0000831001,2024Q3,2024-09-30,noninterest_income,Noninterest income,6847000000.0,USD,us-gaap,NoninterestIncome,10-Q,2025-11-06,CY2024Q3,0000831001-25-000154,reported_quarterly_frame,real_public_sec_edgar,20243
C,CITIGROUP INC,0000831001,2024Q3,2024-09-30,total_assets,Total assets,2430663000000.0,USD,us-gaap,Assets,10-Q,2024-11-07,CY2024Q3I,0000831001-24-000134,reported_instant_frame,real_public_sec_edgar,20243
C,CITIGROUP INC,0000831001,2024Q3,2024-09-30,total_deposits,Total deposits,1309999000000.0,USD,us-gaap,Deposits,10-Q,2024-11-07,CY2024Q3I,0000831001-24-000134,reported_instant_frame,real_public_sec_edgar,20243
C,CITIGROUP INC,0000831001,2024Q3,2024-09-30,total_equity,Total equity,209902000000.0,USD,us-gaap,StockholdersEquityIncludingPortionAttributableToNoncontrollingInterest,10-Q,2025-11-06,CY2024Q3I,0000831001-25-000154,reported_instant_frame,real_public_sec_edgar,20243
C,CITIGROUP INC,0000831001,2024Q3,2024-09-30,total_loans,Total loans,670566000000.0,USD,us-gaap,FinancingReceivableExcludingAccruedInterestAfterAllowanceForCreditLoss,10-Q,2024-11-07,CY2024Q3I,0000831001-24-000134,reported_instant_frame,real_public_sec_edgar,20243
C,CITIGROUP INC,0000831001,2024Q4,2024-12-31,interest_expense,Interest expense,21314000000.0,USD,us-gaap,InterestExpenseOperating,10-K-derived,2026-02-20,CY2024Q4_DERIVED,0000831001-26-000011,derived_q4_from_reported_fy_less_q1_q3,real_public_sec_edgar,20244
C,CITIGROUP INC,0000831001,2024Q4,2024-12-31,interest_expense_deposits,Interest expense on deposits,9361000000.0,USD,us-gaap,InterestExpenseDeposits,10-K-derived,2026-02-20,CY2024Q4_DERIVED,0000831001-26-000011,derived_q4_from_reported_fy_less_q1_q3,real_public_sec_edgar,20244
C,CITIGROUP INC,0000831001,2024Q4,2024-12-31,interest_income,Interest income,35047000000.0,USD,us-gaap,InterestAndDividendIncomeOperating,10-K-derived,2026-02-20,CY2024Q4_DERIVED,0000831001-26-000011,derived_q4_from_reported_fy_less_q1_q3,real_public_sec_edgar,20244
C,CITIGROUP INC,0000831001,2024Q4,2024-12-31,net_income,Net income,2856000000.0,USD,us-gaap,NetIncomeLoss,10-K-derived,2026-02-20,CY2024Q4_DERIVED,0000831001-26-000011,derived_q4_from_reported_fy_less_q1_q3,real_public_sec_edgar,20244
C,CITIGROUP INC,0000831001,2024Q4,2024-12-31,noninterest_expense,Noninterest expense,13070000000.0,USD,us-gaap,NoninterestExpense,10-K-derived,2026-02-20,CY2024Q4_DERIVED,0000831001-26-000011,derived_q4_from_reported_fy_less_q1_q3,real_public_sec_edgar,20244
C,CITIGROUP INC,0000831001,2024Q4,2024-12-31,noninterest_income,Noninterest income,5732000000.0,USD,us-gaap,NoninterestIncome,10-K-derived,2026-02-20,CY2024Q4_DERIVED,0000831001-26-000011,derived_q4_from_reported_fy_less_q1_q3,real_public_sec_edgar,20244
C,CITIGROUP INC,0000831001,2024Q4,2024-12-31,total_assets,Total assets,2352945000000.0,USD,us-gaap,Assets,10-K,2026-02-20,CY2024Q4I,0000831001-26-000011,reported_instant_frame,real_public_sec_edgar,20244
C,CITIGROUP INC,0000831001,2024Q4,2024-12-31,total_deposits,Total deposits,1284458000000.0,USD,us-gaap,Deposits,10-K,2026-02-20,CY2024Q4I,0000831001-26-000011,reported_instant_frame,real_public_sec_edgar,20244
C,CITIGROUP INC,0000831001,2024Q4,2024-12-31,total_equity,Total equity,209366000000.0,USD,us-gaap,StockholdersEquityIncludingPortionAttributableToNoncontrollingInterest,10-K,2026-02-20,CY2024Q4I,0000831001-26-000011,reported_instant_frame,real_public_sec_edgar,20244
C,CITIGROUP INC,0000831001,2024Q4,2024-12-31,total_loans,Total loans,675914000000.0,USD,us-gaap,FinancingReceivableExcludingAccruedInterestAfterAllowanceForCreditLoss,10-K,2026-02-20,CY2024Q4I,0000831001-26-000011,reported_instant_frame,real_public_sec_edgar,20244
C,CITIGROUP INC,0000831001,2025Q1,2025-03-31,interest_expense,Interest expense,19654000000.0,USD,us-gaap,InterestExpenseOperating,10-Q,2025-05-08,CY2025Q1,0000831001-25-000086,reported_quarterly_frame,real_public_sec_edgar,20251
C,CITIGROUP INC,0000831001,2025Q1,2025-03-31,interest_expense_deposits,Interest expense on deposits,8438000000.0,USD,us-gaap,InterestExpenseDeposits,10-Q,2025-05-08,CY2025Q1,0000831001-25-000086,reported_quarterly_frame,real_public_sec_edgar,20251
C,CITIGROUP INC,0000831001,2025Q1,2025-03-31,interest_income,Interest income,33666000000.0,USD,us-gaap,InterestAndDividendIncomeOperating,10-Q,2025-05-08,CY2025Q1,0000831001-25-000086,reported_quarterly_frame,real_public_sec_edgar,20251
C,CITIGROUP INC,0000831001,2025Q1,2025-03-31,net_income,Net income,4064000000.0,USD,us-gaap,NetIncomeLoss,10-Q,2025-05-08,CY2025Q1,0000831001-25-000086,reported_quarterly_frame,real_public_sec_edgar,20251
C,CITIGROUP INC,0000831001,2025Q1,2025-03-31,noninterest_expense,Noninterest expense,13425000000.0,USD,us-gaap,NoninterestExpense,10-Q,2025-05-08,CY2025Q1,0000831001-25-000086,reported_quarterly_frame,real_public_sec_edgar,20251
C,CITIGROUP INC,0000831001,2025Q1,2025-03-31,noninterest_income,Noninterest income,7584000000.0,USD,us-gaap,NoninterestIncome,10-Q,2025-05-08,CY2025Q1,0000831001-25-000086,reported_quarterly_frame,real_public_sec_edgar,20251
C,CITIGROUP INC,0000831001,2025Q1,2025-03-31,total_assets,Total assets,2571514000000.0,USD,us-gaap,Assets,10-Q,2025-05-08,CY2025Q1I,0000831001-25-000086,reported_instant_frame,real_public_sec_edgar,20251
C,CITIGROUP INC,0000831001,2025Q1,2025-03-31,total_deposits,Total deposits,1316410000000.0,USD,us-gaap,Deposits,10-Q,2025-05-08,CY2025Q1I,0000831001-25-000086,reported_instant_frame,real_public_sec_edgar,20251
C,CITIGROUP INC,0000831001,2025Q1,2025-03-31,total_equity,Total equity,213258000000.0,USD,us-gaap,StockholdersEquityIncludingPortionAttributableToNoncontrollingInterest,10-Q,2025-05-08,CY2025Q1I,0000831001-25-000086,reported_instant_frame,real_public_sec_edgar,20251
C,CITIGROUP INC,0000831001,2025Q1,2025-03-31,total_loans,Total loans,683330000000.0,USD,us-gaap,FinancingReceivableExcludingAccruedInterestAfterAllowanceForCreditLoss,10-Q,2025-05-08,CY2025Q1I,0000831001-25-000086,reported_instant_frame,real_public_sec_edgar,20251
C,CITIGROUP INC,0000831001,2025Q2,2025-06-30,interest_expense,Interest expense,20684000000.0,USD,us-gaap,InterestExpenseOperating,10-Q,2025-08-06,CY2025Q2,0000831001-25-000131,reported_quarterly_frame,real_public_sec_edgar,20252
C,CITIGROUP INC,0000831001,2025Q2,2025-06-30,interest_expense_deposits,Interest expense on deposits,8685000000.0,USD,us-gaap,InterestExpenseDeposits,10-Q,2025-08-06,CY2025Q2,0000831001-25-000131,reported_quarterly_frame,real_public_sec_edgar,20252
C,CITIGROUP INC,0000831001,2025Q2,2025-06-30,interest_income,Interest income,35859000000.0,USD,us-gaap,InterestAndDividendIncomeOperating,10-Q,2025-08-06,CY2025Q2,0000831001-25-000131,reported_quarterly_frame,real_public_sec_edgar,20252
C,CITIGROUP INC,0000831001,2025Q2,2025-06-30,net_income,Net income,4019000000.0,USD,us-gaap,NetIncomeLoss,10-Q,2025-08-06,CY2025Q2,0000831001-25-000131,reported_quarterly_frame,real_public_sec_edgar,20252
C,CITIGROUP INC,0000831001,2025Q2,2025-06-30,noninterest_expense,Noninterest expense,13577000000.0,USD,us-gaap,NoninterestExpense,10-Q,2025-08-06,CY2025Q2,0000831001-25-000131,reported_quarterly_frame,real_public_sec_edgar,20252
C,CITIGROUP INC,0000831001,2025Q2,2025-06-30,noninterest_income,Noninterest income,6493000000.0,USD,us-gaap,NoninterestIncome,10-Q,2025-08-06,CY2025Q2,0000831001-25-000131,reported_quarterly_frame,real_public_sec_edgar,20252
C,CITIGROUP INC,0000831001,2025Q2,2025-06-30,total_assets,Total assets,2622772000000.0,USD,us-gaap,Assets,10-Q,2025-08-06,CY2025Q2I,0000831001-25-000131,reported_instant_frame,real_public_sec_edgar,20252
C,CITIGROUP INC,0000831001,2025Q2,2025-06-30,total_deposits,Total deposits,1357733000000.0,USD,us-gaap,Deposits,10-Q,2025-08-06,CY2025Q2I,0000831001-25-000131,reported_instant_frame,real_public_sec_edgar,20252
C,CITIGROUP INC,0000831001,2025Q2,2025-06-30,total_equity,Total equity,214130000000.0,USD,us-gaap,StockholdersEquityIncludingPortionAttributableToNoncontrollingInterest,10-Q,2025-08-06,CY2025Q2I,0000831001-25-000131,reported_instant_frame,real_public_sec_edgar,20252
C,CITIGROUP INC,0000831001,2025Q2,2025-06-30,total_loans,Total loans,706222000000.0,USD,us-gaap,FinancingReceivableExcludingAccruedInterestAfterAllowanceForCreditLoss,10-Q,2025-08-06,CY2025Q2I,0000831001-25-000131,reported_instant_frame,real_public_sec_edgar,20252
C,CITIGROUP INC,0000831001,2025Q3,2025-09-30,interest_expense,Interest expense,21750000000.0,USD,us-gaap,InterestExpenseOperating,10-Q,2025-11-06,CY2025Q3,0000831001-25-000154,reported_quarterly_frame,real_public_sec_edgar,20253
C,CITIGROUP INC,0000831001,2025Q3,2025-09-30,interest_expense_deposits,Interest expense on deposits,9163000000.0,USD,us-gaap,InterestExpenseDeposits,10-Q,2025-11-06,CY2025Q3,0000831001-25-000154,reported_quarterly_frame,real_public_sec_edgar,20253
C,CITIGROUP INC,0000831001,2025Q3,2025-09-30,interest_income,Interest income,36690000000.0,USD,us-gaap,InterestAndDividendIncomeOperating,10-Q,2025-11-06,CY2025Q3,0000831001-25-000154,reported_quarterly_frame,real_public_sec_edgar,20253
C,CITIGROUP INC,0000831001,2025Q3,2025-09-30,net_income,Net income,3752000000.0,USD,us-gaap,NetIncomeLoss,10-Q,2025-11-06,CY2025Q3,0000831001-25-000154,reported_quarterly_frame,real_public_sec_edgar,20253
C,CITIGROUP INC,0000831001,2025Q3,2025-09-30,noninterest_expense,Noninterest expense,14290000000.0,USD,us-gaap,NoninterestExpense,10-Q,2025-11-06,CY2025Q3,0000831001-25-000154,reported_quarterly_frame,real_public_sec_edgar,20253
C,CITIGROUP INC,0000831001,2025Q3,2025-09-30,noninterest_income,Noninterest income,7150000000.0,USD,us-gaap,NoninterestIncome,10-Q,2025-11-06,CY2025Q3,0000831001-25-000154,reported_quarterly_frame,real_public_sec_edgar,20253
C,CITIGROUP INC,0000831001,2025Q3,2025-09-30,total_assets,Total assets,2642475000000.0,USD,us-gaap,Assets,10-Q,2025-11-06,CY2025Q3I,0000831001-25-000154,reported_instant_frame,real_public_sec_edgar,20253
C,CITIGROUP INC,0000831001,2025Q3,2025-09-30,total_deposits,Total deposits,1383929000000.0,USD,us-gaap,Deposits,10-Q,2025-11-06,CY2025Q3I,0000831001-25-000154,reported_instant_frame,real_public_sec_edgar,20253
C,CITIGROUP INC,0000831001,2025Q3,2025-09-30,total_equity,Total equity,213877000000.0,USD,us-gaap,StockholdersEquityIncludingPortionAttributableToNoncontrollingInterest,10-Q,2025-11-06,CY2025Q3I,0000831001-25-000154,reported_instant_frame,real_public_sec_edgar,20253
C,CITIGROUP INC,0000831001,2025Q3,2025-09-30,total_loans,Total loans,714699000000.0,USD,us-gaap,FinancingReceivableExcludingAccruedInterestAfterAllowanceForCreditLoss,10-Q,2025-11-06,CY2025Q3I,0000831001-25-000154,reported_instant_frame,real_public_sec_edgar,20253
C,CITIGROUP INC,0000831001,2025Q4,2025-12-31,interest_expense,Interest expense,20984000000.0,USD,us-gaap,InterestExpenseOperating,10-K-derived,2026-02-20,CY2025Q4_DERIVED,0000831001-26-000011,derived_q4_from_reported_fy_less_q1_q3,real_public_sec_edgar,20254
C,CITIGROUP INC,0000831001,2025Q4,2025-12-31,interest_expense_deposits,Interest expense on deposits,8680000000.0,USD,us-gaap,InterestExpenseDeposits,10-K-derived,2026-02-20,CY2025Q4_DERIVED,0000831001-26-000011,derived_q4_from_reported_fy_less_q1_q3,real_public_sec_edgar,20254
C,CITIGROUP INC,0000831001,2025Q4,2025-12-31,interest_income,Interest income,36649000000.0,USD,us-gaap,InterestAndDividendIncomeOperating,10-K-derived,2026-02-20,CY2025Q4_DERIVED,0000831001-26-000011,derived_q4_from_reported_fy_less_q1_q3,real_public_sec_edgar,20254
C,CITIGROUP INC,0000831001,2025Q4,2025-12-31,net_income,Net income,2471000000.0,USD,us-gaap,NetIncomeLoss,10-K-derived,2026-02-20,CY2025Q4_DERIVED,0000831001-26-000011,derived_q4_from_reported_fy_less_q1_q3,real_public_sec_edgar,20254
C,CITIGROUP INC,0000831001,2025Q4,2025-12-31,noninterest_expense,Noninterest expense,13840000000.0,USD,us-gaap,NoninterestExpense,10-K-derived,2026-02-20,CY2025Q4_DERIVED,0000831001-26-000011,derived_q4_from_reported_fy_less_q1_q3,real_public_sec_edgar,20254
C,CITIGROUP INC,0000831001,2025Q4,2025-12-31,noninterest_income,Noninterest income,4206000000.0,USD,us-gaap,NoninterestIncome,10-K-derived,2026-02-20,CY2025Q4_DERIVED,0000831001-26-000011,derived_q4_from_reported_fy_less_q1_q3,real_public_sec_edgar,20254
C,CITIGROUP INC,0000831001,2025Q4,2025-12-31,total_assets,Total assets,2657202000000.0,USD,us-gaap,Assets,10-K,2026-02-20,CY2025Q4I,0000831001-26-000011,reported_instant_frame,real_public_sec_edgar,20254
C,CITIGROUP INC,0000831001,2025Q4,2025-12-31,total_deposits,Total deposits,1403573000000.0,USD,us-gaap,Deposits,10-K,2026-02-20,CY2025Q4I,0000831001-26-000011,reported_instant_frame,real_public_sec_edgar,20254
C,CITIGROUP INC,0000831001,2025Q4,2025-12-31,total_equity,Total equity,213822000000.0,USD,us-gaap,StockholdersEquityIncludingPortionAttributableToNoncontrollingInterest,10-K,2026-02-20,CY2025Q4I,0000831001-26-000011,reported_instant_frame,real_public_sec_edgar,20254
C,CITIGROUP INC,0000831001,2025Q4,2025-12-31,total_loans,Total loans,732983000000.0,USD,us-gaap,FinancingReceivableExcludingAccruedInterestAfterAllowanceForCreditLoss,10-K,2026-02-20,CY2025Q4I,0000831001-26-000011,reported_instant_frame,real_public_sec_edgar,20254
COF,CAPITAL ONE FINANCIAL CORP,0000927628,2018Q2,2018-06-30,interest_expense,Interest expense,1045000000.0,USD,us-gaap,InterestExpense,10-Q,2019-07-31,CY2018Q2,0000927628-19-000274,reported_quarterly_frame,real_public_sec_edgar,20182
COF,CAPITAL ONE FINANCIAL CORP,0000927628,2018Q2,2018-06-30,interest_expense_deposits,Interest expense on deposits,622000000.0,USD,us-gaap,InterestExpenseDeposits,10-Q,2019-07-31,CY2018Q2,0000927628-19-000274,reported_quarterly_frame,real_public_sec_edgar,20182
COF,CAPITAL ONE FINANCIAL CORP,0000927628,2018Q2,2018-06-30,interest_income,Interest income,6596000000.0,USD,us-gaap,InterestAndDividendIncomeOperating,10-Q,2019-07-31,CY2018Q2,0000927628-19-000274,reported_quarterly_frame,real_public_sec_edgar,20182
COF,CAPITAL ONE FINANCIAL CORP,0000927628,2018Q2,2018-06-30,net_income,Net income,1906000000.0,USD,us-gaap,NetIncomeLoss,10-Q,2019-07-31,CY2018Q2,0000927628-19-000274,reported_quarterly_frame,real_public_sec_edgar,20182
COF,CAPITAL ONE FINANCIAL CORP,0000927628,2018Q2,2018-06-30,noninterest_expense,Noninterest expense,3424000000.0,USD,us-gaap,NoninterestExpense,10-Q,2019-07-31,CY2018Q2,0000927628-19-000274,reported_quarterly_frame,real_public_sec_edgar,20182
COF,CAPITAL ONE FINANCIAL CORP,0000927628,2018Q2,2018-06-30,noninterest_income,Noninterest income,1641000000.0,USD,us-gaap,NoninterestIncome,10-Q,2019-07-31,CY2018Q2,0000927628-19-000274,reported_quarterly_frame,real_public_sec_edgar,20182
COF,CAPITAL ONE FINANCIAL CORP,0000927628,2018Q2,2018-06-30,total_assets,Total assets,363989000000.0,USD,us-gaap,Assets,10-Q,2018-07-27,CY2018Q2I,0000927628-18-000281,reported_instant_frame,real_public_sec_edgar,20182
COF,CAPITAL ONE FINANCIAL CORP,0000927628,2018Q2,2018-06-30,total_deposits,Total deposits,248225000000.0,USD,us-gaap,Deposits,10-Q,2019-07-31,CY2018Q2I,0000927628-19-000274,reported_instant_frame,real_public_sec_edgar,20182
COF,CAPITAL ONE FINANCIAL CORP,0000927628,2018Q2,2018-06-30,total_equity,Total equity,49926000000.0,USD,us-gaap,StockholdersEquity,10-Q,2019-10-31,CY2018Q2I,0000927628-19-000312,reported_instant_frame,real_public_sec_edgar,20182
COF,CAPITAL ONE FINANCIAL CORP,0000927628,2018Q2,2018-06-30,total_loans,Total loans,228756000000.0,USD,us-gaap,LoansAndLeasesReceivableNetReportedAmount,10-Q,2018-07-27,CY2018Q2I,0000927628-18-000281,reported_instant_frame,real_public_sec_edgar,20182
COF,CAPITAL ONE FINANCIAL CORP,0000927628,2018Q3,2018-09-30,interest_expense,Interest expense,1109000000.0,USD,us-gaap,InterestExpense,10-Q,2019-10-31,CY2018Q3,0000927628-19-000312,reported_quarterly_frame,real_public_sec_edgar,20183
COF,CAPITAL ONE FINANCIAL CORP,0000927628,2018Q3,2018-09-30,interest_expense_deposits,Interest expense on deposits,681000000.0,USD,us-gaap,InterestExpenseDeposits,10-Q,2019-10-31,CY2018Q3,0000927628-19-000312,reported_quarterly_frame,real_public_sec_edgar,20183
COF,CAPITAL ONE FINANCIAL CORP,0000927628,2018Q3,2018-09-30,interest_income,Interest income,6895000000.0,USD,us-gaap,InterestAndDividendIncomeOperating,10-Q,2019-10-31,CY2018Q3,0000927628-19-000312,reported_quarterly_frame,real_public_sec_edgar,20183
COF,CAPITAL ONE FINANCIAL CORP,0000927628,2018Q3,2018-09-30,net_income,Net income,1502000000.0,USD,us-gaap,NetIncomeLoss,10-Q,2019-10-31,CY2018Q3,0000927628-19-000312,reported_quarterly_frame,real_public_sec_edgar,20183
COF,CAPITAL ONE FINANCIAL CORP,0000927628,2018Q3,2018-09-30,noninterest_expense,Noninterest expense,3773000000.0,USD,us-gaap,NoninterestExpense,10-Q,2019-10-31,CY2018Q3,0000927628-19-000312,reported_quarterly_frame,real_public_sec_edgar,20183
COF,CAPITAL ONE FINANCIAL CORP,0000927628,2018Q3,2018-09-30,noninterest_income,Noninterest income,1176000000.0,USD,us-gaap,NoninterestIncome,10-Q,2019-10-31,CY2018Q3,0000927628-19-000312,reported_quarterly_frame,real_public_sec_edgar,20183
COF,CAPITAL ONE FINANCIAL CORP,0000927628,2018Q3,2018-09-30,total_assets,Total assets,362909000000.0,USD,us-gaap,Assets,10-Q,2018-11-01,CY2018Q3I,0000927628-18-000317,reported_instant_frame,real_public_sec_edgar,20183
COF,CAPITAL ONE FINANCIAL CORP,0000927628,2018Q3,2018-09-30,total_deposits,Total deposits,247195000000.0,USD,us-gaap,Deposits,10-Q,2019-10-31,CY2018Q3I,0000927628-19-000312,reported_instant_frame,real_public_sec_edgar,20183
COF,CAPITAL ONE FINANCIAL CORP,0000927628,2018Q3,2018-09-30,total_equity,Total equity,50638000000.0,USD,us-gaap,StockholdersEquity,10-Q,2019-10-31,CY2018Q3I,0000927628-19-000312,reported_instant_frame,real_public_sec_edgar,20183
COF,CAPITAL ONE FINANCIAL CORP,0000927628,2018Q3,2018-09-30,total_loans,Total loans,231542000000.0,USD,us-gaap,LoansAndLeasesReceivableNetReportedAmount,10-Q,2018-11-01,CY2018Q3I,0000927628-18-000317,reported_instant_frame,real_public_sec_edgar,20183
COF,CAPITAL ONE FINANCIAL CORP,0000927628,2018Q4,2018-12-31,interest_expense,Interest expense,1228000000.0,USD,us-gaap,InterestExpense,10-K-derived,2021-02-25,CY2018Q4_DERIVED,0000927628-21-000094,derived_q4_from_reported_fy_less_q1_q3,real_public_sec_edgar,20184
COF,CAPITAL ONE FINANCIAL CORP,0000927628,2018Q4,2018-12-31,interest_expense_deposits,Interest expense on deposits,756000000.0,USD,us-gaap,InterestExpenseDeposits,10-K-derived,2021-02-25,CY2018Q4_DERIVED,0000927628-21-000094,derived_q4_from_reported_fy_less_q1_q3,real_public_sec_edgar,20184
COF,CAPITAL ONE FINANCIAL CORP,0000927628,2018Q4,2018-12-31,interest_income,Interest income,7048000000.0,USD,us-gaap,InterestAndDividendIncomeOperating,10-K-derived,2021-02-25,CY2018Q4_DERIVED,0000927628-21-000094,derived_q4_from_reported_fy_less_q1_q3,real_public_sec_edgar,20184
COF,CAPITAL ONE FINANCIAL CORP,0000927628,2018Q4,2018-12-31,net_income,Net income,1261000000.0,USD,us-gaap,NetIncomeLoss,10-K-derived,2021-02-25,CY2018Q4_DERIVED,0000927628-21-000094,derived_q4_from_reported_fy_less_q1_q3,real_public_sec_edgar,20184
COF,CAPITAL ONE FINANCIAL CORP,0000927628,2018Q4,2018-12-31,noninterest_expense,Noninterest expense,4132000000.0,USD,us-gaap,NoninterestExpense,10-K-derived,2021-02-25,CY2018Q4_DERIVED,0000927628-21-000094,derived_q4_from_reported_fy_less_q1_q3,real_public_sec_edgar,20184
COF,CAPITAL ONE FINANCIAL CORP,0000927628,2018Q4,2018-12-31,noninterest_income,Noninterest income,1193000000.0,USD,us-gaap,NoninterestIncome,10-K-derived,2021-02-25,CY2018Q4_DERIVED,0000927628-21-000094,derived_q4_from_reported_fy_less_q1_q3,real_public_sec_edgar,20184
COF,CAPITAL ONE FINANCIAL CORP,0000927628,2018Q4,2018-12-31,tier_1_capital,Tier 1 capital,37431000000.0,USD,us-gaap,TierOneRiskBasedCapital,10-K,2020-02-20,CY2018Q4I,0000927628-20-000102,reported_instant_frame,real_public_sec_edgar,20184
COF,CAPITAL ONE FINANCIAL CORP,0000927628,2018Q4,2018-12-31,tier_1_capital_ratio,Tier 1 capital ratio,0.127,pure,us-gaap,TierOneRiskBasedCapitalToRiskWeightedAssets,10-K,2020-02-20,CY2018Q4I,0000927628-20-000102,reported_instant_frame,real_public_sec_edgar,20184
COF,CAPITAL ONE FINANCIAL CORP,0000927628,2018Q4,2018-12-31,total_assets,Total assets,372538000000.0,USD,us-gaap,Assets,10-K,2020-02-20,CY2018Q4I,0000927628-20-000102,reported_instant_frame,real_public_sec_edgar,20184
COF,CAPITAL ONE FINANCIAL CORP,0000927628,2018Q4,2018-12-31,total_deposits,Total deposits,249764000000.0,USD,us-gaap,Deposits,10-K,2021-02-25,CY2018Q4I,0000927628-21-000094,reported_instant_frame,real_public_sec_edgar,20184
COF,CAPITAL ONE FINANCIAL CORP,0000927628,2018Q4,2018-12-31,total_equity,Total equity,51668000000.0,USD,us-gaap,StockholdersEquity,10-K,2022-02-25,CY2018Q4I,0000927628-22-000106,reported_instant_frame,real_public_sec_edgar,20184
COF,CAPITAL ONE FINANCIAL CORP,0000927628,2018Q4,2018-12-31,total_loans,Total loans,238679000000.0,USD,us-gaap,LoansAndLeasesReceivableNetReportedAmount,10-K,2020-02-20,CY2018Q4I,0000927628-20-000102,reported_instant_frame,real_public_sec_edgar,20184
COF,CAPITAL ONE FINANCIAL CORP,0000927628,2019Q1,2019-03-31,interest_expense,Interest expense,1301000000.0,USD,us-gaap,InterestExpense,10-Q,2020-05-01,CY2019Q1,0000927628-20-000173,reported_quarterly_frame,real_public_sec_edgar,20191
COF,CAPITAL ONE FINANCIAL CORP,0000927628,2019Q1,2019-03-31,interest_expense_deposits,Interest expense on deposits,817000000.0,USD,us-gaap,InterestExpenseDeposits,10-Q,2020-05-01,CY2019Q1,0000927628-20-000173,reported_quarterly_frame,real_public_sec_edgar,20191
COF,CAPITAL ONE FINANCIAL CORP,0000927628,2019Q1,2019-03-31,interest_income,Interest income,7092000000.0,USD,us-gaap,InterestAndDividendIncomeOperating,10-Q,2020-05-01,CY2019Q1,0000927628-20-000173,reported_quarterly_frame,real_public_sec_edgar,20191
COF,CAPITAL ONE FINANCIAL CORP,0000927628,2019Q1,2019-03-31,net_income,Net income,1412000000.0,USD,us-gaap,NetIncomeLoss,10-Q,2020-05-01,CY2019Q1,0000927628-20-000173,reported_quarterly_frame,real_public_sec_edgar,20191
COF,CAPITAL ONE FINANCIAL CORP,0000927628,2019Q1,2019-03-31,noninterest_expense,Noninterest expense,3671000000.0,USD,us-gaap,NoninterestExpense,10-Q,2020-05-01,CY2019Q1,0000927628-20-000173,reported_quarterly_frame,real_public_sec_edgar,20191
COF,CAPITAL ONE FINANCIAL CORP,0000927628,2019Q1,2019-03-31,noninterest_income,Noninterest income,1292000000.0,USD,us-gaap,NoninterestIncome,10-Q,2020-05-01,CY2019Q1,0000927628-20-000173,reported_quarterly_frame,real_public_sec_edgar,20191
COF,CAPITAL ONE FINANCIAL CORP,0000927628,2019Q1,2019-03-31,total_assets,Total assets,373191000000.0,USD,us-gaap,Assets,10-Q,2019-05-01,CY2019Q1I,0000927628-19-000177,reported_instant_frame,real_public_sec_edgar,20191
COF,CAPITAL ONE FINANCIAL CORP,0000927628,2019Q1,2019-03-31,total_deposits,Total deposits,255107000000.0,USD,us-gaap,Deposits,10-Q,2020-05-01,CY2019Q1I,0000927628-20-000173,reported_instant_frame,real_public_sec_edgar,20191
COF,CAPITAL ONE FINANCIAL CORP,0000927628,2019Q1,2019-03-31,total_equity,Total equity,53481000000.0,USD,us-gaap,StockholdersEquity,10-Q,2020-11-02,CY2019Q1I,0000927628-20-000286,reported_instant_frame,real_public_sec_edgar,20191
COF,CAPITAL ONE FINANCIAL CORP,0000927628,2019Q1,2019-03-31,total_loans,Total loans,232960000000.0,USD,us-gaap,LoansAndLeasesReceivableNetReportedAmount,10-Q,2019-05-01,CY2019Q1I,0000927628-19-000177,reported_instant_frame,real_public_sec_edgar,20191
COF,CAPITAL ONE FINANCIAL CORP,0000927628,2019Q2,2019-06-30,interest_expense,Interest expense,1330000000.0,USD,us-gaap,InterestExpense,10-Q,2020-08-06,CY2019Q2,0000927628-20-000242,reported_quarterly_frame,real_public_sec_edgar,20192
COF,CAPITAL ONE FINANCIAL CORP,0000927628,2019Q2,2019-06-30,interest_expense_deposits,Interest expense on deposits,870000000.0,USD,us-gaap,InterestExpenseDeposits,10-Q,2020-08-06,CY2019Q2,0000927628-20-000242,reported_quarterly_frame,real_public_sec_edgar,20192
COF,CAPITAL ONE FINANCIAL CORP,0000927628,2019Q2,2019-06-30,interest_income,Interest income,7076000000.0,USD,us-gaap,InterestAndDividendIncomeOperating,10-Q,2020-08-06,CY2019Q2,0000927628-20-000242,reported_quarterly_frame,real_public_sec_edgar,20192
COF,CAPITAL ONE FINANCIAL CORP,0000927628,2019Q2,2019-06-30,net_income,Net income,1625000000.0,USD,us-gaap,NetIncomeLoss,10-Q,2020-08-06,CY2019Q2,0000927628-20-000242,reported_quarterly_frame,real_public_sec_edgar,20192
COF,CAPITAL ONE FINANCIAL CORP,0000927628,2019Q2,2019-06-30,noninterest_expense,Noninterest expense,3779000000.0,USD,us-gaap,NoninterestExpense,10-Q,2020-08-06,CY2019Q2,0000927628-20-000242,reported_quarterly_frame,real_public_sec_edgar,20192
COF,CAPITAL ONE FINANCIAL CORP,0000927628,2019Q2,2019-06-30,noninterest_income,Noninterest income,1378000000.0,USD,us-gaap,NoninterestIncome,10-Q,2020-08-06,CY2019Q2,0000927628-20-000242,reported_quarterly_frame,real_public_sec_edgar,20192
COF,CAPITAL ONE FINANCIAL CORP,0000927628,2019Q2,2019-06-30,total_assets,Total assets,373619000000.0,USD,us-gaap,Assets,10-Q,2019-07-31,CY2019Q2I,0000927628-19-000274,reported_instant_frame,real_public_sec_edgar,20192
COF,CAPITAL ONE FINANCIAL CORP,0000927628,2019Q2,2019-06-30,total_deposits,Total deposits,254535000000.0,USD,us-gaap,Deposits,10-Q,2020-08-06,CY2019Q2I,0000927628-20-000242,reported_instant_frame,real_public_sec_edgar,20192
COF,CAPITAL ONE FINANCIAL CORP,0000927628,2019Q2,2019-06-30,total_equity,Total equity,55767000000.0,USD,us-gaap,StockholdersEquity,10-Q,2020-11-02,CY2019Q2I,0000927628-20-000286,reported_instant_frame,real_public_sec_edgar,20192
COF,CAPITAL ONE FINANCIAL CORP,0000927628,2019Q2,2019-06-30,total_loans,Total loans,237327000000.0,USD,us-gaap,LoansAndLeasesReceivableNetReportedAmount,10-Q,2019-07-31,CY2019Q2I,0000927628-19-000274,reported_instant_frame,real_public_sec_edgar,20192
COF,CAPITAL ONE FINANCIAL CORP,0000927628,2019Q3,2019-09-30,interest_expense,Interest expense,1338000000.0,USD,us-gaap,InterestExpense,10-Q,2020-11-02,CY2019Q3,0000927628-20-000286,reported_quarterly_frame,real_public_sec_edgar,20193
COF,CAPITAL ONE FINANCIAL CORP,0000927628,2019Q3,2019-09-30,interest_expense_deposits,Interest expense on deposits,901000000.0,USD,us-gaap,InterestExpenseDeposits,10-Q,2020-11-02,CY2019Q3,0000927628-20-000286,reported_quarterly_frame,real_public_sec_edgar,20193
COF,CAPITAL ONE FINANCIAL CORP,0000927628,2019Q3,2019-09-30,interest_income,Interest income,7075000000.0,USD,us-gaap,InterestAndDividendIncomeOperating,10-Q,2020-11-02,CY2019Q3,0000927628-20-000286,reported_quarterly_frame,real_public_sec_edgar,20193
COF,CAPITAL ONE FINANCIAL CORP,0000927628,2019Q3,2019-09-30,net_income,Net income,1333000000.0,USD,us-gaap,NetIncomeLoss,10-Q,2020-11-02,CY2019Q3,0000927628-20-000286,reported_quarterly_frame,real_public_sec_edgar,20193
COF,CAPITAL ONE FINANCIAL CORP,0000927628,2019Q3,2019-09-30,noninterest_expense,Noninterest expense,3872000000.0,USD,us-gaap,NoninterestExpense,10-Q,2020-11-02,CY2019Q3,0000927628-20-000286,reported_quarterly_frame,real_public_sec_edgar,20193
COF,CAPITAL ONE FINANCIAL CORP,0000927628,2019Q3,2019-09-30,noninterest_income,Noninterest income,1222000000.0,USD,us-gaap,NoninterestIncome,10-Q,2020-11-02,CY2019Q3,0000927628-20-000286,reported_quarterly_frame,real_public_sec_edgar,20193
COF,CAPITAL ONE FINANCIAL CORP,0000927628,2019Q3,2019-09-30,total_assets,Total assets,378810000000.0,USD,us-gaap,Assets,10-Q,2019-10-31,CY2019Q3I,0000927628-19-000312,reported_instant_frame,real_public_sec_edgar,20193
COF,CAPITAL ONE FINANCIAL CORP,0000927628,2019Q3,2019-09-30,total_deposits,Total deposits,257148000000.0,USD,us-gaap,Deposits,10-Q,2020-11-02,CY2019Q3I,0000927628-20-000286,reported_instant_frame,real_public_sec_edgar,20193
COF,CAPITAL ONE FINANCIAL CORP,0000927628,2019Q3,2019-09-30,total_equity,Total equity,58235000000.0,USD,us-gaap,StockholdersEquity,10-Q,2020-11-02,CY2019Q3I,0000927628-20-000286,reported_instant_frame,real_public_sec_edgar,20193
COF,CAPITAL ONE FINANCIAL CORP,0000927628,2019Q3,2019-09-30,total_loans,Total loans,242318000000.0,USD,us-gaap,LoansAndLeasesReceivableNetReportedAmount,10-Q,2019-10-31,CY2019Q3I,0000927628-19-000312,reported_instant_frame,real_public_sec_edgar,20193
COF,CAPITAL ONE FINANCIAL CORP,0000927628,2019Q4,2019-12-31,interest_expense,Interest expense,1204000000.0,USD,us-gaap,InterestExpense,10-K-derived,2022-02-25,CY2019Q4_DERIVED,0000927628-22-000106,derived_q4_from_reported_fy_less_q1_q3,real_public_sec_edgar,20194
COF,CAPITAL ONE FINANCIAL CORP,0000927628,2019Q4,2019-12-31,interest_expense_deposits,Interest expense on deposits,832000000.0,USD,us-gaap,InterestExpenseDeposits,10-K-derived,2022-02-25,CY2019Q4_DERIVED,0000927628-22-000106,derived_q4_from_reported_fy_less_q1_q3,real_public_sec_edgar,20194
COF,CAPITAL ONE FINANCIAL CORP,0000927628,2019Q4,2019-12-31,interest_income,Interest income,7270000000.0,USD,us-gaap,InterestAndDividendIncomeOperating,10-K-derived,2022-02-25,CY2019Q4_DERIVED,0000927628-22-000106,derived_q4_from_reported_fy_less_q1_q3,real_public_sec_edgar,20194
COF,CAPITAL ONE FINANCIAL CORP,0000927628,2019Q4,2019-12-31,net_income,Net income,1176000000.0,USD,us-gaap,NetIncomeLoss,10-K-derived,2022-02-25,CY2019Q4_DERIVED,0000927628-22-000106,derived_q4_from_reported_fy_less_q1_q3,real_public_sec_edgar,20194
COF,CAPITAL ONE FINANCIAL CORP,0000927628,2019Q4,2019-12-31,noninterest_expense,Noninterest expense,4161000000.0,USD,us-gaap,NoninterestExpense,10-K-derived,2022-02-25,CY2019Q4_DERIVED,0000927628-22-000106,derived_q4_from_reported_fy_less_q1_q3,real_public_sec_edgar,20194
COF,CAPITAL ONE FINANCIAL CORP,0000927628,2019Q4,2019-12-31,noninterest_income,Noninterest income,1361000000.0,USD,us-gaap,NoninterestIncome,10-K-derived,2022-02-25,CY2019Q4_DERIVED,0000927628-22-000106,derived_q4_from_reported_fy_less_q1_q3,real_public_sec_edgar,20194
COF,CAPITAL ONE FINANCIAL CORP,0000927628,2019Q4,2019-12-31,tier_1_capital,Tier 1 capital,43015000000.0,USD,us-gaap,TierOneRiskBasedCapital,10-K,2021-02-25,CY2019Q4I,0000927628-21-000094,reported_instant_frame,real_public_sec_edgar,20194
COF,CAPITAL ONE FINANCIAL CORP,0000927628,2019Q4,2019-12-31,tier_1_capital_ratio,Tier 1 capital ratio,0.137,pure,us-gaap,TierOneRiskBasedCapitalToRiskWeightedAssets,10-K,2021-02-25,CY2019Q4I,0000927628-21-000094,reported_instant_frame,real_public_sec_edgar,20194
COF,CAPITAL ONE FINANCIAL CORP,0000927628,2019Q4,2019-12-31,total_assets,Total assets,390365000000.0,USD,us-gaap,Assets,10-K,2021-02-25,CY2019Q4I,0000927628-21-000094,reported_instant_frame,real_public_sec_edgar,20194
COF,CAPITAL ONE FINANCIAL CORP,0000927628,2019Q4,2019-12-31,total_deposits,Total deposits,262697000000.0,USD,us-gaap,Deposits,10-K,2022-02-25,CY2019Q4I,0000927628-22-000106,reported_instant_frame,real_public_sec_edgar,20194
COF,CAPITAL ONE FINANCIAL CORP,0000927628,2019Q4,2019-12-31,total_equity,Total equity,58011000000.0,USD,us-gaap,StockholdersEquity,10-K,2023-02-24,CY2019Q4I,0000927628-23-000117,reported_instant_frame,real_public_sec_edgar,20194
COF,CAPITAL ONE FINANCIAL CORP,0000927628,2019Q4,2019-12-31,total_loans,Total loans,258601000000.0,USD,us-gaap,LoansAndLeasesReceivableNetReportedAmount,10-Q,2020-08-06,CY2019Q4I,0000927628-20-000242,reported_instant_frame,real_public_sec_edgar,20194
COF,CAPITAL ONE FINANCIAL CORP,0000927628,2020Q1,2020-03-31,interest_expense,Interest expense,1084000000.0,USD,us-gaap,InterestExpense,10-Q,2021-05-07,CY2020Q1,0000927628-21-000175,reported_quarterly_frame,real_public_sec_edgar,20201
COF,CAPITAL ONE FINANCIAL CORP,0000927628,2020Q1,2020-03-31,interest_expense_deposits,Interest expense on deposits,731000000.0,USD,us-gaap,InterestExpenseDeposits,10-Q,2021-05-07,CY2020Q1,0000927628-21-000175,reported_quarterly_frame,real_public_sec_edgar,20201
COF,CAPITAL ONE FINANCIAL CORP,0000927628,2020Q1,2020-03-31,interest_income,Interest income,7109000000.0,USD,us-gaap,InterestAndDividendIncomeOperating,10-Q,2021-05-07,CY2020Q1,0000927628-21-000175,reported_quarterly_frame,real_public_sec_edgar,20201
COF,CAPITAL ONE FINANCIAL CORP,0000927628,2020Q1,2020-03-31,net_income,Net income,-1340000000.0,USD,us-gaap,NetIncomeLoss,10-Q,2021-05-07,CY2020Q1,0000927628-21-000175,reported_quarterly_frame,real_public_sec_edgar,20201
COF,CAPITAL ONE FINANCIAL CORP,0000927628,2020Q1,2020-03-31,noninterest_expense,Noninterest expense,3729000000.0,USD,us-gaap,NoninterestExpense,10-Q,2021-05-07,CY2020Q1,0000927628-21-000175,reported_quarterly_frame,real_public_sec_edgar,20201
COF,CAPITAL ONE FINANCIAL CORP,0000927628,2020Q1,2020-03-31,noninterest_income,Noninterest income,1224000000.0,USD,us-gaap,NoninterestIncome,10-Q,2021-05-07,CY2020Q1,0000927628-21-000175,reported_quarterly_frame,real_public_sec_edgar,20201
COF,CAPITAL ONE FINANCIAL CORP,0000927628,2020Q1,2020-03-31,total_assets,Total assets,396878000000.0,USD,us-gaap,Assets,10-Q,2020-05-01,CY2020Q1I,0000927628-20-000173,reported_instant_frame,real_public_sec_edgar,20201
COF,CAPITAL ONE FINANCIAL CORP,0000927628,2020Q1,2020-03-31,total_deposits,Total deposits,269689000000.0,USD,us-gaap,Deposits,10-Q,2021-05-07,CY2020Q1I,0000927628-21-000175,reported_instant_frame,real_public_sec_edgar,20201
COF,CAPITAL ONE FINANCIAL CORP,0000927628,2020Q1,2020-03-31,total_equity,Total equity,56830000000.0,USD,us-gaap,StockholdersEquity,10-Q,2021-11-05,CY2020Q1I,0000927628-21-000309,reported_instant_frame,real_public_sec_edgar,20201
COF,CAPITAL ONE FINANCIAL CORP,0000927628,2020Q1,2020-03-31,total_loans,Total loans,248917000000.0,USD,us-gaap,LoansAndLeasesReceivableNetReportedAmount,10-Q,2020-05-01,CY2020Q1I,0000927628-20-000173,reported_instant_frame,real_public_sec_edgar,20201
COF,CAPITAL ONE FINANCIAL CORP,0000927628,2020Q2,2020-06-30,interest_expense,Interest expense,858000000.0,USD,us-gaap,InterestExpense,10-Q,2021-07-30,CY2020Q2,0000927628-21-000256,reported_quarterly_frame,real_public_sec_edgar,20202
COF,CAPITAL ONE FINANCIAL CORP,0000927628,2020Q2,2020-06-30,interest_expense_deposits,Interest expense on deposits,611000000.0,USD,us-gaap,InterestExpenseDeposits,10-Q,2021-07-30,CY2020Q2,0000927628-21-000256,reported_quarterly_frame,real_public_sec_edgar,20202
COF,CAPITAL ONE FINANCIAL CORP,0000927628,2020Q2,2020-06-30,interest_income,Interest income,6318000000.0,USD,us-gaap,InterestAndDividendIncomeOperating,10-Q,2021-07-30,CY2020Q2,0000927628-21-000256,reported_quarterly_frame,real_public_sec_edgar,20202
COF,CAPITAL ONE FINANCIAL CORP,0000927628,2020Q2,2020-06-30,net_income,Net income,-918000000.0,USD,us-gaap,NetIncomeLoss,10-Q,2021-07-30,CY2020Q2,0000927628-21-000256,reported_quarterly_frame,real_public_sec_edgar,20202
COF,CAPITAL ONE FINANCIAL CORP,0000927628,2020Q2,2020-06-30,noninterest_expense,Noninterest expense,3770000000.0,USD,us-gaap,NoninterestExpense,10-Q,2021-07-30,CY2020Q2,0000927628-21-000256,reported_quarterly_frame,real_public_sec_edgar,20202
COF,CAPITAL ONE FINANCIAL CORP,0000927628,2020Q2,2020-06-30,noninterest_income,Noninterest income,1096000000.0,USD,us-gaap,NoninterestIncome,10-Q,2021-07-30,CY2020Q2,0000927628-21-000256,reported_quarterly_frame,real_public_sec_edgar,20202
COF,CAPITAL ONE FINANCIAL CORP,0000927628,2020Q2,2020-06-30,total_assets,Total assets,421296000000.0,USD,us-gaap,Assets,10-Q,2020-08-06,CY2020Q2I,0000927628-20-000242,reported_instant_frame,real_public_sec_edgar,20202
COF,CAPITAL ONE FINANCIAL CORP,0000927628,2020Q2,2020-06-30,total_deposits,Total deposits,304238000000.0,USD,us-gaap,Deposits,10-Q,2021-07-30,CY2020Q2I,0000927628-21-000256,reported_instant_frame,real_public_sec_edgar,20202
COF,CAPITAL ONE FINANCIAL CORP,0000927628,2020Q2,2020-06-30,total_equity,Total equity,56045000000.0,USD,us-gaap,StockholdersEquity,10-Q,2021-11-05,CY2020Q2I,0000927628-21-000309,reported_instant_frame,real_public_sec_edgar,20202
COF,CAPITAL ONE FINANCIAL CORP,0000927628,2020Q2,2020-06-30,total_loans,Total loans,234680000000.0,USD,us-gaap,LoansAndLeasesReceivableNetReportedAmount,10-Q,2020-08-06,CY2020Q2I,0000927628-20-000242,reported_instant_frame,real_public_sec_edgar,20202
COF,CAPITAL ONE FINANCIAL CORP,0000927628,2020Q3,2020-09-30,interest_expense,Interest expense,660000000.0,USD,us-gaap,InterestExpense,10-Q,2021-11-05,CY2020Q3,0000927628-21-000309,reported_quarterly_frame,real_public_sec_edgar,20203
COF,CAPITAL ONE FINANCIAL CORP,0000927628,2020Q3,2020-09-30,interest_expense_deposits,Interest expense on deposits,476000000.0,USD,us-gaap,InterestExpenseDeposits,10-Q,2021-11-05,CY2020Q3,0000927628-21-000309,reported_quarterly_frame,real_public_sec_edgar,20203
COF,CAPITAL ONE FINANCIAL CORP,0000927628,2020Q3,2020-09-30,interest_income,Interest income,6215000000.0,USD,us-gaap,InterestAndDividendIncomeOperating,10-Q,2021-11-05,CY2020Q3,0000927628-21-000309,reported_quarterly_frame,real_public_sec_edgar,20203
COF,CAPITAL ONE FINANCIAL CORP,0000927628,2020Q3,2020-09-30,net_income,Net income,2406000000.0,USD,us-gaap,NetIncomeLoss,10-Q,2021-11-05,CY2020Q3,0000927628-21-000309,reported_quarterly_frame,real_public_sec_edgar,20203
COF,CAPITAL ONE FINANCIAL CORP,0000927628,2020Q3,2020-09-30,noninterest_expense,Noninterest expense,3548000000.0,USD,us-gaap,NoninterestExpense,10-Q,2021-11-05,CY2020Q3,0000927628-21-000309,reported_quarterly_frame,real_public_sec_edgar,20203
COF,CAPITAL ONE FINANCIAL CORP,0000927628,2020Q3,2020-09-30,noninterest_income,Noninterest income,1826000000.0,USD,us-gaap,NoninterestIncome,10-Q,2021-11-05,CY2020Q3,0000927628-21-000309,reported_quarterly_frame,real_public_sec_edgar,20203
COF,CAPITAL ONE FINANCIAL CORP,0000927628,2020Q3,2020-09-30,total_assets,Total assets,421883000000.0,USD,us-gaap,Assets,10-Q,2020-11-02,CY2020Q3I,0000927628-20-000286,reported_instant_frame,real_public_sec_edgar,20203
COF,CAPITAL ONE FINANCIAL CORP,0000927628,2020Q3,2020-09-30,total_deposits,Total deposits,305725000000.0,USD,us-gaap,Deposits,10-Q,2021-11-05,CY2020Q3I,0000927628-21-000309,reported_instant_frame,real_public_sec_edgar,20203
COF,CAPITAL ONE FINANCIAL CORP,0000927628,2020Q3,2020-09-30,total_equity,Total equity,58424000000.0,USD,us-gaap,StockholdersEquity,10-Q,2021-11-05,CY2020Q3I,0000927628-21-000309,reported_instant_frame,real_public_sec_edgar,20203
COF,CAPITAL ONE FINANCIAL CORP,0000927628,2020Q4,2020-12-31,interest_expense,Interest expense,518000000.0,USD,us-gaap,InterestExpense,10-K-derived,2023-02-24,CY2020Q4_DERIVED,0000927628-23-000117,derived_q4_from_reported_fy_less_q1_q3,real_public_sec_edgar,20204
COF,CAPITAL ONE FINANCIAL CORP,0000927628,2020Q4,2020-12-31,interest_expense_deposits,Interest expense on deposits,347000000.0,USD,us-gaap,InterestExpenseDeposits,10-K-derived,2023-02-24,CY2020Q4_DERIVED,0000927628-23-000117,derived_q4_from_reported_fy_less_q1_q3,real_public_sec_edgar,20204
COF,CAPITAL ONE FINANCIAL CORP,0000927628,2020Q4,2020-12-31,interest_income,Interest income,6391000000.0,USD,us-gaap,InterestAndDividendIncomeOperating,10-K-derived,2023-02-24,CY2020Q4_DERIVED,0000927628-23-000117,derived_q4_from_reported_fy_less_q1_q3,real_public_sec_edgar,20204
COF,CAPITAL ONE FINANCIAL CORP,0000927628,2020Q4,2020-12-31,net_income,Net income,2566000000.0,USD,us-gaap,NetIncomeLoss,10-K-derived,2023-02-24,CY2020Q4_DERIVED,0000927628-23-000117,derived_q4_from_reported_fy_less_q1_q3,real_public_sec_edgar,20204
COF,CAPITAL ONE FINANCIAL CORP,0000927628,2020Q4,2020-12-31,noninterest_expense,Noninterest expense,4009000000.0,USD,us-gaap,NoninterestExpense,10-K-derived,2023-02-24,CY2020Q4_DERIVED,0000927628-23-000117,derived_q4_from_reported_fy_less_q1_q3,real_public_sec_edgar,20204
COF,CAPITAL ONE FINANCIAL CORP,0000927628,2020Q4,2020-12-31,noninterest_income,Noninterest income,1464000000.0,USD,us-gaap,NoninterestIncome,10-K-derived,2023-02-24,CY2020Q4_DERIVED,0000927628-23-000117,derived_q4_from_reported_fy_less_q1_q3,real_public_sec_edgar,20204
COF,CAPITAL ONE FINANCIAL CORP,0000927628,2020Q4,2020-12-31,tier_1_capital,Tier 1 capital,45583000000.0,USD,us-gaap,TierOneRiskBasedCapital,10-K,2022-02-25,CY2020Q4I,0000927628-22-000106,reported_instant_frame,real_public_sec_edgar,20204
COF,CAPITAL ONE FINANCIAL CORP,0000927628,2020Q4,2020-12-31,tier_1_capital_ratio,Tier 1 capital ratio,0.153,pure,us-gaap,TierOneRiskBasedCapitalToRiskWeightedAssets,10-K,2022-02-25,CY2020Q4I,0000927628-22-000106,reported_instant_frame,real_public_sec_edgar,20204
COF,CAPITAL ONE FINANCIAL CORP,0000927628,2020Q4,2020-12-31,total_assets,Total assets,421602000000.0,USD,us-gaap,Assets,10-K,2022-02-25,CY2020Q4I,0000927628-22-000106,reported_instant_frame,real_public_sec_edgar,20204
COF,CAPITAL ONE FINANCIAL CORP,0000927628,2020Q4,2020-12-31,total_deposits,Total deposits,305442000000.0,USD,us-gaap,Deposits,10-K,2023-02-24,CY2020Q4I,0000927628-23-000117,reported_instant_frame,real_public_sec_edgar,20204
COF,CAPITAL ONE FINANCIAL CORP,0000927628,2020Q4,2020-12-31,total_equity,Total equity,60204000000.0,USD,us-gaap,StockholdersEquity,10-K,2024-02-23,CY2020Q4I,0000927628-24-000094,reported_instant_frame,real_public_sec_edgar,20204
COF,CAPITAL ONE FINANCIAL CORP,0000927628,2020Q4,2020-12-31,total_loans,Total loans,251624000000.0,USD,us-gaap,FinancingReceivableExcludingAccruedInterestBeforeAllowanceForCreditLoss,10-K,2022-02-25,CY2020Q4I,0000927628-22-000106,reported_instant_frame,real_public_sec_edgar,20204
COF,CAPITAL ONE FINANCIAL CORP,0000927628,2021Q1,2021-03-31,interest_expense,Interest expense,439000000.0,USD,us-gaap,InterestExpense,10-Q,2022-05-10,CY2021Q1,0000927628-22-000195,reported_quarterly_frame,real_public_sec_edgar,20211
COF,CAPITAL ONE FINANCIAL CORP,0000927628,2021Q1,2021-03-31,interest_expense_deposits,Interest expense on deposits,269000000.0,USD,us-gaap,InterestExpenseDeposits,10-Q,2022-05-10,CY2021Q1,0000927628-22-000195,reported_quarterly_frame,real_public_sec_edgar,20211
COF,CAPITAL ONE FINANCIAL CORP,0000927628,2021Q1,2021-03-31,interest_income,Interest income,6261000000.0,USD,us-gaap,InterestAndDividendIncomeOperating,10-Q,2022-05-10,CY2021Q1,0000927628-22-000195,reported_quarterly_frame,real_public_sec_edgar,20211
COF,CAPITAL ONE FINANCIAL CORP,0000927628,2021Q1,2021-03-31,net_income,Net income,3325000000.0,USD,us-gaap,NetIncomeLoss,10-Q,2022-05-10,CY2021Q1,0000927628-22-000195,reported_quarterly_frame,real_public_sec_edgar,20211
COF,CAPITAL ONE FINANCIAL CORP,0000927628,2021Q1,2021-03-31,noninterest_expense,Noninterest expense,3740000000.0,USD,us-gaap,NoninterestExpense,10-Q,2022-05-10,CY2021Q1,0000927628-22-000195,reported_quarterly_frame,real_public_sec_edgar,20211
COF,CAPITAL ONE FINANCIAL CORP,0000927628,2021Q1,2021-03-31,noninterest_income,Noninterest income,1291000000.0,USD,us-gaap,NoninterestIncome,10-Q,2022-05-10,CY2021Q1,0000927628-22-000195,reported_quarterly_frame,real_public_sec_edgar,20211
COF,CAPITAL ONE FINANCIAL CORP,0000927628,2021Q1,2021-03-31,total_assets,Total assets,425175000000.0,USD,us-gaap,Assets,10-Q,2021-05-07,CY2021Q1I,0000927628-21-000175,reported_instant_frame,real_public_sec_edgar,20211
COF,CAPITAL ONE FINANCIAL CORP,0000927628,2021Q1,2021-03-31,total_deposits,Total deposits,310328000000.0,USD,us-gaap,Deposits,10-Q,2022-05-10,CY2021Q1I,0000927628-22-000195,reported_instant_frame,real_public_sec_edgar,20211
COF,CAPITAL ONE FINANCIAL CORP,0000927628,2021Q1,2021-03-31,total_equity,Total equity,61188000000.0,USD,us-gaap,StockholdersEquity,10-Q,2022-11-04,CY2021Q1I,0000927628-22-000306,reported_instant_frame,real_public_sec_edgar,20211
COF,CAPITAL ONE FINANCIAL CORP,0000927628,2021Q2,2021-06-30,interest_expense,Interest expense,396000000.0,USD,us-gaap,InterestExpense,10-Q,2022-07-29,CY2021Q2,0000927628-22-000246,reported_quarterly_frame,real_public_sec_edgar,20212
COF,CAPITAL ONE FINANCIAL CORP,0000927628,2021Q2,2021-06-30,interest_expense_deposits,Interest expense on deposits,237000000.0,USD,us-gaap,InterestExpenseDeposits,10-Q,2022-07-29,CY2021Q2,0000927628-22-000246,reported_quarterly_frame,real_public_sec_edgar,20212
COF,CAPITAL ONE FINANCIAL CORP,0000927628,2021Q2,2021-06-30,interest_income,Interest income,6139000000.0,USD,us-gaap,InterestAndDividendIncomeOperating,10-Q,2022-07-29,CY2021Q2,0000927628-22-000246,reported_quarterly_frame,real_public_sec_edgar,20212
COF,CAPITAL ONE FINANCIAL CORP,0000927628,2021Q2,2021-06-30,net_income,Net income,3536000000.0,USD,us-gaap,NetIncomeLoss,10-Q,2022-07-29,CY2021Q2,0000927628-22-000246,reported_quarterly_frame,real_public_sec_edgar,20212
COF,CAPITAL ONE FINANCIAL CORP,0000927628,2021Q2,2021-06-30,noninterest_expense,Noninterest expense,3966000000.0,USD,us-gaap,NoninterestExpense,10-Q,2022-07-29,CY2021Q2,0000927628-22-000246,reported_quarterly_frame,real_public_sec_edgar,20212
COF,CAPITAL ONE FINANCIAL CORP,0000927628,2021Q2,2021-06-30,noninterest_income,Noninterest income,1631000000.0,USD,us-gaap,NoninterestIncome,10-Q,2022-07-29,CY2021Q2,0000927628-22-000246,reported_quarterly_frame,real_public_sec_edgar,20212
COF,CAPITAL ONE FINANCIAL CORP,0000927628,2021Q2,2021-06-30,total_assets,Total assets,423420000000.0,USD,us-gaap,Assets,10-Q,2021-07-30,CY2021Q2I,0000927628-21-000256,reported_instant_frame,real_public_sec_edgar,20212
COF,CAPITAL ONE FINANCIAL CORP,0000927628,2021Q2,2021-06-30,total_deposits,Total deposits,306308000000.0,USD,us-gaap,Deposits,10-Q,2022-07-29,CY2021Q2I,0000927628-22-000246,reported_instant_frame,real_public_sec_edgar,20212
COF,CAPITAL ONE FINANCIAL CORP,0000927628,2021Q2,2021-06-30,total_equity,Total equity,64624000000.0,USD,us-gaap,StockholdersEquity,10-Q,2022-11-04,CY2021Q2I,0000927628-22-000306,reported_instant_frame,real_public_sec_edgar,20212
COF,CAPITAL ONE FINANCIAL CORP,0000927628,2021Q3,2021-09-30,interest_expense,Interest expense,382000000.0,USD,us-gaap,InterestExpense,10-Q,2022-11-04,CY2021Q3,0000927628-22-000306,reported_quarterly_frame,real_public_sec_edgar,20213
COF,CAPITAL ONE FINANCIAL CORP,0000927628,2021Q3,2021-09-30,interest_expense_deposits,Interest expense on deposits,228000000.0,USD,us-gaap,InterestExpenseDeposits,10-Q,2022-11-04,CY2021Q3,0000927628-22-000306,reported_quarterly_frame,real_public_sec_edgar,20213
COF,CAPITAL ONE FINANCIAL CORP,0000927628,2021Q3,2021-09-30,interest_income,Interest income,6538000000.0,USD,us-gaap,InterestAndDividendIncomeOperating,10-Q,2022-11-04,CY2021Q3,0000927628-22-000306,reported_quarterly_frame,real_public_sec_edgar,20213
COF,CAPITAL ONE FINANCIAL CORP,0000927628,2021Q3,2021-09-30,net_income,Net income,3104000000.0,USD,us-gaap,NetIncomeLoss,10-Q,2022-11-04,CY2021Q3,0000927628-22-000306,reported_quarterly_frame,real_public_sec_edgar,20213
COF,CAPITAL ONE FINANCIAL CORP,0000927628,2021Q3,2021-09-30,noninterest_expense,Noninterest expense,4186000000.0,USD,us-gaap,NoninterestExpense,10-Q,2022-11-04,CY2021Q3,0000927628-22-000306,reported_quarterly_frame,real_public_sec_edgar,20213
COF,CAPITAL ONE FINANCIAL CORP,0000927628,2021Q3,2021-09-30,noninterest_income,Noninterest income,1674000000.0,USD,us-gaap,NoninterestIncome,10-Q,2022-11-04,CY2021Q3,0000927628-22-000306,reported_quarterly_frame,real_public_sec_edgar,20213
COF,CAPITAL ONE FINANCIAL CORP,0000927628,2021Q3,2021-09-30,total_assets,Total assets,425377000000.0,USD,us-gaap,Assets,10-Q,2021-11-05,CY2021Q3I,0000927628-21-000309,reported_instant_frame,real_public_sec_edgar,20213
COF,CAPITAL ONE FINANCIAL CORP,0000927628,2021Q3,2021-09-30,total_deposits,Total deposits,305938000000.0,USD,us-gaap,Deposits,10-Q,2022-11-04,CY2021Q3I,0000927628-22-000306,reported_instant_frame,real_public_sec_edgar,20213
COF,CAPITAL ONE FINANCIAL CORP,0000927628,2021Q3,2021-09-30,total_equity,Total equity,63544000000.0,USD,us-gaap,StockholdersEquity,10-Q,2022-11-04,CY2021Q3I,0000927628-22-000306,reported_instant_frame,real_public_sec_edgar,20213
COF,CAPITAL ONE FINANCIAL CORP,0000927628,2021Q3,2021-09-30,total_loans,Total loans,261390000000.0,USD,us-gaap,FinancingReceivableExcludingAccruedInterestBeforeAllowanceForCreditLoss,10-Q,2021-11-05,CY2021Q3I,0000927628-21-000309,reported_instant_frame,real_public_sec_edgar,20213
COF,CAPITAL ONE FINANCIAL CORP,0000927628,2021Q4,2021-12-31,interest_expense,Interest expense,381000000.0,USD,us-gaap,InterestExpense,10-K-derived,2024-02-23,CY2021Q4_DERIVED,0000927628-24-000094,derived_q4_from_reported_fy_less_q1_q3,real_public_sec_edgar,20214
COF,CAPITAL ONE FINANCIAL CORP,0000927628,2021Q4,2021-12-31,interest_expense_deposits,Interest expense on deposits,222000000.0,USD,us-gaap,InterestExpenseDeposits,10-K-derived,2024-02-23,CY2021Q4_DERIVED,0000927628-24-000094,derived_q4_from_reported_fy_less_q1_q3,real_public_sec_edgar,20214
COF,CAPITAL ONE FINANCIAL CORP,0000927628,2021Q4,2021-12-31,interest_income,Interest income,6831000000.0,USD,us-gaap,InterestAndDividendIncomeOperating,10-K-derived,2024-02-23,CY2021Q4_DERIVED,0000927628-24-000094,derived_q4_from_reported_fy_less_q1_q3,real_public_sec_edgar,20214
COF,CAPITAL ONE FINANCIAL CORP,0000927628,2021Q4,2021-12-31,net_income,Net income,2425000000.0,USD,us-gaap,NetIncomeLoss,10-K-derived,2024-02-23,CY2021Q4_DERIVED,0000927628-24-000094,derived_q4_from_reported_fy_less_q1_q3,real_public_sec_edgar,20214
COF,CAPITAL ONE FINANCIAL CORP,0000927628,2021Q4,2021-12-31,noninterest_expense,Noninterest expense,4678000000.0,USD,us-gaap,NoninterestExpense,10-K-derived,2024-02-23,CY2021Q4_DERIVED,0000927628-24-000094,derived_q4_from_reported_fy_less_q1_q3,real_public_sec_edgar,20214
COF,CAPITAL ONE FINANCIAL CORP,0000927628,2021Q4,2021-12-31,noninterest_income,Noninterest income,1668000000.0,USD,us-gaap,NoninterestIncome,10-K-derived,2024-02-23,CY2021Q4_DERIVED,0000927628-24-000094,derived_q4_from_reported_fy_less_q1_q3,real_public_sec_edgar,20214
COF,CAPITAL ONE FINANCIAL CORP,0000927628,2021Q4,2021-12-31,tier_1_capital,Tier 1 capital,48346000000.0,USD,us-gaap,TierOneRiskBasedCapital,10-K,2023-02-24,CY2021Q4I,0000927628-23-000117,reported_instant_frame,real_public_sec_edgar,20214
COF,CAPITAL ONE FINANCIAL CORP,0000927628,2021Q4,2021-12-31,tier_1_capital_ratio,Tier 1 capital ratio,0.145,pure,us-gaap,TierOneRiskBasedCapitalToRiskWeightedAssets,10-K,2023-02-24,CY2021Q4I,0000927628-23-000117,reported_instant_frame,real_public_sec_edgar,20214
COF,CAPITAL ONE FINANCIAL CORP,0000927628,2021Q4,2021-12-31,total_assets,Total assets,432381000000.0,USD,us-gaap,Assets,10-K,2023-02-24,CY2021Q4I,0000927628-23-000117,reported_instant_frame,real_public_sec_edgar,20214
COF,CAPITAL ONE FINANCIAL CORP,0000927628,2021Q4,2021-12-31,total_deposits,Total deposits,310980000000.0,USD,us-gaap,Deposits,10-K,2024-02-23,CY2021Q4I,0000927628-24-000094,reported_instant_frame,real_public_sec_edgar,20214
COF,CAPITAL ONE FINANCIAL CORP,0000927628,2021Q4,2021-12-31,total_equity,Total equity,61029000000.0,USD,us-gaap,StockholdersEquity,10-K,2025-02-20,CY2021Q4I,0000927628-25-000092,reported_instant_frame,real_public_sec_edgar,20214
COF,CAPITAL ONE FINANCIAL CORP,0000927628,2021Q4,2021-12-31,total_loans,Total loans,277340000000.0,USD,us-gaap,FinancingReceivableExcludingAccruedInterestBeforeAllowanceForCreditLoss,10-K,2023-02-24,CY2021Q4I,0000927628-23-000117,reported_instant_frame,real_public_sec_edgar,20214
COF,CAPITAL ONE FINANCIAL CORP,0000927628,2022Q1,2022-03-31,interest_expense,Interest expense,387000000.0,USD,us-gaap,InterestExpense,10-Q,2023-05-05,CY2022Q1,0000927628-23-000168,reported_quarterly_frame,real_public_sec_edgar,20221
COF,CAPITAL ONE FINANCIAL CORP,0000927628,2022Q1,2022-03-31,interest_expense_deposits,Interest expense on deposits,218000000.0,USD,us-gaap,InterestExpenseDeposits,10-Q,2023-05-05,CY2022Q1,0000927628-23-000168,reported_quarterly_frame,real_public_sec_edgar,20221
COF,CAPITAL ONE FINANCIAL CORP,0000927628,2022Q1,2022-03-31,interest_income,Interest income,6784000000.0,USD,us-gaap,InterestAndDividendIncomeOperating,10-Q,2023-05-05,CY2022Q1,0000927628-23-000168,reported_quarterly_frame,real_public_sec_edgar,20221
COF,CAPITAL ONE FINANCIAL CORP,0000927628,2022Q1,2022-03-31,net_income,Net income,2403000000.0,USD,us-gaap,NetIncomeLoss,10-Q,2023-05-05,CY2022Q1,0000927628-23-000168,reported_quarterly_frame,real_public_sec_edgar,20221
COF,CAPITAL ONE FINANCIAL CORP,0000927628,2022Q1,2022-03-31,noninterest_expense,Noninterest expense,4551000000.0,USD,us-gaap,NoninterestExpense,10-Q,2023-05-05,CY2022Q1,0000927628-23-000168,reported_quarterly_frame,real_public_sec_edgar,20221
COF,CAPITAL ONE FINANCIAL CORP,0000927628,2022Q1,2022-03-31,noninterest_income,Noninterest income,1776000000.0,USD,us-gaap,NoninterestIncome,10-Q,2023-05-05,CY2022Q1,0000927628-23-000168,reported_quarterly_frame,real_public_sec_edgar,20221
COF,CAPITAL ONE FINANCIAL CORP,0000927628,2022Q1,2022-03-31,total_assets,Total assets,434195000000.0,USD,us-gaap,Assets,10-Q,2022-05-10,CY2022Q1I,0000927628-22-000195,reported_instant_frame,real_public_sec_edgar,20221
COF,CAPITAL ONE FINANCIAL CORP,0000927628,2022Q1,2022-03-31,total_deposits,Total deposits,313429000000.0,USD,us-gaap,Deposits,10-Q,2023-05-05,CY2022Q1I,0000927628-23-000168,reported_instant_frame,real_public_sec_edgar,20221
COF,CAPITAL ONE FINANCIAL CORP,0000927628,2022Q1,2022-03-31,total_equity,Total equity,56345000000.0,USD,us-gaap,StockholdersEquity,10-Q,2023-11-02,CY2022Q1I,0000927628-23-000296,reported_instant_frame,real_public_sec_edgar,20221
COF,CAPITAL ONE FINANCIAL CORP,0000927628,2022Q1,2022-03-31,total_loans,Total loans,280466000000.0,USD,us-gaap,FinancingReceivableExcludingAccruedInterestBeforeAllowanceForCreditLoss,10-Q,2022-05-10,CY2022Q1I,0000927628-22-000195,reported_instant_frame,real_public_sec_edgar,20221
COF,CAPITAL ONE FINANCIAL CORP,0000927628,2022Q2,2022-06-30,interest_expense,Interest expense,578000000.0,USD,us-gaap,InterestExpense,10-Q,2023-07-27,CY2022Q2,0000927628-23-000250,reported_quarterly_frame,real_public_sec_edgar,20222
COF,CAPITAL ONE FINANCIAL CORP,0000927628,2022Q2,2022-06-30,interest_expense_deposits,Interest expense on deposits,293000000.0,USD,us-gaap,InterestExpenseDeposits,10-Q,2023-07-27,CY2022Q2,0000927628-23-000250,reported_quarterly_frame,real_public_sec_edgar,20222
COF,CAPITAL ONE FINANCIAL CORP,0000927628,2022Q2,2022-06-30,interest_income,Interest income,7095000000.0,USD,us-gaap,InterestAndDividendIncomeOperating,10-Q,2023-07-27,CY2022Q2,0000927628-23-000250,reported_quarterly_frame,real_public_sec_edgar,20222
COF,CAPITAL ONE FINANCIAL CORP,0000927628,2022Q2,2022-06-30,net_income,Net income,2031000000.0,USD,us-gaap,NetIncomeLoss,10-Q,2023-07-27,CY2022Q2,0000927628-23-000250,reported_quarterly_frame,real_public_sec_edgar,20222
COF,CAPITAL ONE FINANCIAL CORP,0000927628,2022Q2,2022-06-30,noninterest_expense,Noninterest expense,4583000000.0,USD,us-gaap,NoninterestExpense,10-Q,2023-07-27,CY2022Q2,0000927628-23-000250,reported_quarterly_frame,real_public_sec_edgar,20222
COF,CAPITAL ONE FINANCIAL CORP,0000927628,2022Q2,2022-06-30,noninterest_income,Noninterest income,1715000000.0,USD,us-gaap,NoninterestIncome,10-Q,2023-07-27,CY2022Q2,0000927628-23-000250,reported_quarterly_frame,real_public_sec_edgar,20222
COF,CAPITAL ONE FINANCIAL CORP,0000927628,2022Q2,2022-06-30,total_assets,Total assets,440288000000.0,USD,us-gaap,Assets,10-Q,2022-07-29,CY2022Q2I,0000927628-22-000246,reported_instant_frame,real_public_sec_edgar,20222
COF,CAPITAL ONE FINANCIAL CORP,0000927628,2022Q2,2022-06-30,total_deposits,Total deposits,307885000000.0,USD,us-gaap,Deposits,10-Q,2023-07-27,CY2022Q2I,0000927628-23-000250,reported_instant_frame,real_public_sec_edgar,20222
COF,CAPITAL ONE FINANCIAL CORP,0000927628,2022Q2,2022-06-30,total_equity,Total equity,53410000000.0,USD,us-gaap,StockholdersEquity,10-Q,2023-11-02,CY2022Q2I,0000927628-23-000296,reported_instant_frame,real_public_sec_edgar,20222
COF,CAPITAL ONE FINANCIAL CORP,0000927628,2022Q2,2022-06-30,total_loans,Total loans,296384000000.0,USD,us-gaap,FinancingReceivableExcludingAccruedInterestBeforeAllowanceForCreditLoss,10-Q,2022-07-29,CY2022Q2I,0000927628-22-000246,reported_instant_frame,real_public_sec_edgar,20222
COF,CAPITAL ONE FINANCIAL CORP,0000927628,2022Q3,2022-09-30,interest_expense,Interest expense,1197000000.0,USD,us-gaap,InterestExpense,10-Q,2023-11-02,CY2022Q3,0000927628-23-000296,reported_quarterly_frame,real_public_sec_edgar,20223
COF,CAPITAL ONE FINANCIAL CORP,0000927628,2022Q3,2022-09-30,interest_expense_deposits,Interest expense on deposits,689000000.0,USD,us-gaap,InterestExpenseDeposits,10-Q,2023-11-02,CY2022Q3,0000927628-23-000296,reported_quarterly_frame,real_public_sec_edgar,20223
COF,CAPITAL ONE FINANCIAL CORP,0000927628,2022Q3,2022-09-30,interest_income,Interest income,8200000000.0,USD,us-gaap,InterestAndDividendIncomeOperating,10-Q,2023-11-02,CY2022Q3,0000927628-23-000296,reported_quarterly_frame,real_public_sec_edgar,20223
COF,CAPITAL ONE FINANCIAL CORP,0000927628,2022Q3,2022-09-30,net_income,Net income,1694000000.0,USD,us-gaap,NetIncomeLoss,10-Q,2023-11-02,CY2022Q3,0000927628-23-000296,reported_quarterly_frame,real_public_sec_edgar,20223
COF,CAPITAL ONE FINANCIAL CORP,0000927628,2022Q3,2022-09-30,noninterest_expense,Noninterest expense,4949000000.0,USD,us-gaap,NoninterestExpense,10-Q,2023-11-02,CY2022Q3,0000927628-23-000296,reported_quarterly_frame,real_public_sec_edgar,20223
COF,CAPITAL ONE FINANCIAL CORP,0000927628,2022Q3,2022-09-30,noninterest_income,Noninterest income,1802000000.0,USD,us-gaap,NoninterestIncome,10-Q,2023-11-02,CY2022Q3,0000927628-23-000296,reported_quarterly_frame,real_public_sec_edgar,20223
COF,CAPITAL ONE FINANCIAL CORP,0000927628,2022Q3,2022-09-30,total_assets,Total assets,444232000000.0,USD,us-gaap,Assets,10-Q,2022-11-04,CY2022Q3I,0000927628-22-000306,reported_instant_frame,real_public_sec_edgar,20223
COF,CAPITAL ONE FINANCIAL CORP,0000927628,2022Q3,2022-09-30,total_deposits,Total deposits,317193000000.0,USD,us-gaap,Deposits,10-Q,2023-11-02,CY2022Q3I,0000927628-23-000296,reported_instant_frame,real_public_sec_edgar,20223
COF,CAPITAL ONE FINANCIAL CORP,0000927628,2022Q3,2022-09-30,total_equity,Total equity,50861000000.0,USD,us-gaap,StockholdersEquity,10-Q,2023-11-02,CY2022Q3I,0000927628-23-000296,reported_instant_frame,real_public_sec_edgar,20223
COF,CAPITAL ONE FINANCIAL CORP,0000927628,2022Q3,2022-09-30,total_loans,Total loans,303943000000.0,USD,us-gaap,FinancingReceivableExcludingAccruedInterestBeforeAllowanceForCreditLoss,10-Q,2022-11-04,CY2022Q3I,0000927628-22-000306,reported_instant_frame,real_public_sec_edgar,20223
COF,CAPITAL ONE FINANCIAL CORP,0000927628,2022Q4,2022-12-31,interest_expense,Interest expense,1961000000.0,USD,us-gaap,InterestExpense,10-K-derived,2024-02-23,CY2022Q4_DERIVED,0000927628-24-000094,derived_q4_from_reported_fy_less_q1_q3,real_public_sec_edgar,20224
COF,CAPITAL ONE FINANCIAL CORP,0000927628,2022Q4,2022-12-31,interest_expense_deposits,Interest expense on deposits,1335000000.0,USD,us-gaap,InterestExpenseDeposits,10-K-derived,2025-02-20,CY2022Q4_DERIVED,0000927628-25-000092,derived_q4_from_reported_fy_less_q1_q3,real_public_sec_edgar,20224
COF,CAPITAL ONE FINANCIAL CORP,0000927628,2022Q4,2022-12-31,interest_income,Interest income,9158000000.0,USD,us-gaap,InterestAndDividendIncomeOperating,10-K-derived,2025-02-20,CY2022Q4_DERIVED,0000927628-25-000092,derived_q4_from_reported_fy_less_q1_q3,real_public_sec_edgar,20224
COF,CAPITAL ONE FINANCIAL CORP,0000927628,2022Q4,2022-12-31,net_income,Net income,1232000000.0,USD,us-gaap,NetIncomeLoss,10-K-derived,2025-02-20,CY2022Q4_DERIVED,0000927628-25-000092,derived_q4_from_reported_fy_less_q1_q3,real_public_sec_edgar,20224
COF,CAPITAL ONE FINANCIAL CORP,0000927628,2022Q4,2022-12-31,noninterest_expense,Noninterest expense,5080000000.0,USD,us-gaap,NoninterestExpense,10-K-derived,2025-02-20,CY2022Q4_DERIVED,0000927628-25-000092,derived_q4_from_reported_fy_less_q1_q3,real_public_sec_edgar,20224
COF,CAPITAL ONE FINANCIAL CORP,0000927628,2022Q4,2022-12-31,noninterest_income,Noninterest income,1843000000.0,USD,us-gaap,NoninterestIncome,10-K-derived,2025-02-20,CY2022Q4_DERIVED,0000927628-25-000092,derived_q4_from_reported_fy_less_q1_q3,real_public_sec_edgar,20224
COF,CAPITAL ONE FINANCIAL CORP,0000927628,2022Q4,2022-12-31,tier_1_capital,Tier 1 capital,49576000000.0,USD,us-gaap,TierOneRiskBasedCapital,10-K,2024-02-23,CY2022Q4I,0000927628-24-000094,reported_instant_frame,real_public_sec_edgar,20224
COF,CAPITAL ONE FINANCIAL CORP,0000927628,2022Q4,2022-12-31,tier_1_capital_ratio,Tier 1 capital ratio,0.139,pure,us-gaap,TierOneRiskBasedCapitalToRiskWeightedAssets,10-K,2024-02-23,CY2022Q4I,0000927628-24-000094,reported_instant_frame,real_public_sec_edgar,20224
COF,CAPITAL ONE FINANCIAL CORP,0000927628,2022Q4,2022-12-31,total_assets,Total assets,455249000000.0,USD,us-gaap,Assets,10-K,2024-02-23,CY2022Q4I,0000927628-24-000094,reported_instant_frame,real_public_sec_edgar,20224
COF,CAPITAL ONE FINANCIAL CORP,0000927628,2022Q4,2022-12-31,total_deposits,Total deposits,332992000000.0,USD,us-gaap,Deposits,10-K,2025-02-20,CY2022Q4I,0000927628-25-000092,reported_instant_frame,real_public_sec_edgar,20224
COF,CAPITAL ONE FINANCIAL CORP,0000927628,2022Q4,2022-12-31,total_equity,Total equity,52582000000.0,USD,us-gaap,StockholdersEquity,10-K,2026-02-19,CY2022Q4I,0000927628-26-000024,reported_instant_frame,real_public_sec_edgar,20224
COF,CAPITAL ONE FINANCIAL CORP,0000927628,2022Q4,2022-12-31,total_loans,Total loans,312331000000.0,USD,us-gaap,FinancingReceivableExcludingAccruedInterestBeforeAllowanceForCreditLoss,10-K,2024-02-23,CY2022Q4I,0000927628-24-000094,reported_instant_frame,real_public_sec_edgar,20224
COF,CAPITAL ONE FINANCIAL CORP,0000927628,2023Q1,2023-03-31,interest_expense,Interest expense,2568000000.0,USD,us-gaap,InterestExpense,10-Q,2024-05-02,CY2023Q1,0000927628-24-000174,reported_quarterly_frame,real_public_sec_edgar,20231
COF,CAPITAL ONE FINANCIAL CORP,0000927628,2023Q1,2023-03-31,interest_expense_deposits,Interest expense on deposits,1856000000.0,USD,us-gaap,InterestExpenseDeposits,10-Q,2024-05-02,CY2023Q1,0000927628-24-000174,reported_quarterly_frame,real_public_sec_edgar,20231
COF,CAPITAL ONE FINANCIAL CORP,0000927628,2023Q1,2023-03-31,interest_income,Interest income,9754000000.0,USD,us-gaap,InterestAndDividendIncomeOperating,10-Q,2024-05-02,CY2023Q1,0000927628-24-000174,reported_quarterly_frame,real_public_sec_edgar,20231
COF,CAPITAL ONE FINANCIAL CORP,0000927628,2023Q1,2023-03-31,net_income,Net income,960000000.0,USD,us-gaap,NetIncomeLoss,10-Q,2024-05-02,CY2023Q1,0000927628-24-000174,reported_quarterly_frame,real_public_sec_edgar,20231
COF,CAPITAL ONE FINANCIAL CORP,0000927628,2023Q1,2023-03-31,noninterest_expense,Noninterest expense,4945000000.0,USD,us-gaap,NoninterestExpense,10-Q,2024-05-02,CY2023Q1,0000927628-24-000174,reported_quarterly_frame,real_public_sec_edgar,20231
COF,CAPITAL ONE FINANCIAL CORP,0000927628,2023Q1,2023-03-31,noninterest_income,Noninterest income,1717000000.0,USD,us-gaap,NoninterestIncome,10-Q,2024-05-02,CY2023Q1,0000927628-24-000174,reported_quarterly_frame,real_public_sec_edgar,20231
COF,CAPITAL ONE FINANCIAL CORP,0000927628,2023Q1,2023-03-31,total_assets,Total assets,471660000000.0,USD,us-gaap,Assets,10-Q,2023-05-05,CY2023Q1I,0000927628-23-000168,reported_instant_frame,real_public_sec_edgar,20231
COF,CAPITAL ONE FINANCIAL CORP,0000927628,2023Q1,2023-03-31,total_deposits,Total deposits,349827000000.0,USD,us-gaap,Deposits,10-Q,2024-05-02,CY2023Q1I,0000927628-24-000174,reported_instant_frame,real_public_sec_edgar,20231
COF,CAPITAL ONE FINANCIAL CORP,0000927628,2023Q1,2023-03-31,total_equity,Total equity,54653000000.0,USD,us-gaap,StockholdersEquity,10-Q,2024-10-31,CY2023Q1I,0000927628-24-000306,reported_instant_frame,real_public_sec_edgar,20231
COF,CAPITAL ONE FINANCIAL CORP,0000927628,2023Q1,2023-03-31,total_loans,Total loans,308836000000.0,USD,us-gaap,FinancingReceivableExcludingAccruedInterestBeforeAllowanceForCreditLoss,10-Q,2023-05-05,CY2023Q1I,0000927628-23-000168,reported_instant_frame,real_public_sec_edgar,20231
COF,CAPITAL ONE FINANCIAL CORP,0000927628,2023Q2,2023-06-30,interest_expense,Interest expense,3053000000.0,USD,us-gaap,InterestExpenseOperating,10-Q,2024-08-01,CY2023Q2,0000927628-24-000264,reported_quarterly_frame,real_public_sec_edgar,20232
COF,CAPITAL ONE FINANCIAL CORP,0000927628,2023Q2,2023-06-30,interest_expense_deposits,Interest expense on deposits,2277000000.0,USD,us-gaap,InterestExpenseDeposits,10-Q,2024-08-01,CY2023Q2,0000927628-24-000264,reported_quarterly_frame,real_public_sec_edgar,20232
COF,CAPITAL ONE FINANCIAL CORP,0000927628,2023Q2,2023-06-30,interest_income,Interest income,10166000000.0,USD,us-gaap,InterestAndDividendIncomeOperating,10-Q,2024-08-01,CY2023Q2,0000927628-24-000264,reported_quarterly_frame,real_public_sec_edgar,20232
COF,CAPITAL ONE FINANCIAL CORP,0000927628,2023Q2,2023-06-30,net_income,Net income,1431000000.0,USD,us-gaap,NetIncomeLoss,10-Q,2024-08-01,CY2023Q2,0000927628-24-000264,reported_quarterly_frame,real_public_sec_edgar,20232
COF,CAPITAL ONE FINANCIAL CORP,0000927628,2023Q2,2023-06-30,noninterest_expense,Noninterest expense,4794000000.0,USD,us-gaap,NoninterestExpense,10-Q,2024-08-01,CY2023Q2,0000927628-24-000264,reported_quarterly_frame,real_public_sec_edgar,20232
COF,CAPITAL ONE FINANCIAL CORP,0000927628,2023Q2,2023-06-30,noninterest_income,Noninterest income,1899000000.0,USD,us-gaap,NoninterestIncome,10-Q,2024-08-01,CY2023Q2,0000927628-24-000264,reported_quarterly_frame,real_public_sec_edgar,20232
COF,CAPITAL ONE FINANCIAL CORP,0000927628,2023Q2,2023-06-30,total_assets,Total assets,467800000000.0,USD,us-gaap,Assets,10-Q,2023-07-27,CY2023Q2I,0000927628-23-000250,reported_instant_frame,real_public_sec_edgar,20232
COF,CAPITAL ONE FINANCIAL CORP,0000927628,2023Q2,2023-06-30,total_deposits,Total deposits,343705000000.0,USD,us-gaap,Deposits,10-Q,2024-08-01,CY2023Q2I,0000927628-24-000264,reported_instant_frame,real_public_sec_edgar,20232
COF,CAPITAL ONE FINANCIAL CORP,0000927628,2023Q2,2023-06-30,total_equity,Total equity,54559000000.0,USD,us-gaap,StockholdersEquity,10-Q,2024-10-31,CY2023Q2I,0000927628-24-000306,reported_instant_frame,real_public_sec_edgar,20232
COF,CAPITAL ONE FINANCIAL CORP,0000927628,2023Q2,2023-06-30,total_loans,Total loans,311323000000.0,USD,us-gaap,FinancingReceivableExcludingAccruedInterestBeforeAllowanceForCreditLoss,10-Q,2023-07-27,CY2023Q2I,0000927628-23-000250,reported_instant_frame,real_public_sec_edgar,20232
COF,CAPITAL ONE FINANCIAL CORP,0000927628,2023Q3,2023-09-30,interest_expense,Interest expense,3450000000.0,USD,us-gaap,InterestExpenseOperating,10-Q,2024-10-31,CY2023Q3,0000927628-24-000306,reported_quarterly_frame,real_public_sec_edgar,20233
COF,CAPITAL ONE FINANCIAL CORP,0000927628,2023Q3,2023-09-30,interest_expense_deposits,Interest expense on deposits,2611000000.0,USD,us-gaap,InterestExpenseDeposits,10-Q,2024-10-31,CY2023Q3,0000927628-24-000306,reported_quarterly_frame,real_public_sec_edgar,20233
COF,CAPITAL ONE FINANCIAL CORP,0000927628,2023Q3,2023-09-30,interest_income,Interest income,10873000000.0,USD,us-gaap,InterestAndDividendIncomeOperating,10-Q,2024-10-31,CY2023Q3,0000927628-24-000306,reported_quarterly_frame,real_public_sec_edgar,20233
COF,CAPITAL ONE FINANCIAL CORP,0000927628,2023Q3,2023-09-30,net_income,Net income,1790000000.0,USD,us-gaap,NetIncomeLoss,10-Q,2024-10-31,CY2023Q3,0000927628-24-000306,reported_quarterly_frame,real_public_sec_edgar,20233
COF,CAPITAL ONE FINANCIAL CORP,0000927628,2023Q3,2023-09-30,noninterest_expense,Noninterest expense,4860000000.0,USD,us-gaap,NoninterestExpense,10-Q,2024-10-31,CY2023Q3,0000927628-24-000306,reported_quarterly_frame,real_public_sec_edgar,20233
COF,CAPITAL ONE FINANCIAL CORP,0000927628,2023Q3,2023-09-30,noninterest_income,Noninterest income,1943000000.0,USD,us-gaap,NoninterestIncome,10-Q,2024-10-31,CY2023Q3,0000927628-24-000306,reported_quarterly_frame,real_public_sec_edgar,20233
COF,CAPITAL ONE FINANCIAL CORP,0000927628,2023Q3,2023-09-30,total_assets,Total assets,471435000000.0,USD,us-gaap,Assets,10-Q,2023-11-02,CY2023Q3I,0000927628-23-000296,reported_instant_frame,real_public_sec_edgar,20233
COF,CAPITAL ONE FINANCIAL CORP,0000927628,2023Q3,2023-09-30,total_deposits,Total deposits,346011000000.0,USD,us-gaap,Deposits,10-Q,2024-10-31,CY2023Q3I,0000927628-24-000306,reported_instant_frame,real_public_sec_edgar,20233
COF,CAPITAL ONE FINANCIAL CORP,0000927628,2023Q3,2023-09-30,total_equity,Total equity,53668000000.0,USD,us-gaap,StockholdersEquity,10-Q,2024-10-31,CY2023Q3I,0000927628-24-000306,reported_instant_frame,real_public_sec_edgar,20233
COF,CAPITAL ONE FINANCIAL CORP,0000927628,2023Q3,2023-09-30,total_loans,Total loans,314780000000.0,USD,us-gaap,FinancingReceivableExcludingAccruedInterestBeforeAllowanceForCreditLoss,10-Q,2023-11-02,CY2023Q3I,0000927628-23-000296,reported_instant_frame,real_public_sec_edgar,20233
COF,CAPITAL ONE FINANCIAL CORP,0000927628,2023Q4,2023-12-31,interest_expense,Interest expense,3626000000.0,USD,us-gaap,InterestExpense,10-K-derived,2024-02-23,CY2023Q4_DERIVED,0000927628-24-000094,derived_q4_from_reported_fy_less_q1_q3,real_public_sec_edgar,20234
COF,CAPITAL ONE FINANCIAL CORP,0000927628,2023Q4,2023-12-31,interest_expense_deposits,Interest expense on deposits,2745000000.0,USD,us-gaap,InterestExpenseDeposits,10-K-derived,2026-02-19,CY2023Q4_DERIVED,0000927628-26-000024,derived_q4_from_reported_fy_less_q1_q3,real_public_sec_edgar,20234
COF,CAPITAL ONE FINANCIAL CORP,0000927628,2023Q4,2023-12-31,interest_income,Interest income,11145000000.0,USD,us-gaap,InterestAndDividendIncomeOperating,10-K-derived,2026-02-19,CY2023Q4_DERIVED,0000927628-26-000024,derived_q4_from_reported_fy_less_q1_q3,real_public_sec_edgar,20234
COF,CAPITAL ONE FINANCIAL CORP,0000927628,2023Q4,2023-12-31,net_income,Net income,706000000.0,USD,us-gaap,NetIncomeLoss,10-K-derived,2026-02-19,CY2023Q4_DERIVED,0000927628-26-000024,derived_q4_from_reported_fy_less_q1_q3,real_public_sec_edgar,20234
COF,CAPITAL ONE FINANCIAL CORP,0000927628,2023Q4,2023-12-31,noninterest_expense,Noninterest expense,5717000000.0,USD,us-gaap,NoninterestExpense,10-K-derived,2026-02-19,CY2023Q4_DERIVED,0000927628-26-000024,derived_q4_from_reported_fy_less_q1_q3,real_public_sec_edgar,20234
COF,CAPITAL ONE FINANCIAL CORP,0000927628,2023Q4,2023-12-31,noninterest_income,Noninterest income,1987000000.0,USD,us-gaap,NoninterestIncome,10-K-derived,2026-02-19,CY2023Q4_DERIVED,0000927628-26-000024,derived_q4_from_reported_fy_less_q1_q3,real_public_sec_edgar,20234
COF,CAPITAL ONE FINANCIAL CORP,0000927628,2023Q4,2023-12-31,tier_1_capital,Tier 1 capital,52460000000.0,USD,us-gaap,TierOneRiskBasedCapital,10-K,2025-02-20,CY2023Q4I,0000927628-25-000092,reported_instant_frame,real_public_sec_edgar,20234
COF,CAPITAL ONE FINANCIAL CORP,0000927628,2023Q4,2023-12-31,tier_1_capital_ratio,Tier 1 capital ratio,0.142,pure,us-gaap,TierOneRiskBasedCapitalToRiskWeightedAssets,10-K,2025-02-20,CY2023Q4I,0000927628-25-000092,reported_instant_frame,real_public_sec_edgar,20234
COF,CAPITAL ONE FINANCIAL CORP,0000927628,2023Q4,2023-12-31,total_assets,Total assets,478464000000.0,USD,us-gaap,Assets,10-K,2025-02-20,CY2023Q4I,0000927628-25-000092,reported_instant_frame,real_public_sec_edgar,20234
COF,CAPITAL ONE FINANCIAL CORP,0000927628,2023Q4,2023-12-31,total_deposits,Total deposits,348413000000.0,USD,us-gaap,Deposits,10-K,2026-02-19,CY2023Q4I,0000927628-26-000024,reported_instant_frame,real_public_sec_edgar,20234
COF,CAPITAL ONE FINANCIAL CORP,0000927628,2023Q4,2023-12-31,total_equity,Total equity,58089000000.0,USD,us-gaap,StockholdersEquity,10-K,2026-02-19,CY2023Q4I,0000927628-26-000024,reported_instant_frame,real_public_sec_edgar,20234
COF,CAPITAL ONE FINANCIAL CORP,0000927628,2023Q4,2023-12-31,total_loans,Total loans,320472000000.0,USD,us-gaap,FinancingReceivableExcludingAccruedInterestBeforeAllowanceForCreditLoss,10-K,2025-02-20,CY2023Q4I,0000927628-25-000092,reported_instant_frame,real_public_sec_edgar,20234
COF,CAPITAL ONE FINANCIAL CORP,0000927628,2024Q1,2024-03-31,interest_expense,Interest expense,3689000000.0,USD,us-gaap,InterestExpenseOperating,10-Q,2025-05-07,CY2024Q1,0000927628-25-000141,reported_quarterly_frame,real_public_sec_edgar,20241
COF,CAPITAL ONE FINANCIAL CORP,0000927628,2024Q1,2024-03-31,interest_expense_deposits,Interest expense on deposits,2812000000.0,USD,us-gaap,InterestExpenseDeposits,10-Q,2025-05-07,CY2024Q1,0000927628-25-000141,reported_quarterly_frame,real_public_sec_edgar,20241
COF,CAPITAL ONE FINANCIAL CORP,0000927628,2024Q1,2024-03-31,interest_income,Interest income,11177000000.0,USD,us-gaap,InterestAndDividendIncomeOperating,10-Q,2025-05-07,CY2024Q1,0000927628-25-000141,reported_quarterly_frame,real_public_sec_edgar,20241
COF,CAPITAL ONE FINANCIAL CORP,0000927628,2024Q1,2024-03-31,net_income,Net income,1280000000.0,USD,us-gaap,NetIncomeLoss,10-Q,2025-05-07,CY2024Q1,0000927628-25-000141,reported_quarterly_frame,real_public_sec_edgar,20241
COF,CAPITAL ONE FINANCIAL CORP,0000927628,2024Q1,2024-03-31,noninterest_expense,Noninterest expense,5137000000.0,USD,us-gaap,NoninterestExpense,10-Q,2025-05-07,CY2024Q1,0000927628-25-000141,reported_quarterly_frame,real_public_sec_edgar,20241
COF,CAPITAL ONE FINANCIAL CORP,0000927628,2024Q1,2024-03-31,noninterest_income,Noninterest income,1914000000.0,USD,us-gaap,NoninterestIncome,10-Q,2025-05-07,CY2024Q1,0000927628-25-000141,reported_quarterly_frame,real_public_sec_edgar,20241
COF,CAPITAL ONE FINANCIAL CORP,0000927628,2024Q1,2024-03-31,total_assets,Total assets,481720000000.0,USD,us-gaap,Assets,10-Q,2024-05-02,CY2024Q1I,0000927628-24-000174,reported_instant_frame,real_public_sec_edgar,20241
COF,CAPITAL ONE FINANCIAL CORP,0000927628,2024Q1,2024-03-31,total_deposits,Total deposits,350969000000.0,USD,us-gaap,Deposits,10-Q,2025-05-07,CY2024Q1I,0000927628-25-000141,reported_instant_frame,real_public_sec_edgar,20241
COF,CAPITAL ONE FINANCIAL CORP,0000927628,2024Q1,2024-03-31,total_equity,Total equity,57801000000.0,USD,us-gaap,StockholdersEquity,10-Q,2025-11-03,CY2024Q1I,0000927628-25-000276,reported_instant_frame,real_public_sec_edgar,20241
COF,CAPITAL ONE FINANCIAL CORP,0000927628,2024Q1,2024-03-31,total_loans,Total loans,315154000000.0,USD,us-gaap,FinancingReceivableExcludingAccruedInterestBeforeAllowanceForCreditLoss,10-Q,2024-05-02,CY2024Q1I,0000927628-24-000174,reported_instant_frame,real_public_sec_edgar,20241
COF,CAPITAL ONE FINANCIAL CORP,0000927628,2024Q2,2024-06-30,interest_expense,Interest expense,3734000000.0,USD,us-gaap,InterestExpenseOperating,10-Q,2025-07-31,CY2024Q2,0000927628-25-000247,reported_quarterly_frame,real_public_sec_edgar,20242
COF,CAPITAL ONE FINANCIAL CORP,0000927628,2024Q2,2024-06-30,interest_expense_deposits,Interest expense on deposits,2874000000.0,USD,us-gaap,InterestExpenseDeposits,10-Q,2025-07-31,CY2024Q2,0000927628-25-000247,reported_quarterly_frame,real_public_sec_edgar,20242
COF,CAPITAL ONE FINANCIAL CORP,0000927628,2024Q2,2024-06-30,interest_income,Interest income,11280000000.0,USD,us-gaap,InterestAndDividendIncomeOperating,10-Q,2025-07-31,CY2024Q2,0000927628-25-000247,reported_quarterly_frame,real_public_sec_edgar,20242
COF,CAPITAL ONE FINANCIAL CORP,0000927628,2024Q2,2024-06-30,net_income,Net income,597000000.0,USD,us-gaap,NetIncomeLoss,10-Q,2025-07-31,CY2024Q2,0000927628-25-000247,reported_quarterly_frame,real_public_sec_edgar,20242
COF,CAPITAL ONE FINANCIAL CORP,0000927628,2024Q2,2024-06-30,noninterest_expense,Noninterest expense,4946000000.0,USD,us-gaap,NoninterestExpense,10-Q,2025-07-31,CY2024Q2,0000927628-25-000247,reported_quarterly_frame,real_public_sec_edgar,20242
COF,CAPITAL ONE FINANCIAL CORP,0000927628,2024Q2,2024-06-30,noninterest_income,Noninterest income,1960000000.0,USD,us-gaap,NoninterestIncome,10-Q,2025-07-31,CY2024Q2,0000927628-25-000247,reported_quarterly_frame,real_public_sec_edgar,20242
COF,CAPITAL ONE FINANCIAL CORP,0000927628,2024Q2,2024-06-30,total_assets,Total assets,480018000000.0,USD,us-gaap,Assets,10-Q,2024-08-01,CY2024Q2I,0000927628-24-000264,reported_instant_frame,real_public_sec_edgar,20242
COF,CAPITAL ONE FINANCIAL CORP,0000927628,2024Q2,2024-06-30,total_deposits,Total deposits,351442000000.0,USD,us-gaap,Deposits,10-Q,2025-07-31,CY2024Q2I,0000927628-25-000247,reported_instant_frame,real_public_sec_edgar,20242
COF,CAPITAL ONE FINANCIAL CORP,0000927628,2024Q2,2024-06-30,total_equity,Total equity,57981000000.0,USD,us-gaap,StockholdersEquity,10-Q,2025-11-03,CY2024Q2I,0000927628-25-000276,reported_instant_frame,real_public_sec_edgar,20242
COF,CAPITAL ONE FINANCIAL CORP,0000927628,2024Q2,2024-06-30,total_loans,Total loans,318186000000.0,USD,us-gaap,FinancingReceivableExcludingAccruedInterestBeforeAllowanceForCreditLoss,10-Q,2024-08-01,CY2024Q2I,0000927628-24-000264,reported_instant_frame,real_public_sec_edgar,20242
COF,CAPITAL ONE FINANCIAL CORP,0000927628,2024Q3,2024-09-30,interest_expense,Interest expense,3784000000.0,USD,us-gaap,InterestExpenseOperating,10-Q,2025-11-03,CY2024Q3,0000927628-25-000276,reported_quarterly_frame,real_public_sec_edgar,20243
COF,CAPITAL ONE FINANCIAL CORP,0000927628,2024Q3,2024-09-30,interest_expense_deposits,Interest expense on deposits,2945000000.0,USD,us-gaap,InterestExpenseDeposits,10-Q,2025-11-03,CY2024Q3,0000927628-25-000276,reported_quarterly_frame,real_public_sec_edgar,20243
COF,CAPITAL ONE FINANCIAL CORP,0000927628,2024Q3,2024-09-30,interest_income,Interest income,11860000000.0,USD,us-gaap,InterestAndDividendIncomeOperating,10-Q,2025-11-03,CY2024Q3,0000927628-25-000276,reported_quarterly_frame,real_public_sec_edgar,20243
COF,CAPITAL ONE FINANCIAL CORP,0000927628,2024Q3,2024-09-30,net_income,Net income,1777000000.0,USD,us-gaap,NetIncomeLoss,10-Q,2025-11-03,CY2024Q3,0000927628-25-000276,reported_quarterly_frame,real_public_sec_edgar,20243
COF,CAPITAL ONE FINANCIAL CORP,0000927628,2024Q3,2024-09-30,noninterest_expense,Noninterest expense,5314000000.0,USD,us-gaap,NoninterestExpense,10-Q,2025-11-03,CY2024Q3,0000927628-25-000276,reported_quarterly_frame,real_public_sec_edgar,20243
COF,CAPITAL ONE FINANCIAL CORP,0000927628,2024Q3,2024-09-30,noninterest_income,Noninterest income,1938000000.0,USD,us-gaap,NoninterestIncome,10-Q,2025-11-03,CY2024Q3,0000927628-25-000276,reported_quarterly_frame,real_public_sec_edgar,20243
COF,CAPITAL ONE FINANCIAL CORP,0000927628,2024Q3,2024-09-30,total_assets,Total assets,486433000000.0,USD,us-gaap,Assets,10-Q,2024-10-31,CY2024Q3I,0000927628-24-000306,reported_instant_frame,real_public_sec_edgar,20243
COF,CAPITAL ONE FINANCIAL CORP,0000927628,2024Q3,2024-09-30,total_deposits,Total deposits,353631000000.0,USD,us-gaap,Deposits,10-Q,2025-11-03,CY2024Q3I,0000927628-25-000276,reported_instant_frame,real_public_sec_edgar,20243
COF,CAPITAL ONE FINANCIAL CORP,0000927628,2024Q3,2024-09-30,total_equity,Total equity,62925000000.0,USD,us-gaap,StockholdersEquity,10-Q,2025-11-03,CY2024Q3I,0000927628-25-000276,reported_instant_frame,real_public_sec_edgar,20243
COF,CAPITAL ONE FINANCIAL CORP,0000927628,2024Q3,2024-09-30,total_loans,Total loans,320243000000.0,USD,us-gaap,FinancingReceivableExcludingAccruedInterestBeforeAllowanceForCreditLoss,10-Q,2024-10-31,CY2024Q3I,0000927628-24-000306,reported_instant_frame,real_public_sec_edgar,20243
COF,CAPITAL ONE FINANCIAL CORP,0000927628,2024Q4,2024-12-31,interest_expense,Interest expense,3619000000.0,USD,us-gaap,InterestExpenseOperating,10-K-derived,2026-02-19,CY2024Q4_DERIVED,0000927628-26-000024,derived_q4_from_reported_fy_less_q1_q3,real_public_sec_edgar,20244
COF,CAPITAL ONE FINANCIAL CORP,0000927628,2024Q4,2024-12-31,interest_expense_deposits,Interest expense on deposits,2862000000.0,USD,us-gaap,InterestExpenseDeposits,10-K-derived,2026-02-19,CY2024Q4_DERIVED,0000927628-26-000024,derived_q4_from_reported_fy_less_q1_q3,real_public_sec_edgar,20244
COF,CAPITAL ONE FINANCIAL CORP,0000927628,2024Q4,2024-12-31,interest_income,Interest income,11717000000.0,USD,us-gaap,InterestAndDividendIncomeOperating,10-K-derived,2026-02-19,CY2024Q4_DERIVED,0000927628-26-000024,derived_q4_from_reported_fy_less_q1_q3,real_public_sec_edgar,20244
COF,CAPITAL ONE FINANCIAL CORP,0000927628,2024Q4,2024-12-31,net_income,Net income,1096000000.0,USD,us-gaap,NetIncomeLoss,10-K-derived,2026-02-19,CY2024Q4_DERIVED,0000927628-26-000024,derived_q4_from_reported_fy_less_q1_q3,real_public_sec_edgar,20244
COF,CAPITAL ONE FINANCIAL CORP,0000927628,2024Q4,2024-12-31,noninterest_expense,Noninterest expense,6089000000.0,USD,us-gaap,NoninterestExpense,10-K-derived,2026-02-19,CY2024Q4_DERIVED,0000927628-26-000024,derived_q4_from_reported_fy_less_q1_q3,real_public_sec_edgar,20244
COF,CAPITAL ONE FINANCIAL CORP,0000927628,2024Q4,2024-12-31,noninterest_income,Noninterest income,2092000000.0,USD,us-gaap,NoninterestIncome,10-K-derived,2026-02-19,CY2024Q4_DERIVED,0000927628-26-000024,derived_q4_from_reported_fy_less_q1_q3,real_public_sec_edgar,20244
COF,CAPITAL ONE FINANCIAL CORP,0000927628,2024Q4,2024-12-31,tier_1_capital,Tier 1 capital,55652000000.0,USD,us-gaap,TierOneRiskBasedCapital,10-K,2026-02-19,CY2024Q4I,0000927628-26-000024,reported_instant_frame,real_public_sec_edgar,20244
COF,CAPITAL ONE FINANCIAL CORP,0000927628,2024Q4,2024-12-31,tier_1_capital_ratio,Tier 1 capital ratio,0.148,pure,us-gaap,TierOneRiskBasedCapitalToRiskWeightedAssets,10-K,2026-02-19,CY2024Q4I,0000927628-26-000024,reported_instant_frame,real_public_sec_edgar,20244
COF,CAPITAL ONE FINANCIAL CORP,0000927628,2024Q4,2024-12-31,total_assets,Total assets,490144000000.0,USD,us-gaap,Assets,10-K,2026-02-19,CY2024Q4I,0000927628-26-000024,reported_instant_frame,real_public_sec_edgar,20244
COF,CAPITAL ONE FINANCIAL CORP,0000927628,2024Q4,2024-12-31,total_deposits,Total deposits,362707000000.0,USD,us-gaap,Deposits,10-K,2026-02-19,CY2024Q4I,0000927628-26-000024,reported_instant_frame,real_public_sec_edgar,20244
COF,CAPITAL ONE FINANCIAL CORP,0000927628,2024Q4,2024-12-31,total_equity,Total equity,60784000000.0,USD,us-gaap,StockholdersEquity,10-Q,2026-05-07,CY2024Q4I,0000927628-26-000048,reported_instant_frame,real_public_sec_edgar,20244
COF,CAPITAL ONE FINANCIAL CORP,0000927628,2024Q4,2024-12-31,total_loans,Total loans,327775000000.0,USD,us-gaap,FinancingReceivableExcludingAccruedInterestBeforeAllowanceForCreditLoss,10-K,2026-02-19,CY2024Q4I,0000927628-26-000024,reported_instant_frame,real_public_sec_edgar,20244
COF,CAPITAL ONE FINANCIAL CORP,0000927628,2025Q1,2025-03-31,interest_expense,Interest expense,3405000000.0,USD,us-gaap,InterestExpenseOperating,10-Q,2026-05-07,CY2025Q1,0000927628-26-000048,reported_quarterly_frame,real_public_sec_edgar,20251
COF,CAPITAL ONE FINANCIAL CORP,0000927628,2025Q1,2025-03-31,interest_expense_deposits,Interest expense on deposits,2715000000.0,USD,us-gaap,InterestExpenseDeposits,10-Q,2026-05-07,CY2025Q1,0000927628-26-000048,reported_quarterly_frame,real_public_sec_edgar,20251
COF,CAPITAL ONE FINANCIAL CORP,0000927628,2025Q1,2025-03-31,interest_income,Interest income,11418000000.0,USD,us-gaap,InterestAndDividendIncomeOperating,10-Q,2026-05-07,CY2025Q1,0000927628-26-000048,reported_quarterly_frame,real_public_sec_edgar,20251
COF,CAPITAL ONE FINANCIAL CORP,0000927628,2025Q1,2025-03-31,net_income,Net income,1404000000.0,USD,us-gaap,NetIncomeLoss,10-Q,2026-05-07,CY2025Q1,0000927628-26-000048,reported_quarterly_frame,real_public_sec_edgar,20251
COF,CAPITAL ONE FINANCIAL CORP,0000927628,2025Q1,2025-03-31,noninterest_expense,Noninterest expense,5902000000.0,USD,us-gaap,NoninterestExpense,10-Q,2026-05-07,CY2025Q1,0000927628-26-000048,reported_quarterly_frame,real_public_sec_edgar,20251
COF,CAPITAL ONE FINANCIAL CORP,0000927628,2025Q1,2025-03-31,noninterest_income,Noninterest income,1987000000.0,USD,us-gaap,NoninterestIncome,10-Q,2026-05-07,CY2025Q1,0000927628-26-000048,reported_quarterly_frame,real_public_sec_edgar,20251
COF,CAPITAL ONE FINANCIAL CORP,0000927628,2025Q1,2025-03-31,total_assets,Total assets,493604000000.0,USD,us-gaap,Assets,10-Q,2025-05-07,CY2025Q1I,0000927628-25-000141,reported_instant_frame,real_public_sec_edgar,20251
COF,CAPITAL ONE FINANCIAL CORP,0000927628,2025Q1,2025-03-31,total_deposits,Total deposits,367464000000.0,USD,us-gaap,Deposits,10-Q,2026-05-07,CY2025Q1I,0000927628-26-000048,reported_instant_frame,real_public_sec_edgar,20251
COF,CAPITAL ONE FINANCIAL CORP,0000927628,2025Q1,2025-03-31,total_equity,Total equity,63542000000.0,USD,us-gaap,StockholdersEquity,10-Q,2026-05-07,CY2025Q1I,0000927628-26-000048,reported_instant_frame,real_public_sec_edgar,20251
COF,CAPITAL ONE FINANCIAL CORP,0000927628,2025Q1,2025-03-31,total_loans,Total loans,323598000000.0,USD,us-gaap,FinancingReceivableExcludingAccruedInterestBeforeAllowanceForCreditLoss,10-Q,2025-05-07,CY2025Q1I,0000927628-25-000141,reported_instant_frame,real_public_sec_edgar,20251
COF,CAPITAL ONE FINANCIAL CORP,0000927628,2025Q2,2025-06-30,interest_expense,Interest expense,3833000000.0,USD,us-gaap,InterestExpenseOperating,10-Q,2025-07-31,CY2025Q2,0000927628-25-000247,reported_quarterly_frame,real_public_sec_edgar,20252
COF,CAPITAL ONE FINANCIAL CORP,0000927628,2025Q2,2025-06-30,interest_expense_deposits,Interest expense on deposits,3120000000.0,USD,us-gaap,InterestExpenseDeposits,10-Q,2025-07-31,CY2025Q2,0000927628-25-000247,reported_quarterly_frame,real_public_sec_edgar,20252
COF,CAPITAL ONE FINANCIAL CORP,0000927628,2025Q2,2025-06-30,interest_income,Interest income,13828000000.0,USD,us-gaap,InterestAndDividendIncomeOperating,10-Q,2025-07-31,CY2025Q2,0000927628-25-000247,reported_quarterly_frame,real_public_sec_edgar,20252
COF,CAPITAL ONE FINANCIAL CORP,0000927628,2025Q2,2025-06-30,net_income,Net income,-4277000000.0,USD,us-gaap,NetIncomeLoss,10-Q,2025-07-31,CY2025Q2,0000927628-25-000247,reported_quarterly_frame,real_public_sec_edgar,20252
COF,CAPITAL ONE FINANCIAL CORP,0000927628,2025Q2,2025-06-30,noninterest_expense,Noninterest expense,6991000000.0,USD,us-gaap,NoninterestExpense,10-Q,2025-07-31,CY2025Q2,0000927628-25-000247,reported_quarterly_frame,real_public_sec_edgar,20252
COF,CAPITAL ONE FINANCIAL CORP,0000927628,2025Q2,2025-06-30,noninterest_income,Noninterest income,2497000000.0,USD,us-gaap,NoninterestIncome,10-Q,2025-07-31,CY2025Q2,0000927628-25-000247,reported_quarterly_frame,real_public_sec_edgar,20252
COF,CAPITAL ONE FINANCIAL CORP,0000927628,2025Q2,2025-06-30,total_assets,Total assets,658968000000.0,USD,us-gaap,Assets,10-Q,2025-07-31,CY2025Q2I,0000927628-25-000247,reported_instant_frame,real_public_sec_edgar,20252
COF,CAPITAL ONE FINANCIAL CORP,0000927628,2025Q2,2025-06-30,total_deposits,Total deposits,468110000000.0,USD,us-gaap,Deposits,10-Q,2025-07-31,CY2025Q2I,0000927628-25-000247,reported_instant_frame,real_public_sec_edgar,20252
COF,CAPITAL ONE FINANCIAL CORP,0000927628,2025Q2,2025-06-30,total_equity,Total equity,110956000000.0,USD,us-gaap,StockholdersEquity,10-Q,2025-11-03,CY2025Q2I,0000927628-25-000276,reported_instant_frame,real_public_sec_edgar,20252
COF,CAPITAL ONE FINANCIAL CORP,0000927628,2025Q2,2025-06-30,total_loans,Total loans,439297000000.0,USD,us-gaap,FinancingReceivableExcludingAccruedInterestBeforeAllowanceForCreditLoss,10-Q,2025-07-31,CY2025Q2I,0000927628-25-000247,reported_instant_frame,real_public_sec_edgar,20252
COF,CAPITAL ONE FINANCIAL CORP,0000927628,2025Q3,2025-09-30,interest_expense,Interest expense,4359000000.0,USD,us-gaap,InterestExpenseOperating,10-Q,2025-11-03,CY2025Q3,0000927628-25-000276,reported_quarterly_frame,real_public_sec_edgar,20253
COF,CAPITAL ONE FINANCIAL CORP,0000927628,2025Q3,2025-09-30,interest_expense_deposits,Interest expense on deposits,3597000000.0,USD,us-gaap,InterestExpenseDeposits,10-Q,2025-11-03,CY2025Q3,0000927628-25-000276,reported_quarterly_frame,real_public_sec_edgar,20253
COF,CAPITAL ONE FINANCIAL CORP,0000927628,2025Q3,2025-09-30,interest_income,Interest income,16763000000.0,USD,us-gaap,InterestAndDividendIncomeOperating,10-Q,2025-11-03,CY2025Q3,0000927628-25-000276,reported_quarterly_frame,real_public_sec_edgar,20253
COF,CAPITAL ONE FINANCIAL CORP,0000927628,2025Q3,2025-09-30,net_income,Net income,3192000000.0,USD,us-gaap,NetIncomeLoss,10-Q,2025-11-03,CY2025Q3,0000927628-25-000276,reported_quarterly_frame,real_public_sec_edgar,20253
COF,CAPITAL ONE FINANCIAL CORP,0000927628,2025Q3,2025-09-30,noninterest_expense,Noninterest expense,8263000000.0,USD,us-gaap,NoninterestExpense,10-Q,2025-11-03,CY2025Q3,0000927628-25-000276,reported_quarterly_frame,real_public_sec_edgar,20253
COF,CAPITAL ONE FINANCIAL CORP,0000927628,2025Q3,2025-09-30,noninterest_income,Noninterest income,2955000000.0,USD,us-gaap,NoninterestIncome,10-Q,2025-11-03,CY2025Q3,0000927628-25-000276,reported_quarterly_frame,real_public_sec_edgar,20253
COF,CAPITAL ONE FINANCIAL CORP,0000927628,2025Q3,2025-09-30,total_assets,Total assets,661877000000.0,USD,us-gaap,Assets,10-Q,2025-11-03,CY2025Q3I,0000927628-25-000276,reported_instant_frame,real_public_sec_edgar,20253
COF,CAPITAL ONE FINANCIAL CORP,0000927628,2025Q3,2025-09-30,total_deposits,Total deposits,468785000000.0,USD,us-gaap,Deposits,10-Q,2025-11-03,CY2025Q3I,0000927628-25-000276,reported_instant_frame,real_public_sec_edgar,20253
COF,CAPITAL ONE FINANCIAL CORP,0000927628,2025Q3,2025-09-30,total_equity,Total equity,113813000000.0,USD,us-gaap,StockholdersEquity,10-Q,2025-11-03,CY2025Q3I,0000927628-25-000276,reported_instant_frame,real_public_sec_edgar,20253
COF,CAPITAL ONE FINANCIAL CORP,0000927628,2025Q3,2025-09-30,total_loans,Total loans,443159000000.0,USD,us-gaap,FinancingReceivableExcludingAccruedInterestBeforeAllowanceForCreditLoss,10-Q,2025-11-03,CY2025Q3I,0000927628-25-000276,reported_instant_frame,real_public_sec_edgar,20253
COF,CAPITAL ONE FINANCIAL CORP,0000927628,2025Q4,2025-12-31,interest_expense,Interest expense,4221000000.0,USD,us-gaap,InterestExpenseOperating,10-K-derived,2026-02-19,CY2025Q4_DERIVED,0000927628-26-000024,derived_q4_from_reported_fy_less_q1_q3,real_public_sec_edgar,20254
COF,CAPITAL ONE FINANCIAL CORP,0000927628,2025Q4,2025-12-31,interest_expense_deposits,Interest expense on deposits,3493000000.0,USD,us-gaap,InterestExpenseDeposits,10-K-derived,2026-02-19,CY2025Q4_DERIVED,0000927628-26-000024,derived_q4_from_reported_fy_less_q1_q3,real_public_sec_edgar,20254
COF,CAPITAL ONE FINANCIAL CORP,0000927628,2025Q4,2025-12-31,interest_income,Interest income,16687000000.0,USD,us-gaap,InterestAndDividendIncomeOperating,10-K-derived,2026-02-19,CY2025Q4_DERIVED,0000927628-26-000024,derived_q4_from_reported_fy_less_q1_q3,real_public_sec_edgar,20254
COF,CAPITAL ONE FINANCIAL CORP,0000927628,2025Q4,2025-12-31,net_income,Net income,2134000000.0,USD,us-gaap,NetIncomeLoss,10-K-derived,2026-02-19,CY2025Q4_DERIVED,0000927628-26-000024,derived_q4_from_reported_fy_less_q1_q3,real_public_sec_edgar,20254
COF,CAPITAL ONE FINANCIAL CORP,0000927628,2025Q4,2025-12-31,noninterest_expense,Noninterest expense,9342000000.0,USD,us-gaap,NoninterestExpense,10-K-derived,2026-02-19,CY2025Q4_DERIVED,0000927628-26-000024,derived_q4_from_reported_fy_less_q1_q3,real_public_sec_edgar,20254
COF,CAPITAL ONE FINANCIAL CORP,0000927628,2025Q4,2025-12-31,noninterest_income,Noninterest income,3117000000.0,USD,us-gaap,NoninterestIncome,10-K-derived,2026-02-19,CY2025Q4_DERIVED,0000927628-26-000024,derived_q4_from_reported_fy_less_q1_q3,real_public_sec_edgar,20254
COF,CAPITAL ONE FINANCIAL CORP,0000927628,2025Q4,2025-12-31,tier_1_capital,Tier 1 capital,78454000000.0,USD,us-gaap,TierOneRiskBasedCapital,10-K,2026-02-19,CY2025Q4I,0000927628-26-000024,reported_instant_frame,real_public_sec_edgar,20254
COF,CAPITAL ONE FINANCIAL CORP,0000927628,2025Q4,2025-12-31,tier_1_capital_ratio,Tier 1 capital ratio,0.153,pure,us-gaap,TierOneRiskBasedCapitalToRiskWeightedAssets,10-K,2026-02-19,CY2025Q4I,0000927628-26-000024,reported_instant_frame,real_public_sec_edgar,20254
COF,CAPITAL ONE FINANCIAL CORP,0000927628,2025Q4,2025-12-31,total_assets,Total assets,669009000000.0,USD,us-gaap,Assets,10-Q,2026-05-07,CY2025Q4I,0000927628-26-000048,reported_instant_frame,real_public_sec_edgar,20254
COF,CAPITAL ONE FINANCIAL CORP,0000927628,2025Q4,2025-12-31,total_deposits,Total deposits,475771000000.0,USD,us-gaap,Deposits,10-Q,2026-05-07,CY2025Q4I,0000927628-26-000048,reported_instant_frame,real_public_sec_edgar,20254
COF,CAPITAL ONE FINANCIAL CORP,0000927628,2025Q4,2025-12-31,total_equity,Total equity,113616000000.0,USD,us-gaap,StockholdersEquity,10-Q,2026-05-07,CY2025Q4I,0000927628-26-000048,reported_instant_frame,real_public_sec_edgar,20254
COF,CAPITAL ONE FINANCIAL CORP,0000927628,2025Q4,2025-12-31,total_loans,Total loans,453622000000.0,USD,us-gaap,FinancingReceivableExcludingAccruedInterestBeforeAllowanceForCreditLoss,10-Q,2026-05-07,CY2025Q4I,0000927628-26-000048,reported_instant_frame,real_public_sec_edgar,20254
COF,CAPITAL ONE FINANCIAL CORP,0000927628,2026Q1,2026-03-31,interest_expense,Interest expense,4086000000.0,USD,us-gaap,InterestExpenseOperating,10-Q,2026-05-07,CY2026Q1,0000927628-26-000048,reported_quarterly_frame,real_public_sec_edgar,20261
COF,CAPITAL ONE FINANCIAL CORP,0000927628,2026Q1,2026-03-31,interest_expense_deposits,Interest expense on deposits,3387000000.0,USD,us-gaap,InterestExpenseDeposits,10-Q,2026-05-07,CY2026Q1,0000927628-26-000048,reported_quarterly_frame,real_public_sec_edgar,20261
COF,CAPITAL ONE FINANCIAL CORP,0000927628,2026Q1,2026-03-31,interest_income,Interest income,16231000000.0,USD,us-gaap,InterestAndDividendIncomeOperating,10-Q,2026-05-07,CY2026Q1,0000927628-26-000048,reported_quarterly_frame,real_public_sec_edgar,20261
COF,CAPITAL ONE FINANCIAL CORP,0000927628,2026Q1,2026-03-31,net_income,Net income,2174000000.0,USD,us-gaap,NetIncomeLoss,10-Q,2026-05-07,CY2026Q1,0000927628-26-000048,reported_quarterly_frame,real_public_sec_edgar,20261
COF,CAPITAL ONE FINANCIAL CORP,0000927628,2026Q1,2026-03-31,noninterest_expense,Noninterest expense,8464000000.0,USD,us-gaap,NoninterestExpense,10-Q,2026-05-07,CY2026Q1,0000927628-26-000048,reported_quarterly_frame,real_public_sec_edgar,20261
COF,CAPITAL ONE FINANCIAL CORP,0000927628,2026Q1,2026-03-31,noninterest_income,Noninterest income,3086000000.0,USD,us-gaap,NoninterestIncome,10-Q,2026-05-07,CY2026Q1,0000927628-26-000048,reported_quarterly_frame,real_public_sec_edgar,20261
COF,CAPITAL ONE FINANCIAL CORP,0000927628,2026Q1,2026-03-31,total_assets,Total assets,682905000000.0,USD,us-gaap,Assets,10-Q,2026-05-07,CY2026Q1I,0000927628-26-000048,reported_instant_frame,real_public_sec_edgar,20261
COF,CAPITAL ONE FINANCIAL CORP,0000927628,2026Q1,2026-03-31,total_deposits,Total deposits,489053000000.0,USD,us-gaap,Deposits,10-Q,2026-05-07,CY2026Q1I,0000927628-26-000048,reported_instant_frame,real_public_sec_edgar,20261
COF,CAPITAL ONE FINANCIAL CORP,0000927628,2026Q1,2026-03-31,total_equity,Total equity,112261000000.0,USD,us-gaap,StockholdersEquity,10-Q,2026-05-07,CY2026Q1I,0000927628-26-000048,reported_instant_frame,real_public_sec_edgar,20261
COF,CAPITAL ONE FINANCIAL CORP,0000927628,2026Q1,2026-03-31,total_loans,Total loans,447754000000.0,USD,us-gaap,FinancingReceivableExcludingAccruedInterestBeforeAllowanceForCreditLoss,10-Q,2026-05-07,CY2026Q1I,0000927628-26-000048,reported_instant_frame,real_public_sec_edgar,20261
JPM,JPMORGAN CHASE & CO,0000019617,2018Q2,2018-06-30,interest_expense,Interest expense,5081000000.0,USD,us-gaap,InterestExpense,10-Q,2019-08-06,CY2018Q2,0000019617-19-000127,reported_quarterly_frame,real_public_sec_edgar,20182
JPM,JPMORGAN CHASE & CO,0000019617,2018Q2,2018-06-30,interest_expense_deposits,Interest expense on deposits,1340000000.0,USD,us-gaap,InterestExpenseDeposits,10-Q,2019-08-06,CY2018Q2,0000019617-19-000127,reported_quarterly_frame,real_public_sec_edgar,20182
JPM,JPMORGAN CHASE & CO,0000019617,2018Q2,2018-06-30,interest_income,Interest income,18566000000.0,USD,us-gaap,InterestIncomeOperating,10-Q,2019-08-06,CY2018Q2,0000019617-19-000127,reported_quarterly_frame,real_public_sec_edgar,20182
JPM,JPMORGAN CHASE & CO,0000019617,2018Q2,2018-06-30,net_income,Net income,8316000000.0,USD,us-gaap,NetIncomeLoss,10-Q,2019-08-06,CY2018Q2,0000019617-19-000127,reported_quarterly_frame,real_public_sec_edgar,20182
JPM,JPMORGAN CHASE & CO,0000019617,2018Q2,2018-06-30,noninterest_expense,Noninterest expense,15971000000.0,USD,us-gaap,NoninterestExpense,10-Q,2019-08-06,CY2018Q2,0000019617-19-000127,reported_quarterly_frame,real_public_sec_edgar,20182
JPM,JPMORGAN CHASE & CO,0000019617,2018Q2,2018-06-30,noninterest_income,Noninterest income,14268000000.0,USD,us-gaap,NoninterestIncome,10-Q,2019-08-06,CY2018Q2,0000019617-19-000127,reported_quarterly_frame,real_public_sec_edgar,20182
JPM,JPMORGAN CHASE & CO,0000019617,2018Q2,2018-06-30,total_assets,Total assets,2590050000000.0,USD,us-gaap,Assets,10-Q,2019-08-06,CY2018Q2I,0000019617-19-000127,reported_instant_frame,real_public_sec_edgar,20182
JPM,JPMORGAN CHASE & CO,0000019617,2018Q2,2018-06-30,total_deposits,Total deposits,1452122000000.0,USD,us-gaap,Deposits,10-Q,2018-08-01,CY2018Q2I,0000019617-18-000151,reported_instant_frame,real_public_sec_edgar,20182
JPM,JPMORGAN CHASE & CO,0000019617,2018Q2,2018-06-30,total_equity,Total equity,257458000000.0,USD,us-gaap,StockholdersEquity,10-Q,2019-08-06,CY2018Q2I,0000019617-19-000127,reported_instant_frame,real_public_sec_edgar,20182
JPM,JPMORGAN CHASE & CO,0000019617,2018Q2,2018-06-30,total_loans,Total loans,940440000000.0,USD,us-gaap,LoansAndLeasesReceivableNetOfDeferredIncome,10-Q,2019-08-06,CY2018Q2I,0000019617-19-000127,reported_instant_frame,real_public_sec_edgar,20182
JPM,JPMORGAN CHASE & CO,0000019617,2018Q3,2018-09-30,interest_expense,Interest expense,5531000000.0,USD,us-gaap,InterestExpense,10-Q,2019-11-04,CY2018Q3,0000019617-19-000232,reported_quarterly_frame,real_public_sec_edgar,20183
JPM,JPMORGAN CHASE & CO,0000019617,2018Q3,2018-09-30,interest_expense_deposits,Interest expense on deposits,1621000000.0,USD,us-gaap,InterestExpenseDeposits,10-Q,2019-11-04,CY2018Q3,0000019617-19-000232,reported_quarterly_frame,real_public_sec_edgar,20183
JPM,JPMORGAN CHASE & CO,0000019617,2018Q3,2018-09-30,interest_income,Interest income,19439000000.0,USD,us-gaap,InterestIncomeOperating,10-Q,2019-11-04,CY2018Q3,0000019617-19-000232,reported_quarterly_frame,real_public_sec_edgar,20183
JPM,JPMORGAN CHASE & CO,0000019617,2018Q3,2018-09-30,net_income,Net income,8380000000.0,USD,us-gaap,NetIncomeLoss,10-Q,2019-11-04,CY2018Q3,0000019617-19-000232,reported_quarterly_frame,real_public_sec_edgar,20183
JPM,JPMORGAN CHASE & CO,0000019617,2018Q3,2018-09-30,noninterest_expense,Noninterest expense,15623000000.0,USD,us-gaap,NoninterestExpense,10-Q,2019-11-04,CY2018Q3,0000019617-19-000232,reported_quarterly_frame,real_public_sec_edgar,20183
JPM,JPMORGAN CHASE & CO,0000019617,2018Q3,2018-09-30,noninterest_income,Noninterest income,13352000000.0,USD,us-gaap,NoninterestIncome,10-Q,2019-11-04,CY2018Q3,0000019617-19-000232,reported_quarterly_frame,real_public_sec_edgar,20183
JPM,JPMORGAN CHASE & CO,0000019617,2018Q3,2018-09-30,total_assets,Total assets,2615183000000.0,USD,us-gaap,Assets,10-Q,2019-11-04,CY2018Q3I,0000019617-19-000232,reported_instant_frame,real_public_sec_edgar,20183
JPM,JPMORGAN CHASE & CO,0000019617,2018Q3,2018-09-30,total_deposits,Total deposits,1458762000000.0,USD,us-gaap,Deposits,10-Q,2018-10-31,CY2018Q3I,0000019617-18-000206,reported_instant_frame,real_public_sec_edgar,20183
JPM,JPMORGAN CHASE & CO,0000019617,2018Q3,2018-09-30,total_equity,Total equity,258956000000.0,USD,us-gaap,StockholdersEquity,10-Q,2019-11-04,CY2018Q3I,0000019617-19-000232,reported_instant_frame,real_public_sec_edgar,20183
JPM,JPMORGAN CHASE & CO,0000019617,2018Q3,2018-09-30,total_loans,Total loans,947651000000.0,USD,us-gaap,LoansAndLeasesReceivableNetOfDeferredIncome,10-Q,2019-11-04,CY2018Q3I,0000019617-19-000232,reported_instant_frame,real_public_sec_edgar,20183
JPM,JPMORGAN CHASE & CO,0000019617,2018Q4,2018-12-31,interest_expense,Interest expense,6046000000.0,USD,us-gaap,InterestExpense,10-K-derived,2021-02-23,CY2018Q4_DERIVED,0000019617-21-000236,derived_q4_from_reported_fy_less_q1_q3,real_public_sec_edgar,20184
JPM,JPMORGAN CHASE & CO,0000019617,2018Q4,2018-12-31,interest_expense_deposits,Interest expense on deposits,1952000000.0,USD,us-gaap,InterestExpenseDeposits,10-K-derived,2021-02-23,CY2018Q4_DERIVED,0000019617-21-000236,derived_q4_from_reported_fy_less_q1_q3,real_public_sec_edgar,20184
JPM,JPMORGAN CHASE & CO,0000019617,2018Q4,2018-12-31,interest_income,Interest income,20400000000.0,USD,us-gaap,InterestIncomeOperating,10-K-derived,2021-02-23,CY2018Q4_DERIVED,0000019617-21-000236,derived_q4_from_reported_fy_less_q1_q3,real_public_sec_edgar,20184
JPM,JPMORGAN CHASE & CO,0000019617,2018Q4,2018-12-31,net_income,Net income,7066000000.0,USD,us-gaap,NetIncomeLoss,10-K-derived,2021-02-23,CY2018Q4_DERIVED,0000019617-21-000236,derived_q4_from_reported_fy_less_q1_q3,real_public_sec_edgar,20184
JPM,JPMORGAN CHASE & CO,0000019617,2018Q4,2018-12-31,noninterest_expense,Noninterest expense,15474000000.0,USD,us-gaap,NoninterestExpense,10-K-derived,2021-02-23,CY2018Q4_DERIVED,0000019617-21-000236,derived_q4_from_reported_fy_less_q1_q3,real_public_sec_edgar,20184
JPM,JPMORGAN CHASE & CO,0000019617,2018Q4,2018-12-31,noninterest_income,Noninterest income,11509000000.0,USD,us-gaap,NoninterestIncome,10-K-derived,2021-02-23,CY2018Q4_DERIVED,0000019617-21-000236,derived_q4_from_reported_fy_less_q1_q3,real_public_sec_edgar,20184
JPM,JPMORGAN CHASE & CO,0000019617,2018Q4,2018-12-31,total_assets,Total assets,2622532000000.0,USD,us-gaap,Assets,10-K,2021-02-23,CY2018Q4I,0000019617-21-000236,reported_instant_frame,real_public_sec_edgar,20184
JPM,JPMORGAN CHASE & CO,0000019617,2018Q4,2018-12-31,total_deposits,Total deposits,1470666000000.0,USD,us-gaap,Deposits,10-K,2020-02-25,CY2018Q4I,0000019617-20-000257,reported_instant_frame,real_public_sec_edgar,20184
JPM,JPMORGAN CHASE & CO,0000019617,2018Q4,2018-12-31,total_equity,Total equity,256515000000.0,USD,us-gaap,StockholdersEquity,10-K,2021-02-23,CY2018Q4I,0000019617-21-000236,reported_instant_frame,real_public_sec_edgar,20184
JPM,JPMORGAN CHASE & CO,0000019617,2018Q4,2018-12-31,total_loans,Total loans,969415000000.0,USD,us-gaap,LoansAndLeasesReceivableNetOfDeferredIncome,10-K,2020-02-25,CY2018Q4I,0000019617-20-000257,reported_instant_frame,real_public_sec_edgar,20184
JPM,JPMORGAN CHASE & CO,0000019617,2019Q1,2019-03-31,interest_expense,Interest expense,6936000000.0,USD,us-gaap,InterestExpense,10-Q,2020-05-07,CY2019Q1,0000019617-20-000299,reported_quarterly_frame,real_public_sec_edgar,20191
JPM,JPMORGAN CHASE & CO,0000019617,2019Q1,2019-03-31,interest_expense_deposits,Interest expense on deposits,2188000000.0,USD,us-gaap,InterestExpenseDeposits,10-Q,2020-05-07,CY2019Q1,0000019617-20-000299,reported_quarterly_frame,real_public_sec_edgar,20191
JPM,JPMORGAN CHASE & CO,0000019617,2019Q1,2019-03-31,interest_income,Interest income,21389000000.0,USD,us-gaap,InterestIncomeOperating,10-Q,2020-05-07,CY2019Q1,0000019617-20-000299,reported_quarterly_frame,real_public_sec_edgar,20191
JPM,JPMORGAN CHASE & CO,0000019617,2019Q1,2019-03-31,net_income,Net income,9179000000.0,USD,us-gaap,NetIncomeLoss,10-Q,2020-05-07,CY2019Q1,0000019617-20-000299,reported_quarterly_frame,real_public_sec_edgar,20191
JPM,JPMORGAN CHASE & CO,0000019617,2019Q1,2019-03-31,noninterest_expense,Noninterest expense,16395000000.0,USD,us-gaap,NoninterestExpense,10-Q,2020-05-07,CY2019Q1,0000019617-20-000299,reported_quarterly_frame,real_public_sec_edgar,20191
JPM,JPMORGAN CHASE & CO,0000019617,2019Q1,2019-03-31,noninterest_income,Noninterest income,14670000000.0,USD,us-gaap,NoninterestIncome,10-Q,2020-05-07,CY2019Q1,0000019617-20-000299,reported_quarterly_frame,real_public_sec_edgar,20191
JPM,JPMORGAN CHASE & CO,0000019617,2019Q1,2019-03-31,total_assets,Total assets,2737188000000.0,USD,us-gaap,Assets,10-Q,2020-05-07,CY2019Q1I,0000019617-20-000299,reported_instant_frame,real_public_sec_edgar,20191
JPM,JPMORGAN CHASE & CO,0000019617,2019Q1,2019-03-31,total_deposits,Total deposits,1493441000000.0,USD,us-gaap,Deposits,10-Q,2019-05-02,CY2019Q1I,0000019617-19-000067,reported_instant_frame,real_public_sec_edgar,20191
JPM,JPMORGAN CHASE & CO,0000019617,2019Q1,2019-03-31,total_equity,Total equity,259837000000.0,USD,us-gaap,StockholdersEquity,10-Q,2020-05-07,CY2019Q1I,0000019617-20-000299,reported_instant_frame,real_public_sec_edgar,20191
JPM,JPMORGAN CHASE & CO,0000019617,2019Q1,2019-03-31,total_loans,Total loans,943841000000.0,USD,us-gaap,LoansAndLeasesReceivableNetOfDeferredIncome,10-Q,2019-05-02,CY2019Q1I,0000019617-19-000067,reported_instant_frame,real_public_sec_edgar,20191
JPM,JPMORGAN CHASE & CO,0000019617,2019Q2,2019-06-30,interest_expense,Interest expense,7205000000.0,USD,us-gaap,InterestExpense,10-Q,2020-08-03,CY2019Q2,0000019617-20-000372,reported_quarterly_frame,real_public_sec_edgar,20192
JPM,JPMORGAN CHASE & CO,0000019617,2019Q2,2019-06-30,interest_expense_deposits,Interest expense on deposits,2413000000.0,USD,us-gaap,InterestExpenseDeposits,10-Q,2020-08-03,CY2019Q2,0000019617-20-000372,reported_quarterly_frame,real_public_sec_edgar,20192
JPM,JPMORGAN CHASE & CO,0000019617,2019Q2,2019-06-30,interest_income,Interest income,21603000000.0,USD,us-gaap,InterestIncomeOperating,10-Q,2020-08-03,CY2019Q2,0000019617-20-000372,reported_quarterly_frame,real_public_sec_edgar,20192
JPM,JPMORGAN CHASE & CO,0000019617,2019Q2,2019-06-30,net_income,Net income,9652000000.0,USD,us-gaap,NetIncomeLoss,10-Q,2020-08-03,CY2019Q2,0000019617-20-000372,reported_quarterly_frame,real_public_sec_edgar,20192
JPM,JPMORGAN CHASE & CO,0000019617,2019Q2,2019-06-30,noninterest_expense,Noninterest expense,16256000000.0,USD,us-gaap,NoninterestExpense,10-Q,2020-08-03,CY2019Q2,0000019617-20-000372,reported_quarterly_frame,real_public_sec_edgar,20192
JPM,JPMORGAN CHASE & CO,0000019617,2019Q2,2019-06-30,noninterest_income,Noninterest income,14349000000.0,USD,us-gaap,NoninterestIncome,10-Q,2020-08-03,CY2019Q2,0000019617-20-000372,reported_quarterly_frame,real_public_sec_edgar,20192
JPM,JPMORGAN CHASE & CO,0000019617,2019Q2,2019-06-30,total_assets,Total assets,2727379000000.0,USD,us-gaap,Assets,10-Q,2020-08-03,CY2019Q2I,0000019617-20-000372,reported_instant_frame,real_public_sec_edgar,20192
JPM,JPMORGAN CHASE & CO,0000019617,2019Q2,2019-06-30,total_deposits,Total deposits,1524361000000.0,USD,us-gaap,Deposits,10-Q,2019-08-06,CY2019Q2I,0000019617-19-000127,reported_instant_frame,real_public_sec_edgar,20192
JPM,JPMORGAN CHASE & CO,0000019617,2019Q2,2019-06-30,total_equity,Total equity,263215000000.0,USD,us-gaap,StockholdersEquity,10-Q,2020-08-03,CY2019Q2I,0000019617-20-000372,reported_instant_frame,real_public_sec_edgar,20192
JPM,JPMORGAN CHASE & CO,0000019617,2019Q2,2019-06-30,total_loans,Total loans,947728000000.0,USD,us-gaap,LoansAndLeasesReceivableNetOfDeferredIncome,10-Q,2019-08-06,CY2019Q2I,0000019617-19-000127,reported_instant_frame,real_public_sec_edgar,20192
JPM,JPMORGAN CHASE & CO,0000019617,2019Q3,2019-09-30,interest_expense,Interest expense,6893000000.0,USD,us-gaap,InterestExpense,10-Q,2020-11-02,CY2019Q3,0000019617-20-000438,reported_quarterly_frame,real_public_sec_edgar,20193
JPM,JPMORGAN CHASE & CO,0000019617,2019Q3,2019-09-30,interest_expense_deposits,Interest expense on deposits,2409000000.0,USD,us-gaap,InterestExpenseDeposits,10-Q,2020-11-02,CY2019Q3,0000019617-20-000438,reported_quarterly_frame,real_public_sec_edgar,20193
JPM,JPMORGAN CHASE & CO,0000019617,2019Q3,2019-09-30,interest_income,Interest income,21121000000.0,USD,us-gaap,InterestIncomeOperating,10-Q,2020-11-02,CY2019Q3,0000019617-20-000438,reported_quarterly_frame,real_public_sec_edgar,20193
JPM,JPMORGAN CHASE & CO,0000019617,2019Q3,2019-09-30,net_income,Net income,9080000000.0,USD,us-gaap,NetIncomeLoss,10-Q,2020-11-02,CY2019Q3,0000019617-20-000438,reported_quarterly_frame,real_public_sec_edgar,20193
JPM,JPMORGAN CHASE & CO,0000019617,2019Q3,2019-09-30,noninterest_expense,Noninterest expense,16372000000.0,USD,us-gaap,NoninterestExpense,10-Q,2020-11-02,CY2019Q3,0000019617-20-000438,reported_quarterly_frame,real_public_sec_edgar,20193
JPM,JPMORGAN CHASE & CO,0000019617,2019Q3,2019-09-30,noninterest_income,Noninterest income,15063000000.0,USD,us-gaap,NoninterestIncome,10-Q,2020-11-02,CY2019Q3,0000019617-20-000438,reported_quarterly_frame,real_public_sec_edgar,20193
JPM,JPMORGAN CHASE & CO,0000019617,2019Q3,2019-09-30,total_assets,Total assets,2764661000000.0,USD,us-gaap,Assets,10-Q,2020-11-02,CY2019Q3I,0000019617-20-000438,reported_instant_frame,real_public_sec_edgar,20193
JPM,JPMORGAN CHASE & CO,0000019617,2019Q3,2019-09-30,total_deposits,Total deposits,1525261000000.0,USD,us-gaap,Deposits,10-Q,2019-11-04,CY2019Q3I,0000019617-19-000232,reported_instant_frame,real_public_sec_edgar,20193
JPM,JPMORGAN CHASE & CO,0000019617,2019Q3,2019-09-30,total_equity,Total equity,264348000000.0,USD,us-gaap,StockholdersEquity,10-Q,2020-11-02,CY2019Q3I,0000019617-20-000438,reported_instant_frame,real_public_sec_edgar,20193
JPM,JPMORGAN CHASE & CO,0000019617,2019Q3,2019-09-30,total_loans,Total loans,928887000000.0,USD,us-gaap,LoansAndLeasesReceivableNetOfDeferredIncome,10-Q,2019-11-04,CY2019Q3I,0000019617-19-000232,reported_instant_frame,real_public_sec_edgar,20193
JPM,JPMORGAN CHASE & CO,0000019617,2019Q4,2019-12-31,interest_expense,Interest expense,5761000000.0,USD,us-gaap,InterestExpense,10-K-derived,2022-02-22,CY2019Q4_DERIVED,0000019617-22-000272,derived_q4_from_reported_fy_less_q1_q3,real_public_sec_edgar,20194
JPM,JPMORGAN CHASE & CO,0000019617,2019Q4,2019-12-31,interest_expense_deposits,Interest expense on deposits,1947000000.0,USD,us-gaap,InterestExpenseDeposits,10-K-derived,2022-02-22,CY2019Q4_DERIVED,0000019617-22-000272,derived_q4_from_reported_fy_less_q1_q3,real_public_sec_edgar,20194
JPM,JPMORGAN CHASE & CO,0000019617,2019Q4,2019-12-31,interest_income,Interest income,19927000000.0,USD,us-gaap,InterestIncomeOperating,10-K-derived,2022-02-22,CY2019Q4_DERIVED,0000019617-22-000272,derived_q4_from_reported_fy_less_q1_q3,real_public_sec_edgar,20194
JPM,JPMORGAN CHASE & CO,0000019617,2019Q4,2019-12-31,net_income,Net income,8520000000.0,USD,us-gaap,NetIncomeLoss,10-K-derived,2022-02-22,CY2019Q4_DERIVED,0000019617-22-000272,derived_q4_from_reported_fy_less_q1_q3,real_public_sec_edgar,20194
JPM,JPMORGAN CHASE & CO,0000019617,2019Q4,2019-12-31,noninterest_expense,Noninterest expense,16246000000.0,USD,us-gaap,NoninterestExpense,10-K-derived,2022-02-22,CY2019Q4_DERIVED,0000019617-22-000272,derived_q4_from_reported_fy_less_q1_q3,real_public_sec_edgar,20194
JPM,JPMORGAN CHASE & CO,0000019617,2019Q4,2019-12-31,noninterest_income,Noninterest income,14393000000.0,USD,us-gaap,NoninterestIncome,10-K-derived,2022-02-22,CY2019Q4_DERIVED,0000019617-22-000272,derived_q4_from_reported_fy_less_q1_q3,real_public_sec_edgar,20194
JPM,JPMORGAN CHASE & CO,0000019617,2019Q4,2019-12-31,total_assets,Total assets,2686477000000.0,USD,us-gaap,Assets,10-K,2022-02-22,CY2019Q4I,0000019617-22-000272,reported_instant_frame,real_public_sec_edgar,20194
JPM,JPMORGAN CHASE & CO,0000019617,2019Q4,2019-12-31,total_deposits,Total deposits,1562431000000.0,USD,us-gaap,Deposits,10-K,2021-02-23,CY2019Q4I,0000019617-21-000236,reported_instant_frame,real_public_sec_edgar,20194
JPM,JPMORGAN CHASE & CO,0000019617,2019Q4,2019-12-31,total_equity,Total equity,261330000000.0,USD,us-gaap,StockholdersEquity,10-K,2022-02-22,CY2019Q4I,0000019617-22-000272,reported_instant_frame,real_public_sec_edgar,20194
JPM,JPMORGAN CHASE & CO,0000019617,2019Q4,2019-12-31,total_loans,Total loans,945601000000.0,USD,us-gaap,LoansAndLeasesReceivableNetOfDeferredIncome,10-K,2020-02-25,CY2019Q4I,0000019617-20-000257,reported_instant_frame,real_public_sec_edgar,20194
JPM,JPMORGAN CHASE & CO,0000019617,2020Q1,2020-03-31,interest_expense,Interest expense,4722000000.0,USD,us-gaap,InterestExpense,10-Q,2021-05-04,CY2020Q1,0000019617-21-000292,reported_quarterly_frame,real_public_sec_edgar,20201
JPM,JPMORGAN CHASE & CO,0000019617,2020Q1,2020-03-31,interest_expense_deposits,Interest expense on deposits,1575000000.0,USD,us-gaap,InterestExpenseDeposits,10-Q,2021-05-04,CY2020Q1,0000019617-21-000292,reported_quarterly_frame,real_public_sec_edgar,20201
JPM,JPMORGAN CHASE & CO,0000019617,2020Q1,2020-03-31,interest_income,Interest income,19161000000.0,USD,us-gaap,InterestIncomeOperating,10-Q,2021-05-04,CY2020Q1,0000019617-21-000292,reported_quarterly_frame,real_public_sec_edgar,20201
JPM,JPMORGAN CHASE & CO,0000019617,2020Q1,2020-03-31,net_income,Net income,2865000000.0,USD,us-gaap,NetIncomeLoss,10-Q,2021-05-04,CY2020Q1,0000019617-21-000292,reported_quarterly_frame,real_public_sec_edgar,20201
JPM,JPMORGAN CHASE & CO,0000019617,2020Q1,2020-03-31,noninterest_expense,Noninterest expense,16791000000.0,USD,us-gaap,NoninterestExpense,10-Q,2021-05-04,CY2020Q1,0000019617-21-000292,reported_quarterly_frame,real_public_sec_edgar,20201
JPM,JPMORGAN CHASE & CO,0000019617,2020Q1,2020-03-31,noninterest_income,Noninterest income,13847000000.0,USD,us-gaap,NoninterestIncome,10-Q,2021-05-04,CY2020Q1,0000019617-21-000292,reported_quarterly_frame,real_public_sec_edgar,20201
JPM,JPMORGAN CHASE & CO,0000019617,2020Q1,2020-03-31,total_assets,Total assets,3138530000000.0,USD,us-gaap,Assets,10-Q,2021-05-04,CY2020Q1I,0000019617-21-000292,reported_instant_frame,real_public_sec_edgar,20201
JPM,JPMORGAN CHASE & CO,0000019617,2020Q1,2020-03-31,total_deposits,Total deposits,1836009000000.0,USD,us-gaap,Deposits,10-Q,2020-05-07,CY2020Q1I,0000019617-20-000299,reported_instant_frame,real_public_sec_edgar,20201
JPM,JPMORGAN CHASE & CO,0000019617,2020Q1,2020-03-31,total_equity,Total equity,261262000000.0,USD,us-gaap,StockholdersEquity,10-Q,2021-05-04,CY2020Q1I,0000019617-21-000292,reported_instant_frame,real_public_sec_edgar,20201
JPM,JPMORGAN CHASE & CO,0000019617,2020Q2,2020-06-30,interest_expense,Interest expense,2259000000.0,USD,us-gaap,InterestExpense,10-Q,2021-08-02,CY2020Q2,0000019617-21-000373,reported_quarterly_frame,real_public_sec_edgar,20202
JPM,JPMORGAN CHASE & CO,0000019617,2020Q2,2020-06-30,interest_expense_deposits,Interest expense on deposits,349000000.0,USD,us-gaap,InterestExpenseDeposits,10-Q,2021-08-02,CY2020Q2,0000019617-21-000373,reported_quarterly_frame,real_public_sec_edgar,20202
JPM,JPMORGAN CHASE & CO,0000019617,2020Q2,2020-06-30,interest_income,Interest income,16112000000.0,USD,us-gaap,InterestIncomeOperating,10-Q,2021-08-02,CY2020Q2,0000019617-21-000373,reported_quarterly_frame,real_public_sec_edgar,20202
JPM,JPMORGAN CHASE & CO,0000019617,2020Q2,2020-06-30,net_income,Net income,4687000000.0,USD,us-gaap,NetIncomeLoss,10-Q,2021-08-02,CY2020Q2,0000019617-21-000373,reported_quarterly_frame,real_public_sec_edgar,20202
JPM,JPMORGAN CHASE & CO,0000019617,2020Q2,2020-06-30,noninterest_expense,Noninterest expense,16942000000.0,USD,us-gaap,NoninterestExpense,10-Q,2021-08-02,CY2020Q2,0000019617-21-000373,reported_quarterly_frame,real_public_sec_edgar,20202
JPM,JPMORGAN CHASE & CO,0000019617,2020Q2,2020-06-30,noninterest_income,Noninterest income,19222000000.0,USD,us-gaap,NoninterestIncome,10-Q,2021-08-02,CY2020Q2,0000019617-21-000373,reported_quarterly_frame,real_public_sec_edgar,20202
JPM,JPMORGAN CHASE & CO,0000019617,2020Q2,2020-06-30,total_assets,Total assets,3212643000000.0,USD,us-gaap,Assets,10-Q,2021-08-02,CY2020Q2I,0000019617-21-000373,reported_instant_frame,real_public_sec_edgar,20202
JPM,JPMORGAN CHASE & CO,0000019617,2020Q2,2020-06-30,total_deposits,Total deposits,1931029000000.0,USD,us-gaap,Deposits,10-Q,2020-08-03,CY2020Q2I,0000019617-20-000372,reported_instant_frame,real_public_sec_edgar,20202
JPM,JPMORGAN CHASE & CO,0000019617,2020Q2,2020-06-30,total_equity,Total equity,264466000000.0,USD,us-gaap,StockholdersEquity,10-Q,2021-08-02,CY2020Q2I,0000019617-21-000373,reported_instant_frame,real_public_sec_edgar,20202
JPM,JPMORGAN CHASE & CO,0000019617,2020Q3,2020-09-30,interest_expense,Interest expense,1687000000.0,USD,us-gaap,InterestExpense,10-Q,2021-11-02,CY2020Q3,0000019617-21-000458,reported_quarterly_frame,real_public_sec_edgar,20203
JPM,JPMORGAN CHASE & CO,0000019617,2020Q3,2020-09-30,interest_expense_deposits,Interest expense on deposits,245000000.0,USD,us-gaap,InterestExpenseDeposits,10-Q,2021-11-02,CY2020Q3,0000019617-21-000458,reported_quarterly_frame,real_public_sec_edgar,20203
JPM,JPMORGAN CHASE & CO,0000019617,2020Q3,2020-09-30,interest_income,Interest income,14700000000.0,USD,us-gaap,InterestIncomeOperating,10-Q,2021-11-02,CY2020Q3,0000019617-21-000458,reported_quarterly_frame,real_public_sec_edgar,20203
JPM,JPMORGAN CHASE & CO,0000019617,2020Q3,2020-09-30,net_income,Net income,9443000000.0,USD,us-gaap,NetIncomeLoss,10-Q,2021-11-02,CY2020Q3,0000019617-21-000458,reported_quarterly_frame,real_public_sec_edgar,20203
JPM,JPMORGAN CHASE & CO,0000019617,2020Q3,2020-09-30,noninterest_expense,Noninterest expense,16875000000.0,USD,us-gaap,NoninterestExpense,10-Q,2021-11-02,CY2020Q3,0000019617-21-000458,reported_quarterly_frame,real_public_sec_edgar,20203
JPM,JPMORGAN CHASE & CO,0000019617,2020Q3,2020-09-30,noninterest_income,Noninterest income,16242000000.0,USD,us-gaap,NoninterestIncome,10-Q,2021-11-02,CY2020Q3,0000019617-21-000458,reported_quarterly_frame,real_public_sec_edgar,20203
JPM,JPMORGAN CHASE & CO,0000019617,2020Q3,2020-09-30,total_assets,Total assets,3245061000000.0,USD,us-gaap,Assets,10-Q,2021-11-02,CY2020Q3I,0000019617-21-000458,reported_instant_frame,real_public_sec_edgar,20203
JPM,JPMORGAN CHASE & CO,0000019617,2020Q3,2020-09-30,total_deposits,Total deposits,2001416000000.0,USD,us-gaap,Deposits,10-Q,2020-11-02,CY2020Q3I,0000019617-20-000438,reported_instant_frame,real_public_sec_edgar,20203
JPM,JPMORGAN CHASE & CO,0000019617,2020Q3,2020-09-30,total_equity,Total equity,271113000000.0,USD,us-gaap,StockholdersEquity,10-Q,2021-11-02,CY2020Q3I,0000019617-21-000458,reported_instant_frame,real_public_sec_edgar,20203
JPM,JPMORGAN CHASE & CO,0000019617,2020Q3,2020-09-30,total_loans,Total loans,945537000000.0,USD,us-gaap,FinancingReceivableExcludingAccruedInterestBeforeAllowanceForCreditLoss,10-Q,2021-11-02,CY2020Q3I,0000019617-21-000458,reported_instant_frame,real_public_sec_edgar,20203
JPM,JPMORGAN CHASE & CO,0000019617,2020Q4,2020-12-31,interest_expense,Interest expense,1292000000.0,USD,us-gaap,InterestExpense,10-K-derived,2023-02-21,CY2020Q4_DERIVED,0000019617-23-000231,derived_q4_from_reported_fy_less_q1_q3,real_public_sec_edgar,20204
JPM,JPMORGAN CHASE & CO,0000019617,2020Q4,2020-12-31,interest_expense_deposits,Interest expense on deposits,188000000.0,USD,us-gaap,InterestExpenseDeposits,10-K-derived,2023-02-21,CY2020Q4_DERIVED,0000019617-23-000231,derived_q4_from_reported_fy_less_q1_q3,real_public_sec_edgar,20204
JPM,JPMORGAN CHASE & CO,0000019617,2020Q4,2020-12-31,interest_income,Interest income,14550000000.0,USD,us-gaap,InterestIncomeOperating,10-K-derived,2023-02-21,CY2020Q4_DERIVED,0000019617-23-000231,derived_q4_from_reported_fy_less_q1_q3,real_public_sec_edgar,20204
JPM,JPMORGAN CHASE & CO,0000019617,2020Q4,2020-12-31,net_income,Net income,12136000000.0,USD,us-gaap,NetIncomeLoss,10-K-derived,2023-02-21,CY2020Q4_DERIVED,0000019617-23-000231,derived_q4_from_reported_fy_less_q1_q3,real_public_sec_edgar,20204
JPM,JPMORGAN CHASE & CO,0000019617,2020Q4,2020-12-31,noninterest_expense,Noninterest expense,16048000000.0,USD,us-gaap,NoninterestExpense,10-K-derived,2023-02-21,CY2020Q4_DERIVED,0000019617-23-000231,derived_q4_from_reported_fy_less_q1_q3,real_public_sec_edgar,20204
JPM,JPMORGAN CHASE & CO,0000019617,2020Q4,2020-12-31,noninterest_income,Noninterest income,16077000000.0,USD,us-gaap,NoninterestIncome,10-K-derived,2023-02-21,CY2020Q4_DERIVED,0000019617-23-000231,derived_q4_from_reported_fy_less_q1_q3,real_public_sec_edgar,20204
JPM,JPMORGAN CHASE & CO,0000019617,2020Q4,2020-12-31,total_assets,Total assets,3384757000000.0,USD,us-gaap,Assets,10-K,2023-02-21,CY2020Q4I,0000019617-23-000231,reported_instant_frame,real_public_sec_edgar,20204
JPM,JPMORGAN CHASE & CO,0000019617,2020Q4,2020-12-31,total_deposits,Total deposits,2144257000000.0,USD,us-gaap,Deposits,10-K,2022-02-22,CY2020Q4I,0000019617-22-000272,reported_instant_frame,real_public_sec_edgar,20204
JPM,JPMORGAN CHASE & CO,0000019617,2020Q4,2020-12-31,total_equity,Total equity,279354000000.0,USD,us-gaap,StockholdersEquity,10-K,2023-02-21,CY2020Q4I,0000019617-23-000231,reported_instant_frame,real_public_sec_edgar,20204
JPM,JPMORGAN CHASE & CO,0000019617,2020Q4,2020-12-31,total_loans,Total loans,984525000000.0,USD,us-gaap,FinancingReceivableExcludingAccruedInterestAfterAllowanceForCreditLoss,10-K,2022-02-22,CY2020Q4I,0000019617-22-000272,reported_instant_frame,real_public_sec_edgar,20204
JPM,JPMORGAN CHASE & CO,0000019617,2021Q1,2021-03-31,interest_expense,Interest expense,1382000000.0,USD,us-gaap,InterestExpense,10-Q,2022-05-03,CY2021Q1,0000019617-22-000319,reported_quarterly_frame,real_public_sec_edgar,20211
JPM,JPMORGAN CHASE & CO,0000019617,2021Q1,2021-03-31,interest_expense_deposits,Interest expense on deposits,146000000.0,USD,us-gaap,InterestExpenseDeposits,10-Q,2022-05-03,CY2021Q1,0000019617-22-000319,reported_quarterly_frame,real_public_sec_edgar,20211
JPM,JPMORGAN CHASE & CO,0000019617,2021Q1,2021-03-31,interest_income,Interest income,14271000000.0,USD,us-gaap,InterestIncomeOperating,10-Q,2022-05-03,CY2021Q1,0000019617-22-000319,reported_quarterly_frame,real_public_sec_edgar,20211
JPM,JPMORGAN CHASE & CO,0000019617,2021Q1,2021-03-31,net_income,Net income,14300000000.0,USD,us-gaap,NetIncomeLoss,10-Q,2022-05-03,CY2021Q1,0000019617-22-000319,reported_quarterly_frame,real_public_sec_edgar,20211
JPM,JPMORGAN CHASE & CO,0000019617,2021Q1,2021-03-31,noninterest_expense,Noninterest expense,18725000000.0,USD,us-gaap,NoninterestExpense,10-Q,2022-05-03,CY2021Q1,0000019617-22-000319,reported_quarterly_frame,real_public_sec_edgar,20211
JPM,JPMORGAN CHASE & CO,0000019617,2021Q1,2021-03-31,noninterest_income,Noninterest income,19377000000.0,USD,us-gaap,NoninterestIncome,10-Q,2022-05-03,CY2021Q1,0000019617-22-000319,reported_quarterly_frame,real_public_sec_edgar,20211
JPM,JPMORGAN CHASE & CO,0000019617,2021Q1,2021-03-31,total_assets,Total assets,3689336000000.0,USD,us-gaap,Assets,10-Q,2022-05-03,CY2021Q1I,0000019617-22-000319,reported_instant_frame,real_public_sec_edgar,20211
JPM,JPMORGAN CHASE & CO,0000019617,2021Q1,2021-03-31,total_deposits,Total deposits,2278112000000.0,USD,us-gaap,Deposits,10-Q,2021-05-04,CY2021Q1I,0000019617-21-000292,reported_instant_frame,real_public_sec_edgar,20211
JPM,JPMORGAN CHASE & CO,0000019617,2021Q1,2021-03-31,total_equity,Total equity,280714000000.0,USD,us-gaap,StockholdersEquity,10-Q,2022-05-03,CY2021Q1I,0000019617-22-000319,reported_instant_frame,real_public_sec_edgar,20211
JPM,JPMORGAN CHASE & CO,0000019617,2021Q1,2021-03-31,total_loans,Total loans,948642000000.0,USD,us-gaap,FinancingReceivableExcludingAccruedInterestBeforeAllowanceForCreditLoss,10-Q,2022-05-03,CY2021Q1I,0000019617-22-000319,reported_instant_frame,real_public_sec_edgar,20211
JPM,JPMORGAN CHASE & CO,0000019617,2021Q2,2021-06-30,interest_expense,Interest expense,1353000000.0,USD,us-gaap,InterestExpense,10-Q,2022-08-03,CY2021Q2,0000019617-22-000422,reported_quarterly_frame,real_public_sec_edgar,20212
JPM,JPMORGAN CHASE & CO,0000019617,2021Q2,2021-06-30,interest_expense_deposits,Interest expense on deposits,132000000.0,USD,us-gaap,InterestExpenseDeposits,10-Q,2022-08-03,CY2021Q2,0000019617-22-000422,reported_quarterly_frame,real_public_sec_edgar,20212
JPM,JPMORGAN CHASE & CO,0000019617,2021Q2,2021-06-30,interest_income,Interest income,14094000000.0,USD,us-gaap,InterestIncomeOperating,10-Q,2022-08-03,CY2021Q2,0000019617-22-000422,reported_quarterly_frame,real_public_sec_edgar,20212
JPM,JPMORGAN CHASE & CO,0000019617,2021Q2,2021-06-30,net_income,Net income,11948000000.0,USD,us-gaap,NetIncomeLoss,10-Q,2022-08-03,CY2021Q2,0000019617-22-000422,reported_quarterly_frame,real_public_sec_edgar,20212
JPM,JPMORGAN CHASE & CO,0000019617,2021Q2,2021-06-30,noninterest_expense,Noninterest expense,17667000000.0,USD,us-gaap,NoninterestExpense,10-Q,2022-08-03,CY2021Q2,0000019617-22-000422,reported_quarterly_frame,real_public_sec_edgar,20212
JPM,JPMORGAN CHASE & CO,0000019617,2021Q2,2021-06-30,noninterest_income,Noninterest income,17738000000.0,USD,us-gaap,NoninterestIncome,10-Q,2022-08-03,CY2021Q2,0000019617-22-000422,reported_quarterly_frame,real_public_sec_edgar,20212
JPM,JPMORGAN CHASE & CO,0000019617,2021Q2,2021-06-30,total_assets,Total assets,3684256000000.0,USD,us-gaap,Assets,10-Q,2022-08-03,CY2021Q2I,0000019617-22-000422,reported_instant_frame,real_public_sec_edgar,20212
JPM,JPMORGAN CHASE & CO,0000019617,2021Q2,2021-06-30,total_deposits,Total deposits,2305217000000.0,USD,us-gaap,Deposits,10-Q,2021-08-02,CY2021Q2I,0000019617-21-000373,reported_instant_frame,real_public_sec_edgar,20212
JPM,JPMORGAN CHASE & CO,0000019617,2021Q2,2021-06-30,total_equity,Total equity,286386000000.0,USD,us-gaap,StockholdersEquity,10-Q,2022-08-03,CY2021Q2I,0000019617-22-000422,reported_instant_frame,real_public_sec_edgar,20212
JPM,JPMORGAN CHASE & CO,0000019617,2021Q2,2021-06-30,total_loans,Total loans,963665000000.0,USD,us-gaap,FinancingReceivableExcludingAccruedInterestBeforeAllowanceForCreditLoss,10-Q,2022-08-03,CY2021Q2I,0000019617-22-000422,reported_instant_frame,real_public_sec_edgar,20212
JPM,JPMORGAN CHASE & CO,0000019617,2021Q3,2021-09-30,interest_expense,Interest expense,1400000000.0,USD,us-gaap,InterestExpense,10-Q,2022-11-03,CY2021Q3,0000019617-22-000492,reported_quarterly_frame,real_public_sec_edgar,20213
JPM,JPMORGAN CHASE & CO,0000019617,2021Q3,2021-09-30,interest_expense_deposits,Interest expense on deposits,126000000.0,USD,us-gaap,InterestExpenseDeposits,10-Q,2022-11-03,CY2021Q3,0000019617-22-000492,reported_quarterly_frame,real_public_sec_edgar,20213
JPM,JPMORGAN CHASE & CO,0000019617,2021Q3,2021-09-30,interest_income,Interest income,14480000000.0,USD,us-gaap,InterestIncomeOperating,10-Q,2022-11-03,CY2021Q3,0000019617-22-000492,reported_quarterly_frame,real_public_sec_edgar,20213
JPM,JPMORGAN CHASE & CO,0000019617,2021Q3,2021-09-30,net_income,Net income,11687000000.0,USD,us-gaap,NetIncomeLoss,10-Q,2022-11-03,CY2021Q3,0000019617-22-000492,reported_quarterly_frame,real_public_sec_edgar,20213
JPM,JPMORGAN CHASE & CO,0000019617,2021Q3,2021-09-30,noninterest_expense,Noninterest expense,17063000000.0,USD,us-gaap,NoninterestExpense,10-Q,2022-11-03,CY2021Q3,0000019617-22-000492,reported_quarterly_frame,real_public_sec_edgar,20213
JPM,JPMORGAN CHASE & CO,0000019617,2021Q3,2021-09-30,noninterest_income,Noninterest income,16567000000.0,USD,us-gaap,NoninterestIncome,10-Q,2022-11-03,CY2021Q3,0000019617-22-000492,reported_quarterly_frame,real_public_sec_edgar,20213
JPM,JPMORGAN CHASE & CO,0000019617,2021Q3,2021-09-30,total_assets,Total assets,3757576000000.0,USD,us-gaap,Assets,10-Q,2022-11-03,CY2021Q3I,0000019617-22-000492,reported_instant_frame,real_public_sec_edgar,20213
JPM,JPMORGAN CHASE & CO,0000019617,2021Q3,2021-09-30,total_deposits,Total deposits,2402353000000.0,USD,us-gaap,Deposits,10-Q,2021-11-02,CY2021Q3I,0000019617-21-000458,reported_instant_frame,real_public_sec_edgar,20213
JPM,JPMORGAN CHASE & CO,0000019617,2021Q3,2021-09-30,total_equity,Total equity,290041000000.0,USD,us-gaap,StockholdersEquity,10-Q,2022-11-03,CY2021Q3I,0000019617-22-000492,reported_instant_frame,real_public_sec_edgar,20213
JPM,JPMORGAN CHASE & CO,0000019617,2021Q3,2021-09-30,total_loans,Total loans,1026465000000.0,USD,us-gaap,FinancingReceivableExcludingAccruedInterestAfterAllowanceForCreditLoss,10-Q,2021-11-02,CY2021Q3I,0000019617-21-000458,reported_instant_frame,real_public_sec_edgar,20213
JPM,JPMORGAN CHASE & CO,0000019617,2021Q4,2021-12-31,interest_expense,Interest expense,1418000000.0,USD,us-gaap,InterestExpense,10-K-derived,2024-02-16,CY2021Q4_DERIVED,0000019617-24-000225,derived_q4_from_reported_fy_less_q1_q3,real_public_sec_edgar,20214
JPM,JPMORGAN CHASE & CO,0000019617,2021Q4,2021-12-31,interest_expense_deposits,Interest expense on deposits,127000000.0,USD,us-gaap,InterestExpenseDeposits,10-K-derived,2024-02-16,CY2021Q4_DERIVED,0000019617-24-000225,derived_q4_from_reported_fy_less_q1_q3,real_public_sec_edgar,20214
JPM,JPMORGAN CHASE & CO,0000019617,2021Q4,2021-12-31,interest_income,Interest income,15019000000.0,USD,us-gaap,InterestIncomeOperating,10-K-derived,2024-02-16,CY2021Q4_DERIVED,0000019617-24-000225,derived_q4_from_reported_fy_less_q1_q3,real_public_sec_edgar,20214
JPM,JPMORGAN CHASE & CO,0000019617,2021Q4,2021-12-31,noninterest_expense,Noninterest expense,17888000000.0,USD,us-gaap,NoninterestExpense,10-K-derived,2024-02-16,CY2021Q4_DERIVED,0000019617-24-000225,derived_q4_from_reported_fy_less_q1_q3,real_public_sec_edgar,20214
JPM,JPMORGAN CHASE & CO,0000019617,2021Q4,2021-12-31,noninterest_income,Noninterest income,15656000000.0,USD,us-gaap,NoninterestIncome,10-K-derived,2024-02-16,CY2021Q4_DERIVED,0000019617-24-000225,derived_q4_from_reported_fy_less_q1_q3,real_public_sec_edgar,20214
JPM,JPMORGAN CHASE & CO,0000019617,2021Q4,2021-12-31,total_assets,Total assets,3743567000000.0,USD,us-gaap,Assets,10-K,2024-02-16,CY2021Q4I,0000019617-24-000225,reported_instant_frame,real_public_sec_edgar,20214
JPM,JPMORGAN CHASE & CO,0000019617,2021Q4,2021-12-31,total_deposits,Total deposits,2462303000000.0,USD,us-gaap,Deposits,10-K,2023-02-21,CY2021Q4I,0000019617-23-000231,reported_instant_frame,real_public_sec_edgar,20214
JPM,JPMORGAN CHASE & CO,0000019617,2021Q4,2021-12-31,total_equity,Total equity,294127000000.0,USD,us-gaap,StockholdersEquity,10-K,2024-02-16,CY2021Q4I,0000019617-24-000225,reported_instant_frame,real_public_sec_edgar,20214
JPM,JPMORGAN CHASE & CO,0000019617,2021Q4,2021-12-31,total_loans,Total loans,1061328000000.0,USD,us-gaap,FinancingReceivableExcludingAccruedInterestAfterAllowanceForCreditLoss,10-K,2023-02-21,CY2021Q4I,0000019617-23-000231,reported_instant_frame,real_public_sec_edgar,20214
JPM,JPMORGAN CHASE & CO,0000019617,2022Q1,2022-03-31,interest_expense,Interest expense,1624000000.0,USD,us-gaap,InterestExpense,10-Q,2023-05-03,CY2022Q1,0000019617-23-000310,reported_quarterly_frame,real_public_sec_edgar,20221
JPM,JPMORGAN CHASE & CO,0000019617,2022Q1,2022-03-31,interest_expense_deposits,Interest expense on deposits,182000000.0,USD,us-gaap,InterestExpenseDeposits,10-Q,2023-05-03,CY2022Q1,0000019617-23-000310,reported_quarterly_frame,real_public_sec_edgar,20221
JPM,JPMORGAN CHASE & CO,0000019617,2022Q1,2022-03-31,interest_income,Interest income,15496000000.0,USD,us-gaap,InterestIncomeOperating,10-Q,2023-05-03,CY2022Q1,0000019617-23-000310,reported_quarterly_frame,real_public_sec_edgar,20221
JPM,JPMORGAN CHASE & CO,0000019617,2022Q1,2022-03-31,net_income,Net income,8282000000.0,USD,us-gaap,NetIncomeLoss,10-Q,2023-05-03,CY2022Q1,0000019617-23-000310,reported_quarterly_frame,real_public_sec_edgar,20221
JPM,JPMORGAN CHASE & CO,0000019617,2022Q1,2022-03-31,noninterest_expense,Noninterest expense,19191000000.0,USD,us-gaap,NoninterestExpense,10-Q,2023-05-03,CY2022Q1,0000019617-23-000310,reported_quarterly_frame,real_public_sec_edgar,20221
JPM,JPMORGAN CHASE & CO,0000019617,2022Q1,2022-03-31,noninterest_income,Noninterest income,16845000000.0,USD,us-gaap,NoninterestIncome,10-Q,2023-05-03,CY2022Q1,0000019617-23-000310,reported_quarterly_frame,real_public_sec_edgar,20221
JPM,JPMORGAN CHASE & CO,0000019617,2022Q1,2022-03-31,total_assets,Total assets,3954687000000.0,USD,us-gaap,Assets,10-Q,2023-05-03,CY2022Q1I,0000019617-23-000310,reported_instant_frame,real_public_sec_edgar,20221
JPM,JPMORGAN CHASE & CO,0000019617,2022Q1,2022-03-31,total_deposits,Total deposits,2561207000000.0,USD,us-gaap,Deposits,10-Q,2022-05-03,CY2022Q1I,0000019617-22-000319,reported_instant_frame,real_public_sec_edgar,20221
JPM,JPMORGAN CHASE & CO,0000019617,2022Q1,2022-03-31,total_equity,Total equity,285899000000.0,USD,us-gaap,StockholdersEquity,10-Q,2023-05-03,CY2022Q1I,0000019617-23-000310,reported_instant_frame,real_public_sec_edgar,20221
JPM,JPMORGAN CHASE & CO,0000019617,2022Q1,2022-03-31,total_loans,Total loans,1056093000000.0,USD,us-gaap,FinancingReceivableExcludingAccruedInterestAfterAllowanceForCreditLoss,10-Q,2022-05-03,CY2022Q1I,0000019617-22-000319,reported_instant_frame,real_public_sec_edgar,20221
JPM,JPMORGAN CHASE & CO,0000019617,2022Q2,2022-06-30,interest_expense,Interest expense,3518000000.0,USD,us-gaap,InterestExpense,10-Q,2023-08-03,CY2022Q2,0000019617-23-000432,reported_quarterly_frame,real_public_sec_edgar,20222
JPM,JPMORGAN CHASE & CO,0000019617,2022Q2,2022-06-30,interest_expense_deposits,Interest expense on deposits,898000000.0,USD,us-gaap,InterestExpenseDeposits,10-Q,2023-08-03,CY2022Q2,0000019617-23-000432,reported_quarterly_frame,real_public_sec_edgar,20222
JPM,JPMORGAN CHASE & CO,0000019617,2022Q2,2022-06-30,interest_income,Interest income,18646000000.0,USD,us-gaap,InterestIncomeOperating,10-Q,2023-08-03,CY2022Q2,0000019617-23-000432,reported_quarterly_frame,real_public_sec_edgar,20222
JPM,JPMORGAN CHASE & CO,0000019617,2022Q2,2022-06-30,net_income,Net income,8649000000.0,USD,us-gaap,NetIncomeLoss,10-Q,2023-08-03,CY2022Q2,0000019617-23-000432,reported_quarterly_frame,real_public_sec_edgar,20222
JPM,JPMORGAN CHASE & CO,0000019617,2022Q2,2022-06-30,noninterest_expense,Noninterest expense,18749000000.0,USD,us-gaap,NoninterestExpense,10-Q,2023-08-03,CY2022Q2,0000019617-23-000432,reported_quarterly_frame,real_public_sec_edgar,20222
JPM,JPMORGAN CHASE & CO,0000019617,2022Q2,2022-06-30,noninterest_income,Noninterest income,15587000000.0,USD,us-gaap,NoninterestIncome,10-Q,2023-08-03,CY2022Q2,0000019617-23-000432,reported_quarterly_frame,real_public_sec_edgar,20222
JPM,JPMORGAN CHASE & CO,0000019617,2022Q2,2022-06-30,total_assets,Total assets,3841314000000.0,USD,us-gaap,Assets,10-Q,2023-08-03,CY2022Q2I,0000019617-23-000432,reported_instant_frame,real_public_sec_edgar,20222
JPM,JPMORGAN CHASE & CO,0000019617,2022Q2,2022-06-30,total_deposits,Total deposits,2471544000000.0,USD,us-gaap,Deposits,10-Q,2022-08-03,CY2022Q2I,0000019617-22-000422,reported_instant_frame,real_public_sec_edgar,20222
JPM,JPMORGAN CHASE & CO,0000019617,2022Q2,2022-06-30,total_equity,Total equity,286143000000.0,USD,us-gaap,StockholdersEquity,10-Q,2023-08-03,CY2022Q2I,0000019617-23-000432,reported_instant_frame,real_public_sec_edgar,20222
JPM,JPMORGAN CHASE & CO,0000019617,2022Q2,2022-06-30,total_loans,Total loans,1086405000000.0,USD,us-gaap,FinancingReceivableExcludingAccruedInterestAfterAllowanceForCreditLoss,10-Q,2022-08-03,CY2022Q2I,0000019617-22-000422,reported_instant_frame,real_public_sec_edgar,20222
JPM,JPMORGAN CHASE & CO,0000019617,2022Q3,2022-09-30,interest_expense,Interest expense,8093000000.0,USD,us-gaap,InterestExpense,10-Q,2023-11-01,CY2022Q3,0000019617-23-000524,reported_quarterly_frame,real_public_sec_edgar,20223
JPM,JPMORGAN CHASE & CO,0000019617,2022Q3,2022-09-30,interest_expense_deposits,Interest expense on deposits,3159000000.0,USD,us-gaap,InterestExpenseDeposits,10-Q,2023-11-01,CY2022Q3,0000019617-23-000524,reported_quarterly_frame,real_public_sec_edgar,20223
JPM,JPMORGAN CHASE & CO,0000019617,2022Q3,2022-09-30,interest_income,Interest income,25611000000.0,USD,us-gaap,InterestIncomeOperating,10-Q,2023-11-01,CY2022Q3,0000019617-23-000524,reported_quarterly_frame,real_public_sec_edgar,20223
JPM,JPMORGAN CHASE & CO,0000019617,2022Q3,2022-09-30,net_income,Net income,9737000000.0,USD,us-gaap,NetIncomeLoss,10-Q,2023-11-01,CY2022Q3,0000019617-23-000524,reported_quarterly_frame,real_public_sec_edgar,20223
JPM,JPMORGAN CHASE & CO,0000019617,2022Q3,2022-09-30,noninterest_expense,Noninterest expense,19178000000.0,USD,us-gaap,NoninterestExpense,10-Q,2023-11-01,CY2022Q3,0000019617-23-000524,reported_quarterly_frame,real_public_sec_edgar,20223
JPM,JPMORGAN CHASE & CO,0000019617,2022Q3,2022-09-30,noninterest_income,Noninterest income,15198000000.0,USD,us-gaap,NoninterestIncome,10-Q,2023-11-01,CY2022Q3,0000019617-23-000524,reported_quarterly_frame,real_public_sec_edgar,20223
JPM,JPMORGAN CHASE & CO,0000019617,2022Q3,2022-09-30,total_assets,Total assets,3773884000000.0,USD,us-gaap,Assets,10-Q,2023-11-01,CY2022Q3I,0000019617-23-000524,reported_instant_frame,real_public_sec_edgar,20223
JPM,JPMORGAN CHASE & CO,0000019617,2022Q3,2022-09-30,total_deposits,Total deposits,2408615000000.0,USD,us-gaap,Deposits,10-Q,2022-11-03,CY2022Q3I,0000019617-22-000492,reported_instant_frame,real_public_sec_edgar,20223
JPM,JPMORGAN CHASE & CO,0000019617,2022Q3,2022-09-30,total_equity,Total equity,288018000000.0,USD,us-gaap,StockholdersEquity,10-Q,2023-11-01,CY2022Q3I,0000019617-23-000524,reported_instant_frame,real_public_sec_edgar,20223
JPM,JPMORGAN CHASE & CO,0000019617,2022Q3,2022-09-30,total_loans,Total loans,1094448000000.0,USD,us-gaap,FinancingReceivableExcludingAccruedInterestAfterAllowanceForCreditLoss,10-Q,2022-11-03,CY2022Q3I,0000019617-22-000492,reported_instant_frame,real_public_sec_edgar,20223
JPM,JPMORGAN CHASE & CO,0000019617,2022Q4,2022-12-31,interest_expense,Interest expense,12862000000.0,USD,us-gaap,InterestExpense,10-K-derived,2024-02-16,CY2022Q4_DERIVED,0000019617-24-000225,derived_q4_from_reported_fy_less_q1_q3,real_public_sec_edgar,20224
JPM,JPMORGAN CHASE & CO,0000019617,2022Q4,2022-12-31,interest_expense_deposits,Interest expense on deposits,5843000000.0,USD,us-gaap,InterestExpenseDeposits,10-K-derived,2025-02-14,CY2022Q4_DERIVED,0000019617-25-000270,derived_q4_from_reported_fy_less_q1_q3,real_public_sec_edgar,20224
JPM,JPMORGAN CHASE & CO,0000019617,2022Q4,2022-12-31,interest_income,Interest income,33054000000.0,USD,us-gaap,InterestIncomeOperating,10-K-derived,2025-02-14,CY2022Q4_DERIVED,0000019617-25-000270,derived_q4_from_reported_fy_less_q1_q3,real_public_sec_edgar,20224
JPM,JPMORGAN CHASE & CO,0000019617,2022Q4,2022-12-31,noninterest_expense,Noninterest expense,19022000000.0,USD,us-gaap,NoninterestExpense,10-K-derived,2025-02-14,CY2022Q4_DERIVED,0000019617-25-000270,derived_q4_from_reported_fy_less_q1_q3,real_public_sec_edgar,20224
JPM,JPMORGAN CHASE & CO,0000019617,2022Q4,2022-12-31,noninterest_income,Noninterest income,14355000000.0,USD,us-gaap,NoninterestIncome,10-K-derived,2025-02-14,CY2022Q4_DERIVED,0000019617-25-000270,derived_q4_from_reported_fy_less_q1_q3,real_public_sec_edgar,20224
JPM,JPMORGAN CHASE & CO,0000019617,2022Q4,2022-12-31,total_assets,Total assets,3665743000000.0,USD,us-gaap,Assets,10-K,2025-02-14,CY2022Q4I,0000019617-25-000270,reported_instant_frame,real_public_sec_edgar,20224
JPM,JPMORGAN CHASE & CO,0000019617,2022Q4,2022-12-31,total_deposits,Total deposits,2340179000000.0,USD,us-gaap,Deposits,10-K,2024-02-16,CY2022Q4I,0000019617-24-000225,reported_instant_frame,real_public_sec_edgar,20224
JPM,JPMORGAN CHASE & CO,0000019617,2022Q4,2022-12-31,total_equity,Total equity,292332000000.0,USD,us-gaap,StockholdersEquity,10-K,2025-02-14,CY2022Q4I,0000019617-25-000270,reported_instant_frame,real_public_sec_edgar,20224
JPM,JPMORGAN CHASE & CO,0000019617,2022Q4,2022-12-31,total_loans,Total loans,1115921000000.0,USD,us-gaap,FinancingReceivableExcludingAccruedInterestAfterAllowanceForCreditLoss,10-K,2024-02-16,CY2022Q4I,0000019617-24-000225,reported_instant_frame,real_public_sec_edgar,20224
JPM,JPMORGAN CHASE & CO,0000019617,2023Q1,2023-03-31,interest_expense,Interest expense,16293000000.0,USD,us-gaap,InterestExpense,10-Q,2024-05-01,CY2023Q1,0000019617-24-000326,reported_quarterly_frame,real_public_sec_edgar,20231
JPM,JPMORGAN CHASE & CO,0000019617,2023Q1,2023-03-31,interest_expense_deposits,Interest expense on deposits,7637000000.0,USD,us-gaap,InterestExpenseDeposits,10-Q,2024-05-01,CY2023Q1,0000019617-24-000326,reported_quarterly_frame,real_public_sec_edgar,20231
JPM,JPMORGAN CHASE & CO,0000019617,2023Q1,2023-03-31,interest_income,Interest income,37004000000.0,USD,us-gaap,InterestIncomeOperating,10-Q,2024-05-01,CY2023Q1,0000019617-24-000326,reported_quarterly_frame,real_public_sec_edgar,20231
JPM,JPMORGAN CHASE & CO,0000019617,2023Q1,2023-03-31,net_income,Net income,12622000000.0,USD,us-gaap,NetIncomeLoss,10-Q,2024-05-01,CY2023Q1,0000019617-24-000326,reported_quarterly_frame,real_public_sec_edgar,20231
JPM,JPMORGAN CHASE & CO,0000019617,2023Q1,2023-03-31,noninterest_expense,Noninterest expense,20107000000.0,USD,us-gaap,NoninterestExpense,10-Q,2024-05-01,CY2023Q1,0000019617-24-000326,reported_quarterly_frame,real_public_sec_edgar,20231
JPM,JPMORGAN CHASE & CO,0000019617,2023Q1,2023-03-31,noninterest_income,Noninterest income,17638000000.0,USD,us-gaap,NoninterestIncome,10-Q,2024-05-01,CY2023Q1,0000019617-24-000326,reported_quarterly_frame,real_public_sec_edgar,20231
JPM,JPMORGAN CHASE & CO,0000019617,2023Q1,2023-03-31,total_assets,Total assets,3744305000000.0,USD,us-gaap,Assets,10-Q,2024-05-01,CY2023Q1I,0000019617-24-000326,reported_instant_frame,real_public_sec_edgar,20231
JPM,JPMORGAN CHASE & CO,0000019617,2023Q1,2023-03-31,total_deposits,Total deposits,2377253000000.0,USD,us-gaap,Deposits,10-Q,2023-05-03,CY2023Q1I,0000019617-23-000310,reported_instant_frame,real_public_sec_edgar,20231
JPM,JPMORGAN CHASE & CO,0000019617,2023Q1,2023-03-31,total_equity,Total equity,303082000000.0,USD,us-gaap,StockholdersEquity,10-Q,2024-05-01,CY2023Q1I,0000019617-24-000326,reported_instant_frame,real_public_sec_edgar,20231
JPM,JPMORGAN CHASE & CO,0000019617,2023Q1,2023-03-31,total_loans,Total loans,1108843000000.0,USD,us-gaap,FinancingReceivableExcludingAccruedInterestAfterAllowanceForCreditLoss,10-Q,2023-05-03,CY2023Q1I,0000019617-23-000310,reported_instant_frame,real_public_sec_edgar,20231
JPM,JPMORGAN CHASE & CO,0000019617,2023Q2,2023-06-30,interest_expense,Interest expense,19865000000.0,USD,us-gaap,InterestExpenseOperating,10-Q,2024-08-02,CY2023Q2,0000019617-24-000453,reported_quarterly_frame,real_public_sec_edgar,20232
JPM,JPMORGAN CHASE & CO,0000019617,2023Q2,2023-06-30,interest_expense_deposits,Interest expense on deposits,9591000000.0,USD,us-gaap,InterestExpenseDeposits,10-Q,2024-08-02,CY2023Q2,0000019617-24-000453,reported_quarterly_frame,real_public_sec_edgar,20232
JPM,JPMORGAN CHASE & CO,0000019617,2023Q2,2023-06-30,interest_income,Interest income,41644000000.0,USD,us-gaap,InterestIncomeOperating,10-Q,2024-08-02,CY2023Q2,0000019617-24-000453,reported_quarterly_frame,real_public_sec_edgar,20232
JPM,JPMORGAN CHASE & CO,0000019617,2023Q2,2023-06-30,net_income,Net income,14472000000.0,USD,us-gaap,NetIncomeLoss,10-Q,2024-08-02,CY2023Q2,0000019617-24-000453,reported_quarterly_frame,real_public_sec_edgar,20232
JPM,JPMORGAN CHASE & CO,0000019617,2023Q2,2023-06-30,noninterest_expense,Noninterest expense,20822000000.0,USD,us-gaap,NoninterestExpense,10-Q,2024-08-02,CY2023Q2,0000019617-24-000453,reported_quarterly_frame,real_public_sec_edgar,20232
JPM,JPMORGAN CHASE & CO,0000019617,2023Q2,2023-06-30,noninterest_income,Noninterest income,19528000000.0,USD,us-gaap,NoninterestIncome,10-Q,2024-08-02,CY2023Q2,0000019617-24-000453,reported_quarterly_frame,real_public_sec_edgar,20232
JPM,JPMORGAN CHASE & CO,0000019617,2023Q2,2023-06-30,total_assets,Total assets,3868240000000.0,USD,us-gaap,Assets,10-Q,2024-08-02,CY2023Q2I,0000019617-24-000453,reported_instant_frame,real_public_sec_edgar,20232
JPM,JPMORGAN CHASE & CO,0000019617,2023Q2,2023-06-30,total_deposits,Total deposits,2398962000000.0,USD,us-gaap,Deposits,10-Q,2023-08-03,CY2023Q2I,0000019617-23-000432,reported_instant_frame,real_public_sec_edgar,20232
JPM,JPMORGAN CHASE & CO,0000019617,2023Q2,2023-06-30,total_equity,Total equity,312516000000.0,USD,us-gaap,StockholdersEquity,10-Q,2024-08-02,CY2023Q2I,0000019617-24-000453,reported_instant_frame,real_public_sec_edgar,20232
JPM,JPMORGAN CHASE & CO,0000019617,2023Q2,2023-06-30,total_loans,Total loans,1278089000000.0,USD,us-gaap,FinancingReceivableExcludingAccruedInterestAfterAllowanceForCreditLoss,10-Q,2023-08-03,CY2023Q2I,0000019617-23-000432,reported_instant_frame,real_public_sec_edgar,20232
JPM,JPMORGAN CHASE & CO,0000019617,2023Q3,2023-09-30,interest_expense,Interest expense,21830000000.0,USD,us-gaap,InterestExpenseOperating,10-Q,2024-10-30,CY2023Q3,0000019617-24-000611,reported_quarterly_frame,real_public_sec_edgar,20233
JPM,JPMORGAN CHASE & CO,0000019617,2023Q3,2023-09-30,interest_expense_deposits,Interest expense on deposits,10796000000.0,USD,us-gaap,InterestExpenseDeposits,10-Q,2024-10-30,CY2023Q3,0000019617-24-000611,reported_quarterly_frame,real_public_sec_edgar,20233
JPM,JPMORGAN CHASE & CO,0000019617,2023Q3,2023-09-30,interest_income,Interest income,44556000000.0,USD,us-gaap,InterestIncomeOperating,10-Q,2024-10-30,CY2023Q3,0000019617-24-000611,reported_quarterly_frame,real_public_sec_edgar,20233
JPM,JPMORGAN CHASE & CO,0000019617,2023Q3,2023-09-30,net_income,Net income,13151000000.0,USD,us-gaap,NetIncomeLoss,10-Q,2024-10-30,CY2023Q3,0000019617-24-000611,reported_quarterly_frame,real_public_sec_edgar,20233
JPM,JPMORGAN CHASE & CO,0000019617,2023Q3,2023-09-30,noninterest_expense,Noninterest expense,21757000000.0,USD,us-gaap,NoninterestExpense,10-Q,2024-10-30,CY2023Q3,0000019617-24-000611,reported_quarterly_frame,real_public_sec_edgar,20233
JPM,JPMORGAN CHASE & CO,0000019617,2023Q3,2023-09-30,noninterest_income,Noninterest income,17148000000.0,USD,us-gaap,NoninterestIncome,10-Q,2024-10-30,CY2023Q3,0000019617-24-000611,reported_quarterly_frame,real_public_sec_edgar,20233
JPM,JPMORGAN CHASE & CO,0000019617,2023Q3,2023-09-30,total_assets,Total assets,3898333000000.0,USD,us-gaap,Assets,10-Q,2024-10-30,CY2023Q3I,0000019617-24-000611,reported_instant_frame,real_public_sec_edgar,20233
JPM,JPMORGAN CHASE & CO,0000019617,2023Q3,2023-09-30,total_deposits,Total deposits,2379526000000.0,USD,us-gaap,Deposits,10-Q,2023-11-01,CY2023Q3I,0000019617-23-000524,reported_instant_frame,real_public_sec_edgar,20233
JPM,JPMORGAN CHASE & CO,0000019617,2023Q3,2023-09-30,total_equity,Total equity,317371000000.0,USD,us-gaap,StockholdersEquity,10-Q,2024-10-30,CY2023Q3I,0000019617-24-000611,reported_instant_frame,real_public_sec_edgar,20233
JPM,JPMORGAN CHASE & CO,0000019617,2023Q3,2023-09-30,total_loans,Total loans,1288113000000.0,USD,us-gaap,FinancingReceivableExcludingAccruedInterestAfterAllowanceForCreditLoss,10-Q,2023-11-01,CY2023Q3I,0000019617-23-000524,reported_instant_frame,real_public_sec_edgar,20233
JPM,JPMORGAN CHASE & CO,0000019617,2023Q4,2023-12-31,interest_expense,Interest expense,23333000000.0,USD,us-gaap,InterestExpense,10-K-derived,2024-02-16,CY2023Q4_DERIVED,0000019617-24-000225,derived_q4_from_reported_fy_less_q1_q3,real_public_sec_edgar,20234
JPM,JPMORGAN CHASE & CO,0000019617,2023Q4,2023-12-31,interest_expense_deposits,Interest expense on deposits,11992000000.0,USD,us-gaap,InterestExpenseDeposits,10-K-derived,2026-02-13,CY2023Q4_DERIVED,0001628280-26-008131,derived_q4_from_reported_fy_less_q1_q3,real_public_sec_edgar,20234
JPM,JPMORGAN CHASE & CO,0000019617,2023Q4,2023-12-31,interest_income,Interest income,47384000000.0,USD,us-gaap,InterestIncomeOperating,10-K-derived,2026-02-13,CY2023Q4_DERIVED,0001628280-26-008131,derived_q4_from_reported_fy_less_q1_q3,real_public_sec_edgar,20234
JPM,JPMORGAN CHASE & CO,0000019617,2023Q4,2023-12-31,noninterest_expense,Noninterest expense,24486000000.0,USD,us-gaap,NoninterestExpense,10-K-derived,2026-02-13,CY2023Q4_DERIVED,0001628280-26-008131,derived_q4_from_reported_fy_less_q1_q3,real_public_sec_edgar,20234
JPM,JPMORGAN CHASE & CO,0000019617,2023Q4,2023-12-31,noninterest_income,Noninterest income,14523000000.0,USD,us-gaap,NoninterestIncome,10-K-derived,2026-02-13,CY2023Q4_DERIVED,0001628280-26-008131,derived_q4_from_reported_fy_less_q1_q3,real_public_sec_edgar,20234
JPM,JPMORGAN CHASE & CO,0000019617,2023Q4,2023-12-31,total_assets,Total assets,3875393000000.0,USD,us-gaap,Assets,10-K,2026-02-13,CY2023Q4I,0001628280-26-008131,reported_instant_frame,real_public_sec_edgar,20234
JPM,JPMORGAN CHASE & CO,0000019617,2023Q4,2023-12-31,total_deposits,Total deposits,2400688000000.0,USD,us-gaap,Deposits,10-K,2025-02-14,CY2023Q4I,0000019617-25-000270,reported_instant_frame,real_public_sec_edgar,20234
JPM,JPMORGAN CHASE & CO,0000019617,2023Q4,2023-12-31,total_equity,Total equity,327878000000.0,USD,us-gaap,StockholdersEquity,10-K,2026-02-13,CY2023Q4I,0001628280-26-008131,reported_instant_frame,real_public_sec_edgar,20234
JPM,JPMORGAN CHASE & CO,0000019617,2023Q4,2023-12-31,total_loans,Total loans,1301286000000.0,USD,us-gaap,FinancingReceivableExcludingAccruedInterestAfterAllowanceForCreditLoss,10-K,2025-02-14,CY2023Q4I,0000019617-25-000270,reported_instant_frame,real_public_sec_edgar,20234
JPM,JPMORGAN CHASE & CO,0000019617,2024Q1,2024-03-31,interest_expense,Interest expense,24356000000.0,USD,us-gaap,InterestExpenseOperating,10-Q,2025-05-01,CY2024Q1,0000019617-25-000421,reported_quarterly_frame,real_public_sec_edgar,20241
JPM,JPMORGAN CHASE & CO,0000019617,2024Q1,2024-03-31,interest_expense_deposits,Interest expense on deposits,12234000000.0,USD,us-gaap,InterestExpenseDeposits,10-Q,2025-05-01,CY2024Q1,0000019617-25-000421,reported_quarterly_frame,real_public_sec_edgar,20241
JPM,JPMORGAN CHASE & CO,0000019617,2024Q1,2024-03-31,interest_income,Interest income,47438000000.0,USD,us-gaap,InterestIncomeOperating,10-Q,2025-05-01,CY2024Q1,0000019617-25-000421,reported_quarterly_frame,real_public_sec_edgar,20241
JPM,JPMORGAN CHASE & CO,0000019617,2024Q1,2024-03-31,net_income,Net income,13419000000.0,USD,us-gaap,NetIncomeLoss,10-Q,2025-05-01,CY2024Q1,0000019617-25-000421,reported_quarterly_frame,real_public_sec_edgar,20241
JPM,JPMORGAN CHASE & CO,0000019617,2024Q1,2024-03-31,noninterest_expense,Noninterest expense,22757000000.0,USD,us-gaap,NoninterestExpense,10-Q,2025-05-01,CY2024Q1,0000019617-25-000421,reported_quarterly_frame,real_public_sec_edgar,20241
JPM,JPMORGAN CHASE & CO,0000019617,2024Q1,2024-03-31,noninterest_income,Noninterest income,18852000000.0,USD,us-gaap,NoninterestIncome,10-Q,2025-05-01,CY2024Q1,0000019617-25-000421,reported_quarterly_frame,real_public_sec_edgar,20241
JPM,JPMORGAN CHASE & CO,0000019617,2024Q1,2024-03-31,total_assets,Total assets,4090727000000.0,USD,us-gaap,Assets,10-Q,2025-05-01,CY2024Q1I,0000019617-25-000421,reported_instant_frame,real_public_sec_edgar,20241
JPM,JPMORGAN CHASE & CO,0000019617,2024Q1,2024-03-31,total_deposits,Total deposits,2428409000000.0,USD,us-gaap,Deposits,10-Q,2024-05-01,CY2024Q1I,0000019617-24-000326,reported_instant_frame,real_public_sec_edgar,20241
JPM,JPMORGAN CHASE & CO,0000019617,2024Q1,2024-03-31,total_equity,Total equity,336637000000.0,USD,us-gaap,StockholdersEquity,10-Q,2025-05-01,CY2024Q1I,0000019617-25-000421,reported_instant_frame,real_public_sec_edgar,20241
JPM,JPMORGAN CHASE & CO,0000019617,2024Q1,2024-03-31,total_loans,Total loans,1287265000000.0,USD,us-gaap,FinancingReceivableExcludingAccruedInterestAfterAllowanceForCreditLoss,10-Q,2024-05-01,CY2024Q1I,0000019617-24-000326,reported_instant_frame,real_public_sec_edgar,20241
JPM,JPMORGAN CHASE & CO,0000019617,2024Q2,2024-06-30,interest_expense,Interest expense,25767000000.0,USD,us-gaap,InterestExpenseOperating,10-Q,2025-08-05,CY2024Q2,0000019617-25-000615,reported_quarterly_frame,real_public_sec_edgar,20242
JPM,JPMORGAN CHASE & CO,0000019617,2024Q2,2024-06-30,interest_expense_deposits,Interest expense on deposits,12421000000.0,USD,us-gaap,InterestExpenseDeposits,10-Q,2025-08-05,CY2024Q2,0000019617-25-000615,reported_quarterly_frame,real_public_sec_edgar,20242
JPM,JPMORGAN CHASE & CO,0000019617,2024Q2,2024-06-30,interest_income,Interest income,48513000000.0,USD,us-gaap,InterestIncomeOperating,10-Q,2025-08-05,CY2024Q2,0000019617-25-000615,reported_quarterly_frame,real_public_sec_edgar,20242
JPM,JPMORGAN CHASE & CO,0000019617,2024Q2,2024-06-30,net_income,Net income,18149000000.0,USD,us-gaap,NetIncomeLoss,10-Q,2025-08-05,CY2024Q2,0000019617-25-000615,reported_quarterly_frame,real_public_sec_edgar,20242
JPM,JPMORGAN CHASE & CO,0000019617,2024Q2,2024-06-30,noninterest_expense,Noninterest expense,23713000000.0,USD,us-gaap,NoninterestExpense,10-Q,2025-08-05,CY2024Q2,0000019617-25-000615,reported_quarterly_frame,real_public_sec_edgar,20242
JPM,JPMORGAN CHASE & CO,0000019617,2024Q2,2024-06-30,noninterest_income,Noninterest income,27454000000.0,USD,us-gaap,NoninterestIncome,10-Q,2025-08-05,CY2024Q2,0000019617-25-000615,reported_quarterly_frame,real_public_sec_edgar,20242
JPM,JPMORGAN CHASE & CO,0000019617,2024Q2,2024-06-30,total_assets,Total assets,4143003000000.0,USD,us-gaap,Assets,10-Q,2025-08-05,CY2024Q2I,0000019617-25-000615,reported_instant_frame,real_public_sec_edgar,20242
JPM,JPMORGAN CHASE & CO,0000019617,2024Q2,2024-06-30,total_deposits,Total deposits,2396530000000.0,USD,us-gaap,Deposits,10-Q,2024-08-02,CY2024Q2I,0000019617-24-000453,reported_instant_frame,real_public_sec_edgar,20242
JPM,JPMORGAN CHASE & CO,0000019617,2024Q2,2024-06-30,total_equity,Total equity,340552000000.0,USD,us-gaap,StockholdersEquity,10-Q,2025-08-05,CY2024Q2I,0000019617-25-000615,reported_instant_frame,real_public_sec_edgar,20242
JPM,JPMORGAN CHASE & CO,0000019617,2024Q2,2024-06-30,total_loans,Total loans,1297709000000.0,USD,us-gaap,FinancingReceivableExcludingAccruedInterestAfterAllowanceForCreditLoss,10-Q,2024-08-02,CY2024Q2I,0000019617-24-000453,reported_instant_frame,real_public_sec_edgar,20242
JPM,JPMORGAN CHASE & CO,0000019617,2024Q3,2024-09-30,interest_expense,Interest expense,27011000000.0,USD,us-gaap,InterestExpenseOperating,10-Q,2025-11-04,CY2024Q3,0001628280-25-048859,reported_quarterly_frame,real_public_sec_edgar,20243
JPM,JPMORGAN CHASE & CO,0000019617,2024Q3,2024-09-30,interest_expense_deposits,Interest expense on deposits,12914000000.0,USD,us-gaap,InterestExpenseDeposits,10-Q,2025-11-04,CY2024Q3,0001628280-25-048859,reported_quarterly_frame,real_public_sec_edgar,20243
JPM,JPMORGAN CHASE & CO,0000019617,2024Q3,2024-09-30,interest_income,Interest income,50416000000.0,USD,us-gaap,InterestIncomeOperating,10-Q,2025-11-04,CY2024Q3,0001628280-25-048859,reported_quarterly_frame,real_public_sec_edgar,20243
JPM,JPMORGAN CHASE & CO,0000019617,2024Q3,2024-09-30,net_income,Net income,12898000000.0,USD,us-gaap,NetIncomeLoss,10-Q,2025-11-04,CY2024Q3,0001628280-25-048859,reported_quarterly_frame,real_public_sec_edgar,20243
JPM,JPMORGAN CHASE & CO,0000019617,2024Q3,2024-09-30,noninterest_expense,Noninterest expense,22565000000.0,USD,us-gaap,NoninterestExpense,10-Q,2025-11-04,CY2024Q3,0001628280-25-048859,reported_quarterly_frame,real_public_sec_edgar,20243
JPM,JPMORGAN CHASE & CO,0000019617,2024Q3,2024-09-30,noninterest_income,Noninterest income,19249000000.0,USD,us-gaap,NoninterestIncome,10-Q,2025-11-04,CY2024Q3,0001628280-25-048859,reported_quarterly_frame,real_public_sec_edgar,20243
JPM,JPMORGAN CHASE & CO,0000019617,2024Q3,2024-09-30,total_assets,Total assets,4210048000000.0,USD,us-gaap,Assets,10-Q,2025-11-04,CY2024Q3I,0001628280-25-048859,reported_instant_frame,real_public_sec_edgar,20243
JPM,JPMORGAN CHASE & CO,0000019617,2024Q3,2024-09-30,total_deposits,Total deposits,2430772000000.0,USD,us-gaap,Deposits,10-Q,2024-10-30,CY2024Q3I,0000019617-24-000611,reported_instant_frame,real_public_sec_edgar,20243
JPM,JPMORGAN CHASE & CO,0000019617,2024Q3,2024-09-30,total_equity,Total equity,345836000000.0,USD,us-gaap,StockholdersEquity,10-Q,2025-11-04,CY2024Q3I,0001628280-25-048859,reported_instant_frame,real_public_sec_edgar,20243
JPM,JPMORGAN CHASE & CO,0000019617,2024Q3,2024-09-30,total_loans,Total loans,1316062000000.0,USD,us-gaap,FinancingReceivableExcludingAccruedInterestAfterAllowanceForCreditLoss,10-Q,2024-10-30,CY2024Q3I,0000019617-24-000611,reported_instant_frame,real_public_sec_edgar,20243
JPM,JPMORGAN CHASE & CO,0000019617,2024Q4,2024-12-31,interest_expense,Interest expense,24216000000.0,USD,us-gaap,InterestExpenseOperating,10-K-derived,2026-02-13,CY2024Q4_DERIVED,0001628280-26-008131,derived_q4_from_reported_fy_less_q1_q3,real_public_sec_edgar,20244
JPM,JPMORGAN CHASE & CO,0000019617,2024Q4,2024-12-31,interest_expense_deposits,Interest expense on deposits,11990000000.0,USD,us-gaap,InterestExpenseDeposits,10-K-derived,2026-02-13,CY2024Q4_DERIVED,0001628280-26-008131,derived_q4_from_reported_fy_less_q1_q3,real_public_sec_edgar,20244
JPM,JPMORGAN CHASE & CO,0000019617,2024Q4,2024-12-31,interest_income,Interest income,47566000000.0,USD,us-gaap,InterestIncomeOperating,10-K-derived,2026-02-13,CY2024Q4_DERIVED,0001628280-26-008131,derived_q4_from_reported_fy_less_q1_q3,real_public_sec_edgar,20244
JPM,JPMORGAN CHASE & CO,0000019617,2024Q4,2024-12-31,noninterest_expense,Noninterest expense,22762000000.0,USD,us-gaap,NoninterestExpense,10-K-derived,2026-02-13,CY2024Q4_DERIVED,0001628280-26-008131,derived_q4_from_reported_fy_less_q1_q3,real_public_sec_edgar,20244
JPM,JPMORGAN CHASE & CO,0000019617,2024Q4,2024-12-31,noninterest_income,Noninterest income,19418000000.0,USD,us-gaap,NoninterestIncome,10-K-derived,2026-02-13,CY2024Q4_DERIVED,0001628280-26-008131,derived_q4_from_reported_fy_less_q1_q3,real_public_sec_edgar,20244
JPM,JPMORGAN CHASE & CO,0000019617,2024Q4,2024-12-31,total_assets,Total assets,4002814000000.0,USD,us-gaap,Assets,10-K,2026-02-13,CY2024Q4I,0001628280-26-008131,reported_instant_frame,real_public_sec_edgar,20244
JPM,JPMORGAN CHASE & CO,0000019617,2024Q4,2024-12-31,total_deposits,Total deposits,2406032000000.0,USD,us-gaap,Deposits,10-K,2026-02-13,CY2024Q4I,0001628280-26-008131,reported_instant_frame,real_public_sec_edgar,20244
JPM,JPMORGAN CHASE & CO,0000019617,2024Q4,2024-12-31,total_equity,Total equity,344758000000.0,USD,us-gaap,StockholdersEquity,10-K,2026-02-13,CY2024Q4I,0001628280-26-008131,reported_instant_frame,real_public_sec_edgar,20244
JPM,JPMORGAN CHASE & CO,0000019617,2024Q4,2024-12-31,total_loans,Total loans,1323643000000.0,USD,us-gaap,FinancingReceivableExcludingAccruedInterestAfterAllowanceForCreditLoss,10-K,2026-02-13,CY2024Q4I,0001628280-26-008131,reported_instant_frame,real_public_sec_edgar,20244
JPM,JPMORGAN CHASE & CO,0000019617,2025Q1,2025-03-31,interest_expense,Interest expense,23580000000.0,USD,us-gaap,InterestExpenseOperating,10-Q,2026-05-01,CY2025Q1,0001628280-26-029344,reported_quarterly_frame,real_public_sec_edgar,20251
JPM,JPMORGAN CHASE & CO,0000019617,2025Q1,2025-03-31,interest_expense_deposits,Interest expense on deposits,11077000000.0,USD,us-gaap,InterestExpenseDeposits,10-Q,2026-05-01,CY2025Q1,0001628280-26-029344,reported_quarterly_frame,real_public_sec_edgar,20251
JPM,JPMORGAN CHASE & CO,0000019617,2025Q1,2025-03-31,interest_income,Interest income,46853000000.0,USD,us-gaap,InterestIncomeOperating,10-Q,2026-05-01,CY2025Q1,0001628280-26-029344,reported_quarterly_frame,real_public_sec_edgar,20251
JPM,JPMORGAN CHASE & CO,0000019617,2025Q1,2025-03-31,net_income,Net income,14643000000.0,USD,us-gaap,NetIncomeLoss,10-Q,2026-05-01,CY2025Q1,0001628280-26-029344,reported_quarterly_frame,real_public_sec_edgar,20251
JPM,JPMORGAN CHASE & CO,0000019617,2025Q1,2025-03-31,noninterest_expense,Noninterest expense,23597000000.0,USD,us-gaap,NoninterestExpense,10-Q,2026-05-01,CY2025Q1,0001628280-26-029344,reported_quarterly_frame,real_public_sec_edgar,20251
JPM,JPMORGAN CHASE & CO,0000019617,2025Q1,2025-03-31,noninterest_income,Noninterest income,22037000000.0,USD,us-gaap,NoninterestIncome,10-Q,2026-05-01,CY2025Q1,0001628280-26-029344,reported_quarterly_frame,real_public_sec_edgar,20251
JPM,JPMORGAN CHASE & CO,0000019617,2025Q1,2025-03-31,total_assets,Total assets,4357856000000.0,USD,us-gaap,Assets,10-Q,2026-05-01,CY2025Q1I,0001628280-26-029344,reported_instant_frame,real_public_sec_edgar,20251
JPM,JPMORGAN CHASE & CO,0000019617,2025Q1,2025-03-31,total_deposits,Total deposits,2495877000000.0,USD,us-gaap,Deposits,10-Q,2025-05-01,CY2025Q1I,0000019617-25-000421,reported_instant_frame,real_public_sec_edgar,20251
JPM,JPMORGAN CHASE & CO,0000019617,2025Q1,2025-03-31,total_equity,Total equity,351420000000.0,USD,us-gaap,StockholdersEquity,10-Q,2026-05-01,CY2025Q1I,0001628280-26-029344,reported_instant_frame,real_public_sec_edgar,20251
JPM,JPMORGAN CHASE & CO,0000019617,2025Q1,2025-03-31,total_loans,Total loans,1330487000000.0,USD,us-gaap,FinancingReceivableExcludingAccruedInterestAfterAllowanceForCreditLoss,10-Q,2025-05-01,CY2025Q1I,0000019617-25-000421,reported_instant_frame,real_public_sec_edgar,20251
JPM,JPMORGAN CHASE & CO,0000019617,2025Q2,2025-06-30,interest_expense,Interest expense,25032000000.0,USD,us-gaap,InterestExpenseOperating,10-Q,2025-08-05,CY2025Q2,0000019617-25-000615,reported_quarterly_frame,real_public_sec_edgar,20252
JPM,JPMORGAN CHASE & CO,0000019617,2025Q2,2025-06-30,interest_expense_deposits,Interest expense on deposits,11401000000.0,USD,us-gaap,InterestExpenseDeposits,10-Q,2025-08-05,CY2025Q2,0000019617-25-000615,reported_quarterly_frame,real_public_sec_edgar,20252
JPM,JPMORGAN CHASE & CO,0000019617,2025Q2,2025-06-30,interest_income,Interest income,48241000000.0,USD,us-gaap,InterestIncomeOperating,10-Q,2025-08-05,CY2025Q2,0000019617-25-000615,reported_quarterly_frame,real_public_sec_edgar,20252
JPM,JPMORGAN CHASE & CO,0000019617,2025Q2,2025-06-30,net_income,Net income,14987000000.0,USD,us-gaap,NetIncomeLoss,10-Q,2025-08-05,CY2025Q2,0000019617-25-000615,reported_quarterly_frame,real_public_sec_edgar,20252
JPM,JPMORGAN CHASE & CO,0000019617,2025Q2,2025-06-30,noninterest_expense,Noninterest expense,23779000000.0,USD,us-gaap,NoninterestExpense,10-Q,2025-08-05,CY2025Q2,0000019617-25-000615,reported_quarterly_frame,real_public_sec_edgar,20252
JPM,JPMORGAN CHASE & CO,0000019617,2025Q2,2025-06-30,noninterest_income,Noninterest income,21703000000.0,USD,us-gaap,NoninterestIncome,10-Q,2025-08-05,CY2025Q2,0000019617-25-000615,reported_quarterly_frame,real_public_sec_edgar,20252
JPM,JPMORGAN CHASE & CO,0000019617,2025Q2,2025-06-30,total_assets,Total assets,4552482000000.0,USD,us-gaap,Assets,10-Q,2025-08-05,CY2025Q2I,0000019617-25-000615,reported_instant_frame,real_public_sec_edgar,20252
JPM,JPMORGAN CHASE & CO,0000019617,2025Q2,2025-06-30,total_deposits,Total deposits,2562380000000.0,USD,us-gaap,Deposits,10-Q,2025-08-05,CY2025Q2I,0000019617-25-000615,reported_instant_frame,real_public_sec_edgar,20252
JPM,JPMORGAN CHASE & CO,0000019617,2025Q2,2025-06-30,total_equity,Total equity,356924000000.0,USD,us-gaap,StockholdersEquity,10-Q,2025-08-05,CY2025Q2I,0000019617-25-000615,reported_instant_frame,real_public_sec_edgar,20252
JPM,JPMORGAN CHASE & CO,0000019617,2025Q2,2025-06-30,total_loans,Total loans,1387039000000.0,USD,us-gaap,FinancingReceivableExcludingAccruedInterestAfterAllowanceForCreditLoss,10-Q,2025-08-05,CY2025Q2I,0000019617-25-000615,reported_instant_frame,real_public_sec_edgar,20252
JPM,JPMORGAN CHASE & CO,0000019617,2025Q3,2025-09-30,interest_expense,Interest expense,25473000000.0,USD,us-gaap,InterestExpenseOperating,10-Q,2025-11-04,CY2025Q3,0001628280-25-048859,reported_quarterly_frame,real_public_sec_edgar,20253
JPM,JPMORGAN CHASE & CO,0000019617,2025Q3,2025-09-30,interest_expense_deposits,Interest expense on deposits,11633000000.0,USD,us-gaap,InterestExpenseDeposits,10-Q,2025-11-04,CY2025Q3,0001628280-25-048859,reported_quarterly_frame,real_public_sec_edgar,20253
JPM,JPMORGAN CHASE & CO,0000019617,2025Q3,2025-09-30,interest_income,Interest income,49439000000.0,USD,us-gaap,InterestIncomeOperating,10-Q,2025-11-04,CY2025Q3,0001628280-25-048859,reported_quarterly_frame,real_public_sec_edgar,20253
JPM,JPMORGAN CHASE & CO,0000019617,2025Q3,2025-09-30,net_income,Net income,14393000000.0,USD,us-gaap,NetIncomeLoss,10-Q,2025-11-04,CY2025Q3,0001628280-25-048859,reported_quarterly_frame,real_public_sec_edgar,20253
JPM,JPMORGAN CHASE & CO,0000019617,2025Q3,2025-09-30,noninterest_expense,Noninterest expense,24281000000.0,USD,us-gaap,NoninterestExpense,10-Q,2025-11-04,CY2025Q3,0001628280-25-048859,reported_quarterly_frame,real_public_sec_edgar,20253
JPM,JPMORGAN CHASE & CO,0000019617,2025Q3,2025-09-30,noninterest_income,Noninterest income,22461000000.0,USD,us-gaap,NoninterestIncome,10-Q,2025-11-04,CY2025Q3,0001628280-25-048859,reported_quarterly_frame,real_public_sec_edgar,20253
JPM,JPMORGAN CHASE & CO,0000019617,2025Q3,2025-09-30,total_assets,Total assets,4560205000000.0,USD,us-gaap,Assets,10-Q,2025-11-04,CY2025Q3I,0001628280-25-048859,reported_instant_frame,real_public_sec_edgar,20253
JPM,JPMORGAN CHASE & CO,0000019617,2025Q3,2025-09-30,total_deposits,Total deposits,2548476000000.0,USD,us-gaap,Deposits,10-Q,2025-11-04,CY2025Q3I,0001628280-25-048859,reported_instant_frame,real_public_sec_edgar,20253
JPM,JPMORGAN CHASE & CO,0000019617,2025Q3,2025-09-30,total_equity,Total equity,360212000000.0,USD,us-gaap,StockholdersEquity,10-Q,2025-11-04,CY2025Q3I,0001628280-25-048859,reported_instant_frame,real_public_sec_edgar,20253
JPM,JPMORGAN CHASE & CO,0000019617,2025Q3,2025-09-30,total_loans,Total loans,1409511000000.0,USD,us-gaap,FinancingReceivableExcludingAccruedInterestAfterAllowanceForCreditLoss,10-Q,2025-11-04,CY2025Q3I,0001628280-25-048859,reported_instant_frame,real_public_sec_edgar,20253
JPM,JPMORGAN CHASE & CO,0000019617,2025Q4,2025-12-31,interest_expense,Interest expense,23813000000.0,USD,us-gaap,InterestExpenseOperating,10-K-derived,2026-02-13,CY2025Q4_DERIVED,0001628280-26-008131,derived_q4_from_reported_fy_less_q1_q3,real_public_sec_edgar,20254
JPM,JPMORGAN CHASE & CO,0000019617,2025Q4,2025-12-31,interest_expense_deposits,Interest expense on deposits,11001000000.0,USD,us-gaap,InterestExpenseDeposits,10-K-derived,2026-02-13,CY2025Q4_DERIVED,0001628280-26-008131,derived_q4_from_reported_fy_less_q1_q3,real_public_sec_edgar,20254
JPM,JPMORGAN CHASE & CO,0000019617,2025Q4,2025-12-31,interest_income,Interest income,48808000000.0,USD,us-gaap,InterestIncomeOperating,10-K-derived,2026-02-13,CY2025Q4_DERIVED,0001628280-26-008131,derived_q4_from_reported_fy_less_q1_q3,real_public_sec_edgar,20254
JPM,JPMORGAN CHASE & CO,0000019617,2025Q4,2025-12-31,noninterest_expense,Noninterest expense,23983000000.0,USD,us-gaap,NoninterestExpense,10-K-derived,2026-02-13,CY2025Q4_DERIVED,0001628280-26-008131,derived_q4_from_reported_fy_less_q1_q3,real_public_sec_edgar,20254
JPM,JPMORGAN CHASE & CO,0000019617,2025Q4,2025-12-31,noninterest_income,Noninterest income,20803000000.0,USD,us-gaap,NoninterestIncome,10-K-derived,2026-02-13,CY2025Q4_DERIVED,0001628280-26-008131,derived_q4_from_reported_fy_less_q1_q3,real_public_sec_edgar,20254
JPM,JPMORGAN CHASE & CO,0000019617,2025Q4,2025-12-31,total_assets,Total assets,4424900000000.0,USD,us-gaap,Assets,10-Q,2026-05-01,CY2025Q4I,0001628280-26-029344,reported_instant_frame,real_public_sec_edgar,20254
JPM,JPMORGAN CHASE & CO,0000019617,2025Q4,2025-12-31,total_deposits,Total deposits,2559320000000.0,USD,us-gaap,Deposits,10-Q,2026-05-01,CY2025Q4I,0001628280-26-029344,reported_instant_frame,real_public_sec_edgar,20254
JPM,JPMORGAN CHASE & CO,0000019617,2025Q4,2025-12-31,total_equity,Total equity,362438000000.0,USD,us-gaap,StockholdersEquity,10-Q,2026-05-01,CY2025Q4I,0001628280-26-029344,reported_instant_frame,real_public_sec_edgar,20254
JPM,JPMORGAN CHASE & CO,0000019617,2025Q4,2025-12-31,total_loans,Total loans,1467664000000.0,USD,us-gaap,FinancingReceivableExcludingAccruedInterestAfterAllowanceForCreditLoss,10-Q,2026-05-01,CY2025Q4I,0001628280-26-029344,reported_instant_frame,real_public_sec_edgar,20254
JPM,JPMORGAN CHASE & CO,0000019617,2026Q1,2026-03-31,interest_expense,Interest expense,23825000000.0,USD,us-gaap,InterestExpenseOperating,10-Q,2026-05-01,CY2026Q1,0001628280-26-029344,reported_quarterly_frame,real_public_sec_edgar,20261
JPM,JPMORGAN CHASE & CO,0000019617,2026Q1,2026-03-31,interest_expense_deposits,Interest expense on deposits,10284000000.0,USD,us-gaap,InterestExpenseDeposits,10-Q,2026-05-01,CY2026Q1,0001628280-26-029344,reported_quarterly_frame,real_public_sec_edgar,20261
JPM,JPMORGAN CHASE & CO,0000019617,2026Q1,2026-03-31,interest_income,Interest income,49191000000.0,USD,us-gaap,InterestIncomeOperating,10-Q,2026-05-01,CY2026Q1,0001628280-26-029344,reported_quarterly_frame,real_public_sec_edgar,20261
JPM,JPMORGAN CHASE & CO,0000019617,2026Q1,2026-03-31,net_income,Net income,16494000000.0,USD,us-gaap,NetIncomeLoss,10-Q,2026-05-01,CY2026Q1,0001628280-26-029344,reported_quarterly_frame,real_public_sec_edgar,20261
JPM,JPMORGAN CHASE & CO,0000019617,2026Q1,2026-03-31,noninterest_expense,Noninterest expense,26850000000.0,USD,us-gaap,NoninterestExpense,10-Q,2026-05-01,CY2026Q1,0001628280-26-029344,reported_quarterly_frame,real_public_sec_edgar,20261
JPM,JPMORGAN CHASE & CO,0000019617,2026Q1,2026-03-31,noninterest_income,Noninterest income,24470000000.0,USD,us-gaap,NoninterestIncome,10-Q,2026-05-01,CY2026Q1,0001628280-26-029344,reported_quarterly_frame,real_public_sec_edgar,20261
JPM,JPMORGAN CHASE & CO,0000019617,2026Q1,2026-03-31,total_assets,Total assets,4900475000000.0,USD,us-gaap,Assets,10-Q,2026-05-01,CY2026Q1I,0001628280-26-029344,reported_instant_frame,real_public_sec_edgar,20261
JPM,JPMORGAN CHASE & CO,0000019617,2026Q1,2026-03-31,total_deposits,Total deposits,2675520000000.0,USD,us-gaap,Deposits,10-Q,2026-05-01,CY2026Q1I,0001628280-26-029344,reported_instant_frame,real_public_sec_edgar,20261
JPM,JPMORGAN CHASE & CO,0000019617,2026Q1,2026-03-31,total_equity,Total equity,364038000000.0,USD,us-gaap,StockholdersEquity,10-Q,2026-05-01,CY2026Q1I,0001628280-26-029344,reported_instant_frame,real_public_sec_edgar,20261
JPM,JPMORGAN CHASE & CO,0000019617,2026Q1,2026-03-31,total_loans,Total loans,1477592000000.0,USD,us-gaap,FinancingReceivableExcludingAccruedInterestAfterAllowanceForCreditLoss,10-Q,2026-05-01,CY2026Q1I,0001628280-26-029344,reported_instant_frame,real_public_sec_edgar,20261
PNC,"PNC FINANCIAL SERVICES GROUP, INC.",0000713676,2018Q2,2018-06-30,interest_expense,Interest expense,669000000.0,USD,us-gaap,InterestExpense,10-Q,2019-08-01,CY2018Q2,0000713676-19-000055,reported_quarterly_frame,real_public_sec_edgar,20182
PNC,"PNC FINANCIAL SERVICES GROUP, INC.",0000713676,2018Q2,2018-06-30,interest_expense_deposits,Interest expense on deposits,261000000.0,USD,us-gaap,InterestExpenseDeposits,10-Q,2019-08-01,CY2018Q2,0000713676-19-000055,reported_quarterly_frame,real_public_sec_edgar,20182
PNC,"PNC FINANCIAL SERVICES GROUP, INC.",0000713676,2018Q2,2018-06-30,interest_income,Interest income,3082000000.0,USD,us-gaap,InterestAndDividendIncomeOperating,10-Q,2019-08-01,CY2018Q2,0000713676-19-000055,reported_quarterly_frame,real_public_sec_edgar,20182
PNC,"PNC FINANCIAL SERVICES GROUP, INC.",0000713676,2018Q2,2018-06-30,noninterest_expense,Noninterest expense,2584000000.0,USD,us-gaap,NoninterestExpense,10-Q,2019-08-01,CY2018Q2,0000713676-19-000055,reported_quarterly_frame,real_public_sec_edgar,20182
PNC,"PNC FINANCIAL SERVICES GROUP, INC.",0000713676,2018Q2,2018-06-30,noninterest_income,Noninterest income,1911000000.0,USD,us-gaap,NoninterestIncome,10-Q,2019-08-01,CY2018Q2,0000713676-19-000055,reported_quarterly_frame,real_public_sec_edgar,20182
PNC,"PNC FINANCIAL SERVICES GROUP, INC.",0000713676,2018Q2,2018-06-30,total_assets,Total assets,380711000000.0,USD,us-gaap,Assets,10-Q,2018-08-02,CY2018Q2I,0000713676-18-000065,reported_instant_frame,real_public_sec_edgar,20182
PNC,"PNC FINANCIAL SERVICES GROUP, INC.",0000713676,2018Q2,2018-06-30,total_deposits,Total deposits,264885000000.0,USD,us-gaap,Deposits,10-Q,2018-08-02,CY2018Q2I,0000713676-18-000065,reported_instant_frame,real_public_sec_edgar,20182
PNC,"PNC FINANCIAL SERVICES GROUP, INC.",0000713676,2018Q2,2018-06-30,total_equity,Total equity,46975000000.0,USD,us-gaap,StockholdersEquityIncludingPortionAttributableToNoncontrollingInterest,10-Q,2019-11-04,CY2018Q2I,0000713676-19-000073,reported_instant_frame,real_public_sec_edgar,20182
PNC,"PNC FINANCIAL SERVICES GROUP, INC.",0000713676,2018Q2,2018-06-30,total_loans,Total loans,220274000000.0,USD,us-gaap,LoansAndLeasesReceivableNetReportedAmount,10-Q,2018-08-02,CY2018Q2I,0000713676-18-000065,reported_instant_frame,real_public_sec_edgar,20182
PNC,"PNC FINANCIAL SERVICES GROUP, INC.",0000713676,2018Q3,2018-09-30,interest_expense,Interest expense,757000000.0,USD,us-gaap,InterestExpense,10-Q,2019-11-04,CY2018Q3,0000713676-19-000073,reported_quarterly_frame,real_public_sec_edgar,20183
PNC,"PNC FINANCIAL SERVICES GROUP, INC.",0000713676,2018Q3,2018-09-30,interest_expense_deposits,Interest expense on deposits,336000000.0,USD,us-gaap,InterestExpenseDeposits,10-Q,2019-11-04,CY2018Q3,0000713676-19-000073,reported_quarterly_frame,real_public_sec_edgar,20183
PNC,"PNC FINANCIAL SERVICES GROUP, INC.",0000713676,2018Q3,2018-09-30,interest_income,Interest income,3223000000.0,USD,us-gaap,InterestAndDividendIncomeOperating,10-Q,2019-11-04,CY2018Q3,0000713676-19-000073,reported_quarterly_frame,real_public_sec_edgar,20183
PNC,"PNC FINANCIAL SERVICES GROUP, INC.",0000713676,2018Q3,2018-09-30,noninterest_expense,Noninterest expense,2608000000.0,USD,us-gaap,NoninterestExpense,10-Q,2019-11-04,CY2018Q3,0000713676-19-000073,reported_quarterly_frame,real_public_sec_edgar,20183
PNC,"PNC FINANCIAL SERVICES GROUP, INC.",0000713676,2018Q3,2018-09-30,noninterest_income,Noninterest income,1891000000.0,USD,us-gaap,NoninterestIncome,10-Q,2019-11-04,CY2018Q3,0000713676-19-000073,reported_quarterly_frame,real_public_sec_edgar,20183
PNC,"PNC FINANCIAL SERVICES GROUP, INC.",0000713676,2018Q3,2018-09-30,total_assets,Total assets,380080000000.0,USD,us-gaap,Assets,10-Q,2018-11-01,CY2018Q3I,0000713676-18-000081,reported_instant_frame,real_public_sec_edgar,20183
PNC,"PNC FINANCIAL SERVICES GROUP, INC.",0000713676,2018Q3,2018-09-30,total_deposits,Total deposits,264884000000.0,USD,us-gaap,Deposits,10-Q,2018-11-01,CY2018Q3I,0000713676-18-000081,reported_instant_frame,real_public_sec_edgar,20183
PNC,"PNC FINANCIAL SERVICES GROUP, INC.",0000713676,2018Q3,2018-09-30,total_equity,Total equity,47102000000.0,USD,us-gaap,StockholdersEquityIncludingPortionAttributableToNoncontrollingInterest,10-Q,2019-11-04,CY2018Q3I,0000713676-19-000073,reported_instant_frame,real_public_sec_edgar,20183
PNC,"PNC FINANCIAL SERVICES GROUP, INC.",0000713676,2018Q3,2018-09-30,total_loans,Total loans,220469000000.0,USD,us-gaap,LoansAndLeasesReceivableNetReportedAmount,10-Q,2018-11-01,CY2018Q3I,0000713676-18-000081,reported_instant_frame,real_public_sec_edgar,20183
PNC,"PNC FINANCIAL SERVICES GROUP, INC.",0000713676,2018Q4,2018-12-31,interest_expense,Interest expense,878000000.0,USD,us-gaap,InterestExpense,10-K-derived,2021-02-26,CY2018Q4_DERIVED,0000713676-21-000025,derived_q4_from_reported_fy_less_q1_q3,real_public_sec_edgar,20184
PNC,"PNC FINANCIAL SERVICES GROUP, INC.",0000713676,2018Q4,2018-12-31,interest_expense_deposits,Interest expense on deposits,419000000.0,USD,us-gaap,InterestExpenseDeposits,10-K-derived,2021-02-26,CY2018Q4_DERIVED,0000713676-21-000025,derived_q4_from_reported_fy_less_q1_q3,real_public_sec_edgar,20184
PNC,"PNC FINANCIAL SERVICES GROUP, INC.",0000713676,2018Q4,2018-12-31,interest_income,Interest income,3359000000.0,USD,us-gaap,InterestAndDividendIncomeOperating,10-K-derived,2021-02-26,CY2018Q4_DERIVED,0000713676-21-000025,derived_q4_from_reported_fy_less_q1_q3,real_public_sec_edgar,20184
PNC,"PNC FINANCIAL SERVICES GROUP, INC.",0000713676,2018Q4,2018-12-31,noninterest_expense,Noninterest expense,2577000000.0,USD,us-gaap,NoninterestExpense,10-K-derived,2021-02-26,CY2018Q4_DERIVED,0000713676-21-000025,derived_q4_from_reported_fy_less_q1_q3,real_public_sec_edgar,20184
PNC,"PNC FINANCIAL SERVICES GROUP, INC.",0000713676,2018Q4,2018-12-31,noninterest_income,Noninterest income,917000000.0,USD,us-gaap,NoninterestIncome,10-K-derived,2021-02-26,CY2018Q4_DERIVED,0000713676-21-000025,derived_q4_from_reported_fy_less_q1_q3,real_public_sec_edgar,20184
PNC,"PNC FINANCIAL SERVICES GROUP, INC.",0000713676,2018Q4,2018-12-31,total_equity,Total equity,47770000000.0,USD,us-gaap,StockholdersEquityIncludingPortionAttributableToNoncontrollingInterest,10-K,2022-02-25,CY2018Q4I,0000713676-22-000019,reported_instant_frame,real_public_sec_edgar,20184
PNC,"PNC FINANCIAL SERVICES GROUP, INC.",0000713676,2019Q1,2019-03-31,interest_expense,Interest expense,953000000.0,USD,us-gaap,InterestExpense,10-Q,2020-05-05,CY2019Q1,0000713676-20-000078,reported_quarterly_frame,real_public_sec_edgar,20191
PNC,"PNC FINANCIAL SERVICES GROUP, INC.",0000713676,2019Q1,2019-03-31,interest_expense_deposits,Interest expense on deposits,472000000.0,USD,us-gaap,InterestExpenseDeposits,10-Q,2020-05-05,CY2019Q1,0000713676-20-000078,reported_quarterly_frame,real_public_sec_edgar,20191
PNC,"PNC FINANCIAL SERVICES GROUP, INC.",0000713676,2019Q1,2019-03-31,interest_income,Interest income,3428000000.0,USD,us-gaap,InterestAndDividendIncomeOperating,10-Q,2020-05-05,CY2019Q1,0000713676-20-000078,reported_quarterly_frame,real_public_sec_edgar,20191
PNC,"PNC FINANCIAL SERVICES GROUP, INC.",0000713676,2019Q1,2019-03-31,noninterest_expense,Noninterest expense,2578000000.0,USD,us-gaap,NoninterestExpense,10-Q,2020-05-05,CY2019Q1,0000713676-20-000078,reported_quarterly_frame,real_public_sec_edgar,20191
PNC,"PNC FINANCIAL SERVICES GROUP, INC.",0000713676,2019Q1,2019-03-31,noninterest_income,Noninterest income,1811000000.0,USD,us-gaap,NoninterestIncome,10-Q,2020-05-05,CY2019Q1,0000713676-20-000078,reported_quarterly_frame,real_public_sec_edgar,20191
PNC,"PNC FINANCIAL SERVICES GROUP, INC.",0000713676,2019Q1,2019-03-31,total_assets,Total assets,392837000000.0,USD,us-gaap,Assets,10-Q,2019-05-03,CY2019Q1I,0000713676-19-000035,reported_instant_frame,real_public_sec_edgar,20191
PNC,"PNC FINANCIAL SERVICES GROUP, INC.",0000713676,2019Q1,2019-03-31,total_deposits,Total deposits,271221000000.0,USD,us-gaap,Deposits,10-Q,2019-05-03,CY2019Q1I,0000713676-19-000035,reported_instant_frame,real_public_sec_edgar,20191
PNC,"PNC FINANCIAL SERVICES GROUP, INC.",0000713676,2019Q1,2019-03-31,total_equity,Total equity,48575000000.0,USD,us-gaap,StockholdersEquityIncludingPortionAttributableToNoncontrollingInterest,10-Q,2020-05-05,CY2019Q1I,0000713676-20-000078,reported_instant_frame,real_public_sec_edgar,20191
PNC,"PNC FINANCIAL SERVICES GROUP, INC.",0000713676,2019Q1,2019-03-31,total_loans,Total loans,229601000000.0,USD,us-gaap,LoansAndLeasesReceivableNetReportedAmount,10-Q,2019-05-03,CY2019Q1I,0000713676-19-000035,reported_instant_frame,real_public_sec_edgar,20191
PNC,"PNC FINANCIAL SERVICES GROUP, INC.",0000713676,2019Q2,2019-06-30,interest_expense,Interest expense,999000000.0,USD,us-gaap,InterestExpense,10-Q,2020-08-04,CY2019Q2,0000713676-20-000115,reported_quarterly_frame,real_public_sec_edgar,20192
PNC,"PNC FINANCIAL SERVICES GROUP, INC.",0000713676,2019Q2,2019-06-30,interest_expense_deposits,Interest expense on deposits,515000000.0,USD,us-gaap,InterestExpenseDeposits,10-Q,2020-08-04,CY2019Q2,0000713676-20-000115,reported_quarterly_frame,real_public_sec_edgar,20192
PNC,"PNC FINANCIAL SERVICES GROUP, INC.",0000713676,2019Q2,2019-06-30,interest_income,Interest income,3497000000.0,USD,us-gaap,InterestAndDividendIncomeOperating,10-Q,2020-08-04,CY2019Q2,0000713676-20-000115,reported_quarterly_frame,real_public_sec_edgar,20192
PNC,"PNC FINANCIAL SERVICES GROUP, INC.",0000713676,2019Q2,2019-06-30,noninterest_expense,Noninterest expense,2611000000.0,USD,us-gaap,NoninterestExpense,10-Q,2020-08-04,CY2019Q2,0000713676-20-000115,reported_quarterly_frame,real_public_sec_edgar,20192
PNC,"PNC FINANCIAL SERVICES GROUP, INC.",0000713676,2019Q2,2019-06-30,noninterest_income,Noninterest income,1717000000.0,USD,us-gaap,NoninterestIncome,10-Q,2020-08-04,CY2019Q2,0000713676-20-000115,reported_quarterly_frame,real_public_sec_edgar,20192
PNC,"PNC FINANCIAL SERVICES GROUP, INC.",0000713676,2019Q2,2019-06-30,total_assets,Total assets,405761000000.0,USD,us-gaap,Assets,10-Q,2019-08-01,CY2019Q2I,0000713676-19-000055,reported_instant_frame,real_public_sec_edgar,20192
PNC,"PNC FINANCIAL SERVICES GROUP, INC.",0000713676,2019Q2,2019-06-30,total_deposits,Total deposits,273260000000.0,USD,us-gaap,Deposits,10-Q,2019-08-01,CY2019Q2I,0000713676-19-000055,reported_instant_frame,real_public_sec_edgar,20192
PNC,"PNC FINANCIAL SERVICES GROUP, INC.",0000713676,2019Q2,2019-06-30,total_equity,Total equity,49381000000.0,USD,us-gaap,StockholdersEquityIncludingPortionAttributableToNoncontrollingInterest,10-Q,2020-08-04,CY2019Q2I,0000713676-20-000115,reported_instant_frame,real_public_sec_edgar,20192
PNC,"PNC FINANCIAL SERVICES GROUP, INC.",0000713676,2019Q2,2019-06-30,total_loans,Total loans,234494000000.0,USD,us-gaap,LoansAndLeasesReceivableNetReportedAmount,10-Q,2019-08-01,CY2019Q2I,0000713676-19-000055,reported_instant_frame,real_public_sec_edgar,20192
PNC,"PNC FINANCIAL SERVICES GROUP, INC.",0000713676,2019Q3,2019-09-30,interest_expense,Interest expense,999000000.0,USD,us-gaap,InterestExpense,10-Q,2020-11-03,CY2019Q3,0000713676-20-000139,reported_quarterly_frame,real_public_sec_edgar,20193
PNC,"PNC FINANCIAL SERVICES GROUP, INC.",0000713676,2019Q3,2019-09-30,interest_expense_deposits,Interest expense on deposits,531000000.0,USD,us-gaap,InterestExpenseDeposits,10-Q,2020-11-03,CY2019Q3,0000713676-20-000139,reported_quarterly_frame,real_public_sec_edgar,20193
PNC,"PNC FINANCIAL SERVICES GROUP, INC.",0000713676,2019Q3,2019-09-30,interest_income,Interest income,3503000000.0,USD,us-gaap,InterestAndDividendIncomeOperating,10-Q,2020-11-03,CY2019Q3,0000713676-20-000139,reported_quarterly_frame,real_public_sec_edgar,20193
PNC,"PNC FINANCIAL SERVICES GROUP, INC.",0000713676,2019Q3,2019-09-30,noninterest_expense,Noninterest expense,2623000000.0,USD,us-gaap,NoninterestExpense,10-Q,2020-11-03,CY2019Q3,0000713676-20-000139,reported_quarterly_frame,real_public_sec_edgar,20193
PNC,"PNC FINANCIAL SERVICES GROUP, INC.",0000713676,2019Q3,2019-09-30,noninterest_income,Noninterest income,1738000000.0,USD,us-gaap,NoninterestIncome,10-Q,2020-11-03,CY2019Q3,0000713676-20-000139,reported_quarterly_frame,real_public_sec_edgar,20193
PNC,"PNC FINANCIAL SERVICES GROUP, INC.",0000713676,2019Q3,2019-09-30,total_assets,Total assets,408916000000.0,USD,us-gaap,Assets,10-Q,2019-11-04,CY2019Q3I,0000713676-19-000073,reported_instant_frame,real_public_sec_edgar,20193
PNC,"PNC FINANCIAL SERVICES GROUP, INC.",0000713676,2019Q3,2019-09-30,total_deposits,Total deposits,285583000000.0,USD,us-gaap,Deposits,10-Q,2019-11-04,CY2019Q3I,0000713676-19-000073,reported_instant_frame,real_public_sec_edgar,20193
PNC,"PNC FINANCIAL SERVICES GROUP, INC.",0000713676,2019Q3,2019-09-30,total_equity,Total equity,49455000000.0,USD,us-gaap,StockholdersEquityIncludingPortionAttributableToNoncontrollingInterest,10-Q,2020-11-03,CY2019Q3I,0000713676-20-000139,reported_instant_frame,real_public_sec_edgar,20193
PNC,"PNC FINANCIAL SERVICES GROUP, INC.",0000713676,2019Q3,2019-09-30,total_loans,Total loans,234639000000.0,USD,us-gaap,LoansAndLeasesReceivableNetReportedAmount,10-Q,2019-11-04,CY2019Q3I,0000713676-19-000073,reported_instant_frame,real_public_sec_edgar,20193
PNC,"PNC FINANCIAL SERVICES GROUP, INC.",0000713676,2019Q4,2019-12-31,interest_expense,Interest expense,846000000.0,USD,us-gaap,InterestExpense,10-K-derived,2022-02-25,CY2019Q4_DERIVED,0000713676-22-000019,derived_q4_from_reported_fy_less_q1_q3,real_public_sec_edgar,20194
PNC,"PNC FINANCIAL SERVICES GROUP, INC.",0000713676,2019Q4,2019-12-31,interest_expense_deposits,Interest expense on deposits,468000000.0,USD,us-gaap,InterestExpenseDeposits,10-K-derived,2022-02-25,CY2019Q4_DERIVED,0000713676-22-000019,derived_q4_from_reported_fy_less_q1_q3,real_public_sec_edgar,20194
PNC,"PNC FINANCIAL SERVICES GROUP, INC.",0000713676,2019Q4,2019-12-31,interest_income,Interest income,3334000000.0,USD,us-gaap,InterestAndDividendIncomeOperating,10-K-derived,2022-02-25,CY2019Q4_DERIVED,0000713676-22-000019,derived_q4_from_reported_fy_less_q1_q3,real_public_sec_edgar,20194
PNC,"PNC FINANCIAL SERVICES GROUP, INC.",0000713676,2019Q4,2019-12-31,noninterest_expense,Noninterest expense,2762000000.0,USD,us-gaap,NoninterestExpense,10-K-derived,2022-02-25,CY2019Q4_DERIVED,0000713676-22-000019,derived_q4_from_reported_fy_less_q1_q3,real_public_sec_edgar,20194
PNC,"PNC FINANCIAL SERVICES GROUP, INC.",0000713676,2019Q4,2019-12-31,noninterest_income,Noninterest income,1608000000.0,USD,us-gaap,NoninterestIncome,10-K-derived,2022-02-25,CY2019Q4_DERIVED,0000713676-22-000019,derived_q4_from_reported_fy_less_q1_q3,real_public_sec_edgar,20194
PNC,"PNC FINANCIAL SERVICES GROUP, INC.",0000713676,2019Q4,2019-12-31,total_assets,Total assets,410295000000.0,USD,us-gaap,Assets,10-K,2021-02-26,CY2019Q4I,0000713676-21-000025,reported_instant_frame,real_public_sec_edgar,20194
PNC,"PNC FINANCIAL SERVICES GROUP, INC.",0000713676,2019Q4,2019-12-31,total_deposits,Total deposits,288540000000.0,USD,us-gaap,Deposits,10-K,2021-02-26,CY2019Q4I,0000713676-21-000025,reported_instant_frame,real_public_sec_edgar,20194
PNC,"PNC FINANCIAL SERVICES GROUP, INC.",0000713676,2019Q4,2019-12-31,total_equity,Total equity,49343000000.0,USD,us-gaap,StockholdersEquityIncludingPortionAttributableToNoncontrollingInterest,10-K,2023-02-22,CY2019Q4I,0000713676-23-000020,reported_instant_frame,real_public_sec_edgar,20194
PNC,"PNC FINANCIAL SERVICES GROUP, INC.",0000713676,2019Q4,2019-12-31,total_loans,Total loans,239843000000.0,USD,us-gaap,FinancingReceivableExcludingAccruedInterestBeforeAllowanceForCreditLoss,10-K,2022-02-25,CY2019Q4I,0000713676-22-000019,reported_instant_frame,real_public_sec_edgar,20194
PNC,"PNC FINANCIAL SERVICES GROUP, INC.",0000713676,2020Q1,2020-03-31,interest_expense,Interest expense,689000000.0,USD,us-gaap,InterestExpense,10-Q,2021-05-05,CY2020Q1,0000713676-21-000063,reported_quarterly_frame,real_public_sec_edgar,20201
PNC,"PNC FINANCIAL SERVICES GROUP, INC.",0000713676,2020Q1,2020-03-31,interest_expense_deposits,Interest expense on deposits,375000000.0,USD,us-gaap,InterestExpenseDeposits,10-Q,2021-05-05,CY2020Q1,0000713676-21-000063,reported_quarterly_frame,real_public_sec_edgar,20201
PNC,"PNC FINANCIAL SERVICES GROUP, INC.",0000713676,2020Q1,2020-03-31,interest_income,Interest income,3200000000.0,USD,us-gaap,InterestAndDividendIncomeOperating,10-Q,2021-05-05,CY2020Q1,0000713676-21-000063,reported_quarterly_frame,real_public_sec_edgar,20201
PNC,"PNC FINANCIAL SERVICES GROUP, INC.",0000713676,2020Q1,2020-03-31,noninterest_expense,Noninterest expense,2543000000.0,USD,us-gaap,NoninterestExpense,10-Q,2021-05-05,CY2020Q1,0000713676-21-000063,reported_quarterly_frame,real_public_sec_edgar,20201
PNC,"PNC FINANCIAL SERVICES GROUP, INC.",0000713676,2020Q1,2020-03-31,noninterest_income,Noninterest income,1825000000.0,USD,us-gaap,NoninterestIncome,10-Q,2021-05-05,CY2020Q1,0000713676-21-000063,reported_quarterly_frame,real_public_sec_edgar,20201
PNC,"PNC FINANCIAL SERVICES GROUP, INC.",0000713676,2020Q1,2020-03-31,total_assets,Total assets,445493000000.0,USD,us-gaap,Assets,10-Q,2020-05-05,CY2020Q1I,0000713676-20-000078,reported_instant_frame,real_public_sec_edgar,20201
PNC,"PNC FINANCIAL SERVICES GROUP, INC.",0000713676,2020Q1,2020-03-31,total_deposits,Total deposits,305204000000.0,USD,us-gaap,Deposits,10-Q,2020-05-05,CY2020Q1I,0000713676-20-000078,reported_instant_frame,real_public_sec_edgar,20201
PNC,"PNC FINANCIAL SERVICES GROUP, INC.",0000713676,2020Q1,2020-03-31,total_equity,Total equity,49290000000.0,USD,us-gaap,StockholdersEquityIncludingPortionAttributableToNoncontrollingInterest,10-Q,2021-08-06,CY2020Q1I,0000713676-21-000095,reported_instant_frame,real_public_sec_edgar,20201
PNC,"PNC FINANCIAL SERVICES GROUP, INC.",0000713676,2020Q2,2020-06-30,interest_expense,Interest expense,328000000.0,USD,us-gaap,InterestExpense,10-Q,2021-08-06,CY2020Q2,0000713676-21-000095,reported_quarterly_frame,real_public_sec_edgar,20202
PNC,"PNC FINANCIAL SERVICES GROUP, INC.",0000713676,2020Q2,2020-06-30,interest_expense_deposits,Interest expense on deposits,141000000.0,USD,us-gaap,InterestExpenseDeposits,10-Q,2021-08-06,CY2020Q2,0000713676-21-000095,reported_quarterly_frame,real_public_sec_edgar,20202
PNC,"PNC FINANCIAL SERVICES GROUP, INC.",0000713676,2020Q2,2020-06-30,interest_income,Interest income,2855000000.0,USD,us-gaap,InterestAndDividendIncomeOperating,10-Q,2021-08-06,CY2020Q2,0000713676-21-000095,reported_quarterly_frame,real_public_sec_edgar,20202
PNC,"PNC FINANCIAL SERVICES GROUP, INC.",0000713676,2020Q2,2020-06-30,noninterest_expense,Noninterest expense,2515000000.0,USD,us-gaap,NoninterestExpense,10-Q,2021-08-06,CY2020Q2,0000713676-21-000095,reported_quarterly_frame,real_public_sec_edgar,20202
PNC,"PNC FINANCIAL SERVICES GROUP, INC.",0000713676,2020Q2,2020-06-30,noninterest_income,Noninterest income,1549000000.0,USD,us-gaap,NoninterestIncome,10-Q,2021-08-06,CY2020Q2,0000713676-21-000095,reported_quarterly_frame,real_public_sec_edgar,20202
PNC,"PNC FINANCIAL SERVICES GROUP, INC.",0000713676,2020Q2,2020-06-30,total_assets,Total assets,458978000000.0,USD,us-gaap,Assets,10-Q,2020-08-04,CY2020Q2I,0000713676-20-000115,reported_instant_frame,real_public_sec_edgar,20202
PNC,"PNC FINANCIAL SERVICES GROUP, INC.",0000713676,2020Q2,2020-06-30,total_deposits,Total deposits,345997000000.0,USD,us-gaap,Deposits,10-Q,2020-08-04,CY2020Q2I,0000713676-20-000115,reported_instant_frame,real_public_sec_edgar,20202
PNC,"PNC FINANCIAL SERVICES GROUP, INC.",0000713676,2020Q2,2020-06-30,total_equity,Total equity,52948000000.0,USD,us-gaap,StockholdersEquityIncludingPortionAttributableToNoncontrollingInterest,10-Q,2021-11-03,CY2020Q2I,0000713676-21-000122,reported_instant_frame,real_public_sec_edgar,20202
PNC,"PNC FINANCIAL SERVICES GROUP, INC.",0000713676,2020Q3,2020-09-30,interest_expense,Interest expense,192000000.0,USD,us-gaap,InterestExpense,10-Q,2021-11-03,CY2020Q3,0000713676-21-000122,reported_quarterly_frame,real_public_sec_edgar,20203
PNC,"PNC FINANCIAL SERVICES GROUP, INC.",0000713676,2020Q3,2020-09-30,interest_expense_deposits,Interest expense on deposits,74000000.0,USD,us-gaap,InterestExpenseDeposits,10-Q,2021-11-03,CY2020Q3,0000713676-21-000122,reported_quarterly_frame,real_public_sec_edgar,20203
PNC,"PNC FINANCIAL SERVICES GROUP, INC.",0000713676,2020Q3,2020-09-30,interest_income,Interest income,2676000000.0,USD,us-gaap,InterestAndDividendIncomeOperating,10-Q,2021-11-03,CY2020Q3,0000713676-21-000122,reported_quarterly_frame,real_public_sec_edgar,20203
PNC,"PNC FINANCIAL SERVICES GROUP, INC.",0000713676,2020Q3,2020-09-30,noninterest_expense,Noninterest expense,2531000000.0,USD,us-gaap,NoninterestExpense,10-Q,2021-11-03,CY2020Q3,0000713676-21-000122,reported_quarterly_frame,real_public_sec_edgar,20203
PNC,"PNC FINANCIAL SERVICES GROUP, INC.",0000713676,2020Q3,2020-09-30,noninterest_income,Noninterest income,1797000000.0,USD,us-gaap,NoninterestIncome,10-Q,2021-11-03,CY2020Q3,0000713676-21-000122,reported_quarterly_frame,real_public_sec_edgar,20203
PNC,"PNC FINANCIAL SERVICES GROUP, INC.",0000713676,2020Q3,2020-09-30,total_assets,Total assets,461817000000.0,USD,us-gaap,Assets,10-Q,2020-11-03,CY2020Q3I,0000713676-20-000139,reported_instant_frame,real_public_sec_edgar,20203
PNC,"PNC FINANCIAL SERVICES GROUP, INC.",0000713676,2020Q3,2020-09-30,total_deposits,Total deposits,355079000000.0,USD,us-gaap,Deposits,10-Q,2020-11-03,CY2020Q3I,0000713676-20-000139,reported_instant_frame,real_public_sec_edgar,20203
PNC,"PNC FINANCIAL SERVICES GROUP, INC.",0000713676,2020Q3,2020-09-30,total_equity,Total equity,53310000000.0,USD,us-gaap,StockholdersEquityIncludingPortionAttributableToNoncontrollingInterest,10-Q,2021-11-03,CY2020Q3I,0000713676-21-000122,reported_instant_frame,real_public_sec_edgar,20203
PNC,"PNC FINANCIAL SERVICES GROUP, INC.",0000713676,2020Q4,2020-12-31,interest_expense,Interest expense,152000000.0,USD,us-gaap,InterestExpense,10-K-derived,2023-02-22,CY2020Q4_DERIVED,0000713676-23-000020,derived_q4_from_reported_fy_less_q1_q3,real_public_sec_edgar,20204
PNC,"PNC FINANCIAL SERVICES GROUP, INC.",0000713676,2020Q4,2020-12-31,interest_expense_deposits,Interest expense on deposits,53000000.0,USD,us-gaap,InterestExpenseDeposits,10-K-derived,2023-02-22,CY2020Q4_DERIVED,0000713676-23-000020,derived_q4_from_reported_fy_less_q1_q3,real_public_sec_edgar,20204
PNC,"PNC FINANCIAL SERVICES GROUP, INC.",0000713676,2020Q4,2020-12-31,interest_income,Interest income,2576000000.0,USD,us-gaap,InterestAndDividendIncomeOperating,10-K-derived,2023-02-22,CY2020Q4_DERIVED,0000713676-23-000020,derived_q4_from_reported_fy_less_q1_q3,real_public_sec_edgar,20204
PNC,"PNC FINANCIAL SERVICES GROUP, INC.",0000713676,2020Q4,2020-12-31,noninterest_expense,Noninterest expense,2708000000.0,USD,us-gaap,NoninterestExpense,10-K-derived,2023-02-22,CY2020Q4_DERIVED,0000713676-23-000020,derived_q4_from_reported_fy_less_q1_q3,real_public_sec_edgar,20204
PNC,"PNC FINANCIAL SERVICES GROUP, INC.",0000713676,2020Q4,2020-12-31,noninterest_income,Noninterest income,1784000000.0,USD,us-gaap,NoninterestIncome,10-K-derived,2023-02-22,CY2020Q4_DERIVED,0000713676-23-000020,derived_q4_from_reported_fy_less_q1_q3,real_public_sec_edgar,20204
PNC,"PNC FINANCIAL SERVICES GROUP, INC.",0000713676,2020Q4,2020-12-31,total_assets,Total assets,466679000000.0,USD,us-gaap,Assets,10-K,2022-02-25,CY2020Q4I,0000713676-22-000019,reported_instant_frame,real_public_sec_edgar,20204
PNC,"PNC FINANCIAL SERVICES GROUP, INC.",0000713676,2020Q4,2020-12-31,total_deposits,Total deposits,365345000000.0,USD,us-gaap,Deposits,10-K,2022-02-25,CY2020Q4I,0000713676-22-000019,reported_instant_frame,real_public_sec_edgar,20204
PNC,"PNC FINANCIAL SERVICES GROUP, INC.",0000713676,2020Q4,2020-12-31,total_equity,Total equity,54041000000.0,USD,us-gaap,StockholdersEquityIncludingPortionAttributableToNoncontrollingInterest,10-K,2024-02-21,CY2020Q4I,0000713676-24-000028,reported_instant_frame,real_public_sec_edgar,20204
PNC,"PNC FINANCIAL SERVICES GROUP, INC.",0000713676,2020Q4,2020-12-31,total_loans,Total loans,236567000000.0,USD,us-gaap,FinancingReceivableExcludingAccruedInterestAfterAllowanceForCreditLoss,10-K,2022-02-25,CY2020Q4I,0000713676-22-000019,reported_instant_frame,real_public_sec_edgar,20204
PNC,"PNC FINANCIAL SERVICES GROUP, INC.",0000713676,2021Q1,2021-03-31,interest_expense,Interest expense,135000000.0,USD,us-gaap,InterestExpense,10-Q,2022-05-04,CY2021Q1,0000713676-22-000047,reported_quarterly_frame,real_public_sec_edgar,20211
PNC,"PNC FINANCIAL SERVICES GROUP, INC.",0000713676,2021Q1,2021-03-31,interest_expense_deposits,Interest expense on deposits,40000000.0,USD,us-gaap,InterestExpenseDeposits,10-Q,2022-05-04,CY2021Q1,0000713676-22-000047,reported_quarterly_frame,real_public_sec_edgar,20211
PNC,"PNC FINANCIAL SERVICES GROUP, INC.",0000713676,2021Q1,2021-03-31,interest_income,Interest income,2483000000.0,USD,us-gaap,InterestAndDividendIncomeOperating,10-Q,2022-05-04,CY2021Q1,0000713676-22-000047,reported_quarterly_frame,real_public_sec_edgar,20211
PNC,"PNC FINANCIAL SERVICES GROUP, INC.",0000713676,2021Q1,2021-03-31,noninterest_expense,Noninterest expense,2574000000.0,USD,us-gaap,NoninterestExpense,10-Q,2022-05-04,CY2021Q1,0000713676-22-000047,reported_quarterly_frame,real_public_sec_edgar,20211
PNC,"PNC FINANCIAL SERVICES GROUP, INC.",0000713676,2021Q1,2021-03-31,noninterest_income,Noninterest income,1872000000.0,USD,us-gaap,NoninterestIncome,10-Q,2022-05-04,CY2021Q1,0000713676-22-000047,reported_quarterly_frame,real_public_sec_edgar,20211
PNC,"PNC FINANCIAL SERVICES GROUP, INC.",0000713676,2021Q1,2021-03-31,total_assets,Total assets,474414000000.0,USD,us-gaap,Assets,10-Q,2021-05-05,CY2021Q1I,0000713676-21-000063,reported_instant_frame,real_public_sec_edgar,20211
PNC,"PNC FINANCIAL SERVICES GROUP, INC.",0000713676,2021Q1,2021-03-31,total_deposits,Total deposits,375067000000.0,USD,us-gaap,Deposits,10-Q,2021-05-05,CY2021Q1I,0000713676-21-000063,reported_instant_frame,real_public_sec_edgar,20211
PNC,"PNC FINANCIAL SERVICES GROUP, INC.",0000713676,2021Q1,2021-03-31,total_equity,Total equity,53879000000.0,USD,us-gaap,StockholdersEquityIncludingPortionAttributableToNoncontrollingInterest,10-Q,2022-08-02,CY2021Q1I,0000713676-22-000072,reported_instant_frame,real_public_sec_edgar,20211
PNC,"PNC FINANCIAL SERVICES GROUP, INC.",0000713676,2021Q2,2021-06-30,interest_expense,Interest expense,120000000.0,USD,us-gaap,InterestExpense,10-Q,2022-08-02,CY2021Q2,0000713676-22-000072,reported_quarterly_frame,real_public_sec_edgar,20212
PNC,"PNC FINANCIAL SERVICES GROUP, INC.",0000713676,2021Q2,2021-06-30,interest_expense_deposits,Interest expense on deposits,30000000.0,USD,us-gaap,InterestExpenseDeposits,10-Q,2022-08-02,CY2021Q2,0000713676-22-000072,reported_quarterly_frame,real_public_sec_edgar,20212
PNC,"PNC FINANCIAL SERVICES GROUP, INC.",0000713676,2021Q2,2021-06-30,interest_income,Interest income,2701000000.0,USD,us-gaap,InterestAndDividendIncomeOperating,10-Q,2022-08-02,CY2021Q2,0000713676-22-000072,reported_quarterly_frame,real_public_sec_edgar,20212
PNC,"PNC FINANCIAL SERVICES GROUP, INC.",0000713676,2021Q2,2021-06-30,noninterest_expense,Noninterest expense,3050000000.0,USD,us-gaap,NoninterestExpense,10-Q,2022-08-02,CY2021Q2,0000713676-22-000072,reported_quarterly_frame,real_public_sec_edgar,20212
PNC,"PNC FINANCIAL SERVICES GROUP, INC.",0000713676,2021Q2,2021-06-30,noninterest_income,Noninterest income,2086000000.0,USD,us-gaap,NoninterestIncome,10-Q,2022-08-02,CY2021Q2,0000713676-22-000072,reported_quarterly_frame,real_public_sec_edgar,20212
PNC,"PNC FINANCIAL SERVICES GROUP, INC.",0000713676,2021Q2,2021-06-30,total_assets,Total assets,554212000000.0,USD,us-gaap,Assets,10-Q,2021-08-06,CY2021Q2I,0000713676-21-000095,reported_instant_frame,real_public_sec_edgar,20212
PNC,"PNC FINANCIAL SERVICES GROUP, INC.",0000713676,2021Q2,2021-06-30,total_deposits,Total deposits,452883000000.0,USD,us-gaap,Deposits,10-Q,2021-08-06,CY2021Q2I,0000713676-21-000095,reported_instant_frame,real_public_sec_edgar,20212
PNC,"PNC FINANCIAL SERVICES GROUP, INC.",0000713676,2021Q2,2021-06-30,total_equity,Total equity,54685000000.0,USD,us-gaap,StockholdersEquityIncludingPortionAttributableToNoncontrollingInterest,10-Q,2022-11-02,CY2021Q2I,0000713676-22-000092,reported_instant_frame,real_public_sec_edgar,20212
PNC,"PNC FINANCIAL SERVICES GROUP, INC.",0000713676,2021Q3,2021-09-30,interest_expense,Interest expense,119000000.0,USD,us-gaap,InterestExpense,10-Q,2022-11-02,CY2021Q3,0000713676-22-000092,reported_quarterly_frame,real_public_sec_edgar,20213
PNC,"PNC FINANCIAL SERVICES GROUP, INC.",0000713676,2021Q3,2021-09-30,interest_expense_deposits,Interest expense on deposits,29000000.0,USD,us-gaap,InterestExpenseDeposits,10-Q,2022-11-02,CY2021Q3,0000713676-22-000092,reported_quarterly_frame,real_public_sec_edgar,20213
PNC,"PNC FINANCIAL SERVICES GROUP, INC.",0000713676,2021Q3,2021-09-30,interest_income,Interest income,2975000000.0,USD,us-gaap,InterestAndDividendIncomeOperating,10-Q,2022-11-02,CY2021Q3,0000713676-22-000092,reported_quarterly_frame,real_public_sec_edgar,20213
PNC,"PNC FINANCIAL SERVICES GROUP, INC.",0000713676,2021Q3,2021-09-30,noninterest_expense,Noninterest expense,3587000000.0,USD,us-gaap,NoninterestExpense,10-Q,2022-11-02,CY2021Q3,0000713676-22-000092,reported_quarterly_frame,real_public_sec_edgar,20213
PNC,"PNC FINANCIAL SERVICES GROUP, INC.",0000713676,2021Q3,2021-09-30,noninterest_income,Noninterest income,2341000000.0,USD,us-gaap,NoninterestIncome,10-Q,2022-11-02,CY2021Q3,0000713676-22-000092,reported_quarterly_frame,real_public_sec_edgar,20213
PNC,"PNC FINANCIAL SERVICES GROUP, INC.",0000713676,2021Q3,2021-09-30,total_assets,Total assets,553515000000.0,USD,us-gaap,Assets,10-Q,2021-11-03,CY2021Q3I,0000713676-21-000122,reported_instant_frame,real_public_sec_edgar,20213
PNC,"PNC FINANCIAL SERVICES GROUP, INC.",0000713676,2021Q3,2021-09-30,total_deposits,Total deposits,448902000000.0,USD,us-gaap,Deposits,10-Q,2021-11-03,CY2021Q3I,0000713676-21-000122,reported_instant_frame,real_public_sec_edgar,20213
PNC,"PNC FINANCIAL SERVICES GROUP, INC.",0000713676,2021Q3,2021-09-30,total_equity,Total equity,56297000000.0,USD,us-gaap,StockholdersEquityIncludingPortionAttributableToNoncontrollingInterest,10-Q,2022-11-02,CY2021Q3I,0000713676-22-000092,reported_instant_frame,real_public_sec_edgar,20213
PNC,"PNC FINANCIAL SERVICES GROUP, INC.",0000713676,2021Q4,2021-12-31,interest_expense,Interest expense,113000000.0,USD,us-gaap,InterestExpense,10-K-derived,2024-02-21,CY2021Q4_DERIVED,0000713676-24-000028,derived_q4_from_reported_fy_less_q1_q3,real_public_sec_edgar,20214
PNC,"PNC FINANCIAL SERVICES GROUP, INC.",0000713676,2021Q4,2021-12-31,interest_expense_deposits,Interest expense on deposits,27000000.0,USD,us-gaap,InterestExpenseDeposits,10-K-derived,2024-02-21,CY2021Q4_DERIVED,0000713676-24-000028,derived_q4_from_reported_fy_less_q1_q3,real_public_sec_edgar,20214
PNC,"PNC FINANCIAL SERVICES GROUP, INC.",0000713676,2021Q4,2021-12-31,interest_income,Interest income,2975000000.0,USD,us-gaap,InterestAndDividendIncomeOperating,10-K-derived,2024-02-21,CY2021Q4_DERIVED,0000713676-24-000028,derived_q4_from_reported_fy_less_q1_q3,real_public_sec_edgar,20214
PNC,"PNC FINANCIAL SERVICES GROUP, INC.",0000713676,2021Q4,2021-12-31,noninterest_expense,Noninterest expense,3791000000.0,USD,us-gaap,NoninterestExpense,10-K-derived,2024-02-21,CY2021Q4_DERIVED,0000713676-24-000028,derived_q4_from_reported_fy_less_q1_q3,real_public_sec_edgar,20214
PNC,"PNC FINANCIAL SERVICES GROUP, INC.",0000713676,2021Q4,2021-12-31,noninterest_income,Noninterest income,2265000000.0,USD,us-gaap,NoninterestIncome,10-K-derived,2024-02-21,CY2021Q4_DERIVED,0000713676-24-000028,derived_q4_from_reported_fy_less_q1_q3,real_public_sec_edgar,20214
PNC,"PNC FINANCIAL SERVICES GROUP, INC.",0000713676,2021Q4,2021-12-31,total_assets,Total assets,557191000000.0,USD,us-gaap,Assets,10-K,2023-02-22,CY2021Q4I,0000713676-23-000020,reported_instant_frame,real_public_sec_edgar,20214
PNC,"PNC FINANCIAL SERVICES GROUP, INC.",0000713676,2021Q4,2021-12-31,total_deposits,Total deposits,457278000000.0,USD,us-gaap,Deposits,10-K,2023-02-22,CY2021Q4I,0000713676-23-000020,reported_instant_frame,real_public_sec_edgar,20214
PNC,"PNC FINANCIAL SERVICES GROUP, INC.",0000713676,2021Q4,2021-12-31,total_equity,Total equity,55726000000.0,USD,us-gaap,StockholdersEquityIncludingPortionAttributableToNoncontrollingInterest,10-K,2025-02-21,CY2021Q4I,0000713676-25-000027,reported_instant_frame,real_public_sec_edgar,20214
PNC,"PNC FINANCIAL SERVICES GROUP, INC.",0000713676,2021Q4,2021-12-31,total_loans,Total loans,283504000000.0,USD,us-gaap,FinancingReceivableExcludingAccruedInterestAfterAllowanceForCreditLoss,10-K,2023-02-22,CY2021Q4I,0000713676-23-000020,reported_instant_frame,real_public_sec_edgar,20214
PNC,"PNC FINANCIAL SERVICES GROUP, INC.",0000713676,2022Q1,2022-03-31,interest_expense,Interest expense,110000000.0,USD,us-gaap,InterestExpense,10-Q,2023-05-02,CY2022Q1,0000713676-23-000037,reported_quarterly_frame,real_public_sec_edgar,20221
PNC,"PNC FINANCIAL SERVICES GROUP, INC.",0000713676,2022Q1,2022-03-31,interest_expense_deposits,Interest expense on deposits,27000000.0,USD,us-gaap,InterestExpenseDeposits,10-Q,2023-05-02,CY2022Q1,0000713676-23-000037,reported_quarterly_frame,real_public_sec_edgar,20221
PNC,"PNC FINANCIAL SERVICES GROUP, INC.",0000713676,2022Q1,2022-03-31,interest_income,Interest income,2914000000.0,USD,us-gaap,InterestAndDividendIncomeOperating,10-Q,2023-05-02,CY2022Q1,0000713676-23-000037,reported_quarterly_frame,real_public_sec_edgar,20221
PNC,"PNC FINANCIAL SERVICES GROUP, INC.",0000713676,2022Q1,2022-03-31,noninterest_expense,Noninterest expense,3172000000.0,USD,us-gaap,NoninterestExpense,10-Q,2023-05-02,CY2022Q1,0000713676-23-000037,reported_quarterly_frame,real_public_sec_edgar,20221
PNC,"PNC FINANCIAL SERVICES GROUP, INC.",0000713676,2022Q1,2022-03-31,noninterest_income,Noninterest income,1888000000.0,USD,us-gaap,NoninterestIncome,10-Q,2023-05-02,CY2022Q1,0000713676-23-000037,reported_quarterly_frame,real_public_sec_edgar,20221
PNC,"PNC FINANCIAL SERVICES GROUP, INC.",0000713676,2022Q1,2022-03-31,total_assets,Total assets,541246000000.0,USD,us-gaap,Assets,10-Q,2022-05-04,CY2022Q1I,0000713676-22-000047,reported_instant_frame,real_public_sec_edgar,20221
PNC,"PNC FINANCIAL SERVICES GROUP, INC.",0000713676,2022Q1,2022-03-31,total_deposits,Total deposits,450197000000.0,USD,us-gaap,Deposits,10-Q,2022-05-04,CY2022Q1I,0000713676-22-000047,reported_instant_frame,real_public_sec_edgar,20221
PNC,"PNC FINANCIAL SERVICES GROUP, INC.",0000713676,2022Q1,2022-03-31,total_equity,Total equity,49216000000.0,USD,us-gaap,StockholdersEquityIncludingPortionAttributableToNoncontrollingInterest,10-Q,2023-08-02,CY2022Q1I,0000713676-23-000058,reported_instant_frame,real_public_sec_edgar,20221
PNC,"PNC FINANCIAL SERVICES GROUP, INC.",0000713676,2022Q1,2022-03-31,total_loans,Total loans,289899000000.0,USD,us-gaap,FinancingReceivableExcludingAccruedInterestAfterAllowanceForCreditLoss,10-Q,2022-05-04,CY2022Q1I,0000713676-22-000047,reported_instant_frame,real_public_sec_edgar,20221
PNC,"PNC FINANCIAL SERVICES GROUP, INC.",0000713676,2022Q2,2022-06-30,interest_expense,Interest expense,230000000.0,USD,us-gaap,InterestExpense,10-Q,2023-08-02,CY2022Q2,0000713676-23-000058,reported_quarterly_frame,real_public_sec_edgar,20222
PNC,"PNC FINANCIAL SERVICES GROUP, INC.",0000713676,2022Q2,2022-06-30,interest_expense_deposits,Interest expense on deposits,88000000.0,USD,us-gaap,InterestExpenseDeposits,10-Q,2023-08-02,CY2022Q2,0000713676-23-000058,reported_quarterly_frame,real_public_sec_edgar,20222
PNC,"PNC FINANCIAL SERVICES GROUP, INC.",0000713676,2022Q2,2022-06-30,interest_income,Interest income,3281000000.0,USD,us-gaap,InterestAndDividendIncomeOperating,10-Q,2023-08-02,CY2022Q2,0000713676-23-000058,reported_quarterly_frame,real_public_sec_edgar,20222
PNC,"PNC FINANCIAL SERVICES GROUP, INC.",0000713676,2022Q2,2022-06-30,noninterest_expense,Noninterest expense,3244000000.0,USD,us-gaap,NoninterestExpense,10-Q,2023-08-02,CY2022Q2,0000713676-23-000058,reported_quarterly_frame,real_public_sec_edgar,20222
PNC,"PNC FINANCIAL SERVICES GROUP, INC.",0000713676,2022Q2,2022-06-30,noninterest_income,Noninterest income,2065000000.0,USD,us-gaap,NoninterestIncome,10-Q,2023-08-02,CY2022Q2,0000713676-23-000058,reported_quarterly_frame,real_public_sec_edgar,20222
PNC,"PNC FINANCIAL SERVICES GROUP, INC.",0000713676,2022Q2,2022-06-30,total_assets,Total assets,540786000000.0,USD,us-gaap,Assets,10-Q,2022-08-02,CY2022Q2I,0000713676-22-000072,reported_instant_frame,real_public_sec_edgar,20222
PNC,"PNC FINANCIAL SERVICES GROUP, INC.",0000713676,2022Q2,2022-06-30,total_deposits,Total deposits,440811000000.0,USD,us-gaap,Deposits,10-Q,2022-08-02,CY2022Q2I,0000713676-22-000072,reported_instant_frame,real_public_sec_edgar,20222
PNC,"PNC FINANCIAL SERVICES GROUP, INC.",0000713676,2022Q2,2022-06-30,total_equity,Total equity,47688000000.0,USD,us-gaap,StockholdersEquityIncludingPortionAttributableToNoncontrollingInterest,10-Q,2023-11-02,CY2022Q2I,0000713676-23-000079,reported_instant_frame,real_public_sec_edgar,20222
PNC,"PNC FINANCIAL SERVICES GROUP, INC.",0000713676,2022Q2,2022-06-30,total_loans,Total loans,306338000000.0,USD,us-gaap,FinancingReceivableExcludingAccruedInterestAfterAllowanceForCreditLoss,10-Q,2022-08-02,CY2022Q2I,0000713676-22-000072,reported_instant_frame,real_public_sec_edgar,20222
PNC,"PNC FINANCIAL SERVICES GROUP, INC.",0000713676,2022Q3,2022-09-30,interest_expense,Interest expense,657000000.0,USD,us-gaap,InterestExpense,10-Q,2023-11-02,CY2022Q3,0000713676-23-000079,reported_quarterly_frame,real_public_sec_edgar,20223
PNC,"PNC FINANCIAL SERVICES GROUP, INC.",0000713676,2022Q3,2022-09-30,interest_expense_deposits,Interest expense on deposits,340000000.0,USD,us-gaap,InterestExpenseDeposits,10-Q,2023-11-02,CY2022Q3,0000713676-23-000079,reported_quarterly_frame,real_public_sec_edgar,20223
PNC,"PNC FINANCIAL SERVICES GROUP, INC.",0000713676,2022Q3,2022-09-30,interest_income,Interest income,4132000000.0,USD,us-gaap,InterestAndDividendIncomeOperating,10-Q,2023-11-02,CY2022Q3,0000713676-23-000079,reported_quarterly_frame,real_public_sec_edgar,20223
PNC,"PNC FINANCIAL SERVICES GROUP, INC.",0000713676,2022Q3,2022-09-30,noninterest_expense,Noninterest expense,3280000000.0,USD,us-gaap,NoninterestExpense,10-Q,2023-11-02,CY2022Q3,0000713676-23-000079,reported_quarterly_frame,real_public_sec_edgar,20223
PNC,"PNC FINANCIAL SERVICES GROUP, INC.",0000713676,2022Q3,2022-09-30,noninterest_income,Noninterest income,2074000000.0,USD,us-gaap,NoninterestIncome,10-Q,2023-11-02,CY2022Q3,0000713676-23-000079,reported_quarterly_frame,real_public_sec_edgar,20223
PNC,"PNC FINANCIAL SERVICES GROUP, INC.",0000713676,2022Q3,2022-09-30,total_assets,Total assets,559477000000.0,USD,us-gaap,Assets,10-Q,2022-11-02,CY2022Q3I,0000713676-22-000092,reported_instant_frame,real_public_sec_edgar,20223
PNC,"PNC FINANCIAL SERVICES GROUP, INC.",0000713676,2022Q3,2022-09-30,total_deposits,Total deposits,438194000000.0,USD,us-gaap,Deposits,10-Q,2022-11-02,CY2022Q3I,0000713676-22-000092,reported_instant_frame,real_public_sec_edgar,20223
PNC,"PNC FINANCIAL SERVICES GROUP, INC.",0000713676,2022Q3,2022-09-30,total_equity,Total equity,46723000000.0,USD,us-gaap,StockholdersEquityIncludingPortionAttributableToNoncontrollingInterest,10-Q,2023-11-02,CY2022Q3I,0000713676-23-000079,reported_instant_frame,real_public_sec_edgar,20223
PNC,"PNC FINANCIAL SERVICES GROUP, INC.",0000713676,2022Q3,2022-09-30,total_loans,Total loans,310819000000.0,USD,us-gaap,FinancingReceivableExcludingAccruedInterestAfterAllowanceForCreditLoss,10-Q,2022-11-02,CY2022Q3I,0000713676-22-000092,reported_instant_frame,real_public_sec_edgar,20223
PNC,"PNC FINANCIAL SERVICES GROUP, INC.",0000713676,2022Q4,2022-12-31,interest_expense,Interest expense,1425000000.0,USD,us-gaap,InterestExpense,10-K-derived,2024-02-21,CY2022Q4_DERIVED,0000713676-24-000028,derived_q4_from_reported_fy_less_q1_q3,real_public_sec_edgar,20224
PNC,"PNC FINANCIAL SERVICES GROUP, INC.",0000713676,2022Q4,2022-12-31,interest_expense_deposits,Interest expense on deposits,812000000.0,USD,us-gaap,InterestExpenseDeposits,10-K-derived,2025-02-21,CY2022Q4_DERIVED,0000713676-25-000027,derived_q4_from_reported_fy_less_q1_q3,real_public_sec_edgar,20224
PNC,"PNC FINANCIAL SERVICES GROUP, INC.",0000713676,2022Q4,2022-12-31,interest_income,Interest income,5109000000.0,USD,us-gaap,InterestAndDividendIncomeOperating,10-K-derived,2025-02-21,CY2022Q4_DERIVED,0000713676-25-000027,derived_q4_from_reported_fy_less_q1_q3,real_public_sec_edgar,20224
PNC,"PNC FINANCIAL SERVICES GROUP, INC.",0000713676,2022Q4,2022-12-31,noninterest_expense,Noninterest expense,3474000000.0,USD,us-gaap,NoninterestExpense,10-K-derived,2025-02-21,CY2022Q4_DERIVED,0000713676-25-000027,derived_q4_from_reported_fy_less_q1_q3,real_public_sec_edgar,20224
PNC,"PNC FINANCIAL SERVICES GROUP, INC.",0000713676,2022Q4,2022-12-31,noninterest_income,Noninterest income,2079000000.0,USD,us-gaap,NoninterestIncome,10-K-derived,2025-02-21,CY2022Q4_DERIVED,0000713676-25-000027,derived_q4_from_reported_fy_less_q1_q3,real_public_sec_edgar,20224
PNC,"PNC FINANCIAL SERVICES GROUP, INC.",0000713676,2022Q4,2022-12-31,total_assets,Total assets,557263000000.0,USD,us-gaap,Assets,10-K,2024-02-21,CY2022Q4I,0000713676-24-000028,reported_instant_frame,real_public_sec_edgar,20224
PNC,"PNC FINANCIAL SERVICES GROUP, INC.",0000713676,2022Q4,2022-12-31,total_deposits,Total deposits,436282000000.0,USD,us-gaap,Deposits,10-K,2024-02-21,CY2022Q4I,0000713676-24-000028,reported_instant_frame,real_public_sec_edgar,20224
PNC,"PNC FINANCIAL SERVICES GROUP, INC.",0000713676,2022Q4,2022-12-31,total_equity,Total equity,45812000000.0,USD,us-gaap,StockholdersEquityIncludingPortionAttributableToNoncontrollingInterest,10-K,2026-02-20,CY2022Q4I,0000713676-26-000020,reported_instant_frame,real_public_sec_edgar,20224
PNC,"PNC FINANCIAL SERVICES GROUP, INC.",0000713676,2022Q4,2022-12-31,total_loans,Total loans,321284000000.0,USD,us-gaap,FinancingReceivableExcludingAccruedInterestAfterAllowanceForCreditLoss,10-K,2024-02-21,CY2022Q4I,0000713676-24-000028,reported_instant_frame,real_public_sec_edgar,20224
PNC,"PNC FINANCIAL SERVICES GROUP, INC.",0000713676,2023Q1,2023-03-31,interest_expense,Interest expense,2074000000.0,USD,us-gaap,InterestExpense,10-Q,2024-05-02,CY2023Q1,0000713676-24-000046,reported_quarterly_frame,real_public_sec_edgar,20231
PNC,"PNC FINANCIAL SERVICES GROUP, INC.",0000713676,2023Q1,2023-03-31,interest_expense_deposits,Interest expense on deposits,1291000000.0,USD,us-gaap,InterestExpenseDeposits,10-Q,2024-05-02,CY2023Q1,0000713676-24-000046,reported_quarterly_frame,real_public_sec_edgar,20231
PNC,"PNC FINANCIAL SERVICES GROUP, INC.",0000713676,2023Q1,2023-03-31,interest_income,Interest income,5659000000.0,USD,us-gaap,InterestAndDividendIncomeOperating,10-Q,2024-05-02,CY2023Q1,0000713676-24-000046,reported_quarterly_frame,real_public_sec_edgar,20231
PNC,"PNC FINANCIAL SERVICES GROUP, INC.",0000713676,2023Q1,2023-03-31,noninterest_expense,Noninterest expense,3321000000.0,USD,us-gaap,NoninterestExpense,10-Q,2024-05-02,CY2023Q1,0000713676-24-000046,reported_quarterly_frame,real_public_sec_edgar,20231
PNC,"PNC FINANCIAL SERVICES GROUP, INC.",0000713676,2023Q1,2023-03-31,noninterest_income,Noninterest income,2018000000.0,USD,us-gaap,NoninterestIncome,10-Q,2024-05-02,CY2023Q1,0000713676-24-000046,reported_quarterly_frame,real_public_sec_edgar,20231
PNC,"PNC FINANCIAL SERVICES GROUP, INC.",0000713676,2023Q1,2023-03-31,total_assets,Total assets,561777000000.0,USD,us-gaap,Assets,10-Q,2023-05-02,CY2023Q1I,0000713676-23-000037,reported_instant_frame,real_public_sec_edgar,20231
PNC,"PNC FINANCIAL SERVICES GROUP, INC.",0000713676,2023Q1,2023-03-31,total_deposits,Total deposits,436833000000.0,USD,us-gaap,Deposits,10-Q,2023-05-02,CY2023Q1I,0000713676-23-000037,reported_instant_frame,real_public_sec_edgar,20231
PNC,"PNC FINANCIAL SERVICES GROUP, INC.",0000713676,2023Q1,2023-03-31,total_equity,Total equity,49074000000.0,USD,us-gaap,StockholdersEquityIncludingPortionAttributableToNoncontrollingInterest,10-Q,2024-08-02,CY2023Q1I,0000713676-24-000068,reported_instant_frame,real_public_sec_edgar,20231
PNC,"PNC FINANCIAL SERVICES GROUP, INC.",0000713676,2023Q1,2023-03-31,total_loans,Total loans,321734000000.0,USD,us-gaap,FinancingReceivableExcludingAccruedInterestAfterAllowanceForCreditLoss,10-Q,2023-05-02,CY2023Q1I,0000713676-23-000037,reported_instant_frame,real_public_sec_edgar,20231
PNC,"PNC FINANCIAL SERVICES GROUP, INC.",0000713676,2023Q2,2023-06-30,interest_expense,Interest expense,2434000000.0,USD,us-gaap,InterestExpenseOperating,10-Q,2024-08-02,CY2023Q2,0000713676-24-000068,reported_quarterly_frame,real_public_sec_edgar,20232
PNC,"PNC FINANCIAL SERVICES GROUP, INC.",0000713676,2023Q2,2023-06-30,interest_expense_deposits,Interest expense on deposits,1531000000.0,USD,us-gaap,InterestExpenseDeposits,10-Q,2024-08-02,CY2023Q2,0000713676-24-000068,reported_quarterly_frame,real_public_sec_edgar,20232
PNC,"PNC FINANCIAL SERVICES GROUP, INC.",0000713676,2023Q2,2023-06-30,interest_income,Interest income,5944000000.0,USD,us-gaap,InterestAndDividendIncomeOperating,10-Q,2024-08-02,CY2023Q2,0000713676-24-000068,reported_quarterly_frame,real_public_sec_edgar,20232
PNC,"PNC FINANCIAL SERVICES GROUP, INC.",0000713676,2023Q2,2023-06-30,noninterest_expense,Noninterest expense,3372000000.0,USD,us-gaap,NoninterestExpense,10-Q,2024-08-02,CY2023Q2,0000713676-24-000068,reported_quarterly_frame,real_public_sec_edgar,20232
PNC,"PNC FINANCIAL SERVICES GROUP, INC.",0000713676,2023Q2,2023-06-30,noninterest_income,Noninterest income,1783000000.0,USD,us-gaap,NoninterestIncome,10-Q,2024-08-02,CY2023Q2,0000713676-24-000068,reported_quarterly_frame,real_public_sec_edgar,20232
PNC,"PNC FINANCIAL SERVICES GROUP, INC.",0000713676,2023Q2,2023-06-30,total_assets,Total assets,558207000000.0,USD,us-gaap,Assets,10-Q,2023-08-02,CY2023Q2I,0000713676-23-000058,reported_instant_frame,real_public_sec_edgar,20232
PNC,"PNC FINANCIAL SERVICES GROUP, INC.",0000713676,2023Q2,2023-06-30,total_deposits,Total deposits,427489000000.0,USD,us-gaap,Deposits,10-Q,2023-08-02,CY2023Q2I,0000713676-23-000058,reported_instant_frame,real_public_sec_edgar,20232
PNC,"PNC FINANCIAL SERVICES GROUP, INC.",0000713676,2023Q2,2023-06-30,total_equity,Total equity,49346000000.0,USD,us-gaap,StockholdersEquityIncludingPortionAttributableToNoncontrollingInterest,10-Q,2024-11-01,CY2023Q2I,0000713676-24-000081,reported_instant_frame,real_public_sec_edgar,20232
PNC,"PNC FINANCIAL SERVICES GROUP, INC.",0000713676,2023Q2,2023-06-30,total_loans,Total loans,317024000000.0,USD,us-gaap,FinancingReceivableExcludingAccruedInterestAfterAllowanceForCreditLoss,10-Q,2023-08-02,CY2023Q2I,0000713676-23-000058,reported_instant_frame,real_public_sec_edgar,20232
PNC,"PNC FINANCIAL SERVICES GROUP, INC.",0000713676,2023Q3,2023-09-30,interest_expense,Interest expense,2785000000.0,USD,us-gaap,InterestExpenseOperating,10-Q,2024-11-01,CY2023Q3,0000713676-24-000081,reported_quarterly_frame,real_public_sec_edgar,20233
PNC,"PNC FINANCIAL SERVICES GROUP, INC.",0000713676,2023Q3,2023-09-30,interest_expense_deposits,Interest expense on deposits,1792000000.0,USD,us-gaap,InterestExpenseDeposits,10-Q,2024-11-01,CY2023Q3,0000713676-24-000081,reported_quarterly_frame,real_public_sec_edgar,20233
PNC,"PNC FINANCIAL SERVICES GROUP, INC.",0000713676,2023Q3,2023-09-30,interest_income,Interest income,6203000000.0,USD,us-gaap,InterestAndDividendIncomeOperating,10-Q,2024-11-01,CY2023Q3,0000713676-24-000081,reported_quarterly_frame,real_public_sec_edgar,20233
PNC,"PNC FINANCIAL SERVICES GROUP, INC.",0000713676,2023Q3,2023-09-30,noninterest_expense,Noninterest expense,3245000000.0,USD,us-gaap,NoninterestExpense,10-Q,2024-11-01,CY2023Q3,0000713676-24-000081,reported_quarterly_frame,real_public_sec_edgar,20233
PNC,"PNC FINANCIAL SERVICES GROUP, INC.",0000713676,2023Q3,2023-09-30,noninterest_income,Noninterest income,1815000000.0,USD,us-gaap,NoninterestIncome,10-Q,2024-11-01,CY2023Q3,0000713676-24-000081,reported_quarterly_frame,real_public_sec_edgar,20233
PNC,"PNC FINANCIAL SERVICES GROUP, INC.",0000713676,2023Q3,2023-09-30,total_assets,Total assets,557334000000.0,USD,us-gaap,Assets,10-Q,2023-11-02,CY2023Q3I,0000713676-23-000079,reported_instant_frame,real_public_sec_edgar,20233
PNC,"PNC FINANCIAL SERVICES GROUP, INC.",0000713676,2023Q3,2023-09-30,total_deposits,Total deposits,423609000000.0,USD,us-gaap,Deposits,10-Q,2023-11-02,CY2023Q3I,0000713676-23-000079,reported_instant_frame,real_public_sec_edgar,20233
PNC,"PNC FINANCIAL SERVICES GROUP, INC.",0000713676,2023Q3,2023-09-30,total_equity,Total equity,49481000000.0,USD,us-gaap,StockholdersEquityIncludingPortionAttributableToNoncontrollingInterest,10-Q,2024-11-01,CY2023Q3I,0000713676-24-000081,reported_instant_frame,real_public_sec_edgar,20233
PNC,"PNC FINANCIAL SERVICES GROUP, INC.",0000713676,2023Q3,2023-09-30,total_loans,Total loans,313649000000.0,USD,us-gaap,FinancingReceivableExcludingAccruedInterestAfterAllowanceForCreditLoss,10-Q,2023-11-02,CY2023Q3I,0000713676-23-000079,reported_instant_frame,real_public_sec_edgar,20233
PNC,"PNC FINANCIAL SERVICES GROUP, INC.",0000713676,2023Q4,2023-12-31,interest_expense,Interest expense,3099000000.0,USD,us-gaap,InterestExpense,10-K-derived,2024-02-21,CY2023Q4_DERIVED,0000713676-24-000028,derived_q4_from_reported_fy_less_q1_q3,real_public_sec_edgar,20234
PNC,"PNC FINANCIAL SERVICES GROUP, INC.",0000713676,2023Q4,2023-12-31,interest_expense_deposits,Interest expense on deposits,1995000000.0,USD,us-gaap,InterestExpenseDeposits,10-K-derived,2026-02-20,CY2023Q4_DERIVED,0000713676-26-000020,derived_q4_from_reported_fy_less_q1_q3,real_public_sec_edgar,20234
PNC,"PNC FINANCIAL SERVICES GROUP, INC.",0000713676,2023Q4,2023-12-31,interest_income,Interest income,6502000000.0,USD,us-gaap,InterestAndDividendIncomeOperating,10-K-derived,2026-02-20,CY2023Q4_DERIVED,0000713676-26-000020,derived_q4_from_reported_fy_less_q1_q3,real_public_sec_edgar,20234
PNC,"PNC FINANCIAL SERVICES GROUP, INC.",0000713676,2023Q4,2023-12-31,noninterest_expense,Noninterest expense,4074000000.0,USD,us-gaap,NoninterestExpense,10-K-derived,2026-02-20,CY2023Q4_DERIVED,0000713676-26-000020,derived_q4_from_reported_fy_less_q1_q3,real_public_sec_edgar,20234
PNC,"PNC FINANCIAL SERVICES GROUP, INC.",0000713676,2023Q4,2023-12-31,noninterest_income,Noninterest income,1958000000.0,USD,us-gaap,NoninterestIncome,10-K-derived,2026-02-20,CY2023Q4_DERIVED,0000713676-26-000020,derived_q4_from_reported_fy_less_q1_q3,real_public_sec_edgar,20234
PNC,"PNC FINANCIAL SERVICES GROUP, INC.",0000713676,2023Q4,2023-12-31,total_assets,Total assets,561580000000.0,USD,us-gaap,Assets,10-K,2025-02-21,CY2023Q4I,0000713676-25-000027,reported_instant_frame,real_public_sec_edgar,20234
PNC,"PNC FINANCIAL SERVICES GROUP, INC.",0000713676,2023Q4,2023-12-31,total_deposits,Total deposits,421418000000.0,USD,us-gaap,Deposits,10-K,2025-02-21,CY2023Q4I,0000713676-25-000027,reported_instant_frame,real_public_sec_edgar,20234
PNC,"PNC FINANCIAL SERVICES GROUP, INC.",0000713676,2023Q4,2023-12-31,total_equity,Total equity,51141000000.0,USD,us-gaap,StockholdersEquityIncludingPortionAttributableToNoncontrollingInterest,10-K,2026-02-20,CY2023Q4I,0000713676-26-000020,reported_instant_frame,real_public_sec_edgar,20234
PNC,"PNC FINANCIAL SERVICES GROUP, INC.",0000713676,2023Q4,2023-12-31,total_loans,Total loans,316717000000.0,USD,us-gaap,FinancingReceivableExcludingAccruedInterestAfterAllowanceForCreditLoss,10-K,2025-02-21,CY2023Q4I,0000713676-25-000027,reported_instant_frame,real_public_sec_edgar,20234
PNC,"PNC FINANCIAL SERVICES GROUP, INC.",0000713676,2024Q1,2024-03-31,interest_expense,Interest expense,3236000000.0,USD,us-gaap,InterestExpenseOperating,10-Q,2025-05-02,CY2024Q1,0001628280-25-021752,reported_quarterly_frame,real_public_sec_edgar,20241
PNC,"PNC FINANCIAL SERVICES GROUP, INC.",0000713676,2024Q1,2024-03-31,interest_expense_deposits,Interest expense on deposits,2077000000.0,USD,us-gaap,InterestExpenseDeposits,10-Q,2025-05-02,CY2024Q1,0001628280-25-021752,reported_quarterly_frame,real_public_sec_edgar,20241
PNC,"PNC FINANCIAL SERVICES GROUP, INC.",0000713676,2024Q1,2024-03-31,interest_income,Interest income,6500000000.0,USD,us-gaap,InterestAndDividendIncomeOperating,10-Q,2025-05-02,CY2024Q1,0001628280-25-021752,reported_quarterly_frame,real_public_sec_edgar,20241
PNC,"PNC FINANCIAL SERVICES GROUP, INC.",0000713676,2024Q1,2024-03-31,noninterest_expense,Noninterest expense,3334000000.0,USD,us-gaap,NoninterestExpense,10-Q,2025-05-02,CY2024Q1,0001628280-25-021752,reported_quarterly_frame,real_public_sec_edgar,20241
PNC,"PNC FINANCIAL SERVICES GROUP, INC.",0000713676,2024Q1,2024-03-31,noninterest_income,Noninterest income,1881000000.0,USD,us-gaap,NoninterestIncome,10-Q,2025-05-02,CY2024Q1,0001628280-25-021752,reported_quarterly_frame,real_public_sec_edgar,20241
PNC,"PNC FINANCIAL SERVICES GROUP, INC.",0000713676,2024Q1,2024-03-31,total_assets,Total assets,566162000000.0,USD,us-gaap,Assets,10-Q,2024-05-02,CY2024Q1I,0000713676-24-000046,reported_instant_frame,real_public_sec_edgar,20241
PNC,"PNC FINANCIAL SERVICES GROUP, INC.",0000713676,2024Q1,2024-03-31,total_deposits,Total deposits,425624000000.0,USD,us-gaap,Deposits,10-Q,2024-05-02,CY2024Q1I,0000713676-24-000046,reported_instant_frame,real_public_sec_edgar,20241
PNC,"PNC FINANCIAL SERVICES GROUP, INC.",0000713676,2024Q1,2024-03-31,total_equity,Total equity,51374000000.0,USD,us-gaap,StockholdersEquityIncludingPortionAttributableToNoncontrollingInterest,10-Q,2025-08-01,CY2024Q1I,0000713676-25-000060,reported_instant_frame,real_public_sec_edgar,20241
PNC,"PNC FINANCIAL SERVICES GROUP, INC.",0000713676,2024Q1,2024-03-31,total_loans,Total loans,315088000000.0,USD,us-gaap,FinancingReceivableExcludingAccruedInterestAfterAllowanceForCreditLoss,10-Q,2024-05-02,CY2024Q1I,0000713676-24-000046,reported_instant_frame,real_public_sec_edgar,20241
PNC,"PNC FINANCIAL SERVICES GROUP, INC.",0000713676,2024Q2,2024-06-30,interest_expense,Interest expense,3266000000.0,USD,us-gaap,InterestExpenseOperating,10-Q,2025-08-01,CY2024Q2,0000713676-25-000060,reported_quarterly_frame,real_public_sec_edgar,20242
PNC,"PNC FINANCIAL SERVICES GROUP, INC.",0000713676,2024Q2,2024-06-30,interest_expense_deposits,Interest expense on deposits,2084000000.0,USD,us-gaap,InterestExpenseDeposits,10-Q,2025-08-01,CY2024Q2,0000713676-25-000060,reported_quarterly_frame,real_public_sec_edgar,20242
PNC,"PNC FINANCIAL SERVICES GROUP, INC.",0000713676,2024Q2,2024-06-30,interest_income,Interest income,6568000000.0,USD,us-gaap,InterestAndDividendIncomeOperating,10-Q,2025-08-01,CY2024Q2,0000713676-25-000060,reported_quarterly_frame,real_public_sec_edgar,20242
PNC,"PNC FINANCIAL SERVICES GROUP, INC.",0000713676,2024Q2,2024-06-30,noninterest_expense,Noninterest expense,3357000000.0,USD,us-gaap,NoninterestExpense,10-Q,2025-08-01,CY2024Q2,0000713676-25-000060,reported_quarterly_frame,real_public_sec_edgar,20242
PNC,"PNC FINANCIAL SERVICES GROUP, INC.",0000713676,2024Q2,2024-06-30,noninterest_income,Noninterest income,2109000000.0,USD,us-gaap,NoninterestIncome,10-Q,2025-08-01,CY2024Q2,0000713676-25-000060,reported_quarterly_frame,real_public_sec_edgar,20242
PNC,"PNC FINANCIAL SERVICES GROUP, INC.",0000713676,2024Q2,2024-06-30,total_assets,Total assets,556519000000.0,USD,us-gaap,Assets,10-Q,2024-08-02,CY2024Q2I,0000713676-24-000068,reported_instant_frame,real_public_sec_edgar,20242
PNC,"PNC FINANCIAL SERVICES GROUP, INC.",0000713676,2024Q2,2024-06-30,total_deposits,Total deposits,416391000000.0,USD,us-gaap,Deposits,10-Q,2024-08-02,CY2024Q2I,0000713676-24-000068,reported_instant_frame,real_public_sec_edgar,20242
PNC,"PNC FINANCIAL SERVICES GROUP, INC.",0000713676,2024Q2,2024-06-30,total_equity,Total equity,52681000000.0,USD,us-gaap,StockholdersEquityIncludingPortionAttributableToNoncontrollingInterest,10-Q,2025-11-03,CY2024Q2I,0000713676-25-000132,reported_instant_frame,real_public_sec_edgar,20242
PNC,"PNC FINANCIAL SERVICES GROUP, INC.",0000713676,2024Q2,2024-06-30,total_loans,Total loans,316793000000.0,USD,us-gaap,FinancingReceivableExcludingAccruedInterestAfterAllowanceForCreditLoss,10-Q,2024-08-02,CY2024Q2I,0000713676-24-000068,reported_instant_frame,real_public_sec_edgar,20242
PNC,"PNC FINANCIAL SERVICES GROUP, INC.",0000713676,2024Q3,2024-09-30,interest_expense,Interest expense,3412000000.0,USD,us-gaap,InterestExpenseOperating,10-Q,2025-11-03,CY2024Q3,0000713676-25-000132,reported_quarterly_frame,real_public_sec_edgar,20243
PNC,"PNC FINANCIAL SERVICES GROUP, INC.",0000713676,2024Q3,2024-09-30,interest_expense_deposits,Interest expense on deposits,2230000000.0,USD,us-gaap,InterestExpenseDeposits,10-Q,2025-11-03,CY2024Q3,0000713676-25-000132,reported_quarterly_frame,real_public_sec_edgar,20243
PNC,"PNC FINANCIAL SERVICES GROUP, INC.",0000713676,2024Q3,2024-09-30,interest_income,Interest income,6822000000.0,USD,us-gaap,InterestAndDividendIncomeOperating,10-Q,2025-11-03,CY2024Q3,0000713676-25-000132,reported_quarterly_frame,real_public_sec_edgar,20243
PNC,"PNC FINANCIAL SERVICES GROUP, INC.",0000713676,2024Q3,2024-09-30,noninterest_expense,Noninterest expense,3327000000.0,USD,us-gaap,NoninterestExpense,10-Q,2025-11-03,CY2024Q3,0000713676-25-000132,reported_quarterly_frame,real_public_sec_edgar,20243
PNC,"PNC FINANCIAL SERVICES GROUP, INC.",0000713676,2024Q3,2024-09-30,noninterest_income,Noninterest income,2022000000.0,USD,us-gaap,NoninterestIncome,10-Q,2025-11-03,CY2024Q3,0000713676-25-000132,reported_quarterly_frame,real_public_sec_edgar,20243
PNC,"PNC FINANCIAL SERVICES GROUP, INC.",0000713676,2024Q3,2024-09-30,total_assets,Total assets,564881000000.0,USD,us-gaap,Assets,10-Q,2024-11-01,CY2024Q3I,0000713676-24-000081,reported_instant_frame,real_public_sec_edgar,20243
PNC,"PNC FINANCIAL SERVICES GROUP, INC.",0000713676,2024Q3,2024-09-30,total_deposits,Total deposits,423966000000.0,USD,us-gaap,Deposits,10-Q,2024-11-01,CY2024Q3I,0000713676-24-000081,reported_instant_frame,real_public_sec_edgar,20243
PNC,"PNC FINANCIAL SERVICES GROUP, INC.",0000713676,2024Q3,2024-09-30,total_equity,Total equity,55729000000.0,USD,us-gaap,StockholdersEquityIncludingPortionAttributableToNoncontrollingInterest,10-Q,2025-11-03,CY2024Q3I,0000713676-25-000132,reported_instant_frame,real_public_sec_edgar,20243
PNC,"PNC FINANCIAL SERVICES GROUP, INC.",0000713676,2024Q3,2024-09-30,total_loans,Total loans,316792000000.0,USD,us-gaap,FinancingReceivableExcludingAccruedInterestAfterAllowanceForCreditLoss,10-Q,2024-11-01,CY2024Q3I,0000713676-24-000081,reported_instant_frame,real_public_sec_edgar,20243
PNC,"PNC FINANCIAL SERVICES GROUP, INC.",0000713676,2024Q4,2024-12-31,interest_expense,Interest expense,2971000000.0,USD,us-gaap,InterestExpenseOperating,10-K-derived,2026-02-20,CY2024Q4_DERIVED,0000713676-26-000020,derived_q4_from_reported_fy_less_q1_q3,real_public_sec_edgar,20244
PNC,"PNC FINANCIAL SERVICES GROUP, INC.",0000713676,2024Q4,2024-12-31,interest_expense_deposits,Interest expense on deposits,2010000000.0,USD,us-gaap,InterestExpenseDeposits,10-K-derived,2026-02-20,CY2024Q4_DERIVED,0000713676-26-000020,derived_q4_from_reported_fy_less_q1_q3,real_public_sec_edgar,20244
PNC,"PNC FINANCIAL SERVICES GROUP, INC.",0000713676,2024Q4,2024-12-31,interest_income,Interest income,6494000000.0,USD,us-gaap,InterestAndDividendIncomeOperating,10-K-derived,2026-02-20,CY2024Q4_DERIVED,0000713676-26-000020,derived_q4_from_reported_fy_less_q1_q3,real_public_sec_edgar,20244
PNC,"PNC FINANCIAL SERVICES GROUP, INC.",0000713676,2024Q4,2024-12-31,noninterest_expense,Noninterest expense,3506000000.0,USD,us-gaap,NoninterestExpense,10-K-derived,2026-02-20,CY2024Q4_DERIVED,0000713676-26-000020,derived_q4_from_reported_fy_less_q1_q3,real_public_sec_edgar,20244
PNC,"PNC FINANCIAL SERVICES GROUP, INC.",0000713676,2024Q4,2024-12-31,noninterest_income,Noninterest income,2044000000.0,USD,us-gaap,NoninterestIncome,10-K-derived,2026-02-20,CY2024Q4_DERIVED,0000713676-26-000020,derived_q4_from_reported_fy_less_q1_q3,real_public_sec_edgar,20244
PNC,"PNC FINANCIAL SERVICES GROUP, INC.",0000713676,2024Q4,2024-12-31,total_assets,Total assets,560038000000.0,USD,us-gaap,Assets,10-K,2026-02-20,CY2024Q4I,0000713676-26-000020,reported_instant_frame,real_public_sec_edgar,20244
PNC,"PNC FINANCIAL SERVICES GROUP, INC.",0000713676,2024Q4,2024-12-31,total_deposits,Total deposits,426738000000.0,USD,us-gaap,Deposits,10-K,2026-02-20,CY2024Q4I,0000713676-26-000020,reported_instant_frame,real_public_sec_edgar,20244
PNC,"PNC FINANCIAL SERVICES GROUP, INC.",0000713676,2024Q4,2024-12-31,total_equity,Total equity,54469000000.0,USD,us-gaap,StockholdersEquityIncludingPortionAttributableToNoncontrollingInterest,10-Q,2026-05-05,CY2024Q4I,0000713676-26-000038,reported_instant_frame,real_public_sec_edgar,20244
PNC,"PNC FINANCIAL SERVICES GROUP, INC.",0000713676,2024Q4,2024-12-31,total_loans,Total loans,311981000000.0,USD,us-gaap,FinancingReceivableExcludingAccruedInterestAfterAllowanceForCreditLoss,10-K,2026-02-20,CY2024Q4I,0000713676-26-000020,reported_instant_frame,real_public_sec_edgar,20244
PNC,"PNC FINANCIAL SERVICES GROUP, INC.",0000713676,2025Q1,2025-03-31,interest_expense,Interest expense,2654000000.0,USD,us-gaap,InterestExpenseOperating,10-Q,2026-05-05,CY2025Q1,0000713676-26-000038,reported_quarterly_frame,real_public_sec_edgar,20251
PNC,"PNC FINANCIAL SERVICES GROUP, INC.",0000713676,2025Q1,2025-03-31,interest_expense_deposits,Interest expense on deposits,1808000000.0,USD,us-gaap,InterestExpenseDeposits,10-Q,2026-05-05,CY2025Q1,0000713676-26-000038,reported_quarterly_frame,real_public_sec_edgar,20251
PNC,"PNC FINANCIAL SERVICES GROUP, INC.",0000713676,2025Q1,2025-03-31,interest_income,Interest income,6130000000.0,USD,us-gaap,InterestAndDividendIncomeOperating,10-Q,2026-05-05,CY2025Q1,0000713676-26-000038,reported_quarterly_frame,real_public_sec_edgar,20251
PNC,"PNC FINANCIAL SERVICES GROUP, INC.",0000713676,2025Q1,2025-03-31,noninterest_expense,Noninterest expense,3387000000.0,USD,us-gaap,NoninterestExpense,10-Q,2026-05-05,CY2025Q1,0000713676-26-000038,reported_quarterly_frame,real_public_sec_edgar,20251
PNC,"PNC FINANCIAL SERVICES GROUP, INC.",0000713676,2025Q1,2025-03-31,noninterest_income,Noninterest income,1976000000.0,USD,us-gaap,NoninterestIncome,10-Q,2026-05-05,CY2025Q1,0000713676-26-000038,reported_quarterly_frame,real_public_sec_edgar,20251
PNC,"PNC FINANCIAL SERVICES GROUP, INC.",0000713676,2025Q1,2025-03-31,total_assets,Total assets,554722000000.0,USD,us-gaap,Assets,10-Q,2025-05-02,CY2025Q1I,0001628280-25-021752,reported_instant_frame,real_public_sec_edgar,20251
PNC,"PNC FINANCIAL SERVICES GROUP, INC.",0000713676,2025Q1,2025-03-31,total_deposits,Total deposits,422915000000.0,USD,us-gaap,Deposits,10-Q,2025-05-02,CY2025Q1I,0001628280-25-021752,reported_instant_frame,real_public_sec_edgar,20251
PNC,"PNC FINANCIAL SERVICES GROUP, INC.",0000713676,2025Q1,2025-03-31,total_equity,Total equity,56451000000.0,USD,us-gaap,StockholdersEquityIncludingPortionAttributableToNoncontrollingInterest,10-Q,2026-05-05,CY2025Q1I,0000713676-26-000038,reported_instant_frame,real_public_sec_edgar,20251
PNC,"PNC FINANCIAL SERVICES GROUP, INC.",0000713676,2025Q1,2025-03-31,total_loans,Total loans,314306000000.0,USD,us-gaap,FinancingReceivableExcludingAccruedInterestAfterAllowanceForCreditLoss,10-Q,2025-05-02,CY2025Q1I,0001628280-25-021752,reported_instant_frame,real_public_sec_edgar,20251
PNC,"PNC FINANCIAL SERVICES GROUP, INC.",0000713676,2025Q2,2025-06-30,interest_expense,Interest expense,2715000000.0,USD,us-gaap,InterestExpenseOperating,10-Q,2025-08-01,CY2025Q2,0000713676-25-000060,reported_quarterly_frame,real_public_sec_edgar,20252
PNC,"PNC FINANCIAL SERVICES GROUP, INC.",0000713676,2025Q2,2025-06-30,interest_expense_deposits,Interest expense on deposits,1845000000.0,USD,us-gaap,InterestExpenseDeposits,10-Q,2025-08-01,CY2025Q2,0000713676-25-000060,reported_quarterly_frame,real_public_sec_edgar,20252
PNC,"PNC FINANCIAL SERVICES GROUP, INC.",0000713676,2025Q2,2025-06-30,interest_income,Interest income,6270000000.0,USD,us-gaap,InterestAndDividendIncomeOperating,10-Q,2025-08-01,CY2025Q2,0000713676-25-000060,reported_quarterly_frame,real_public_sec_edgar,20252
PNC,"PNC FINANCIAL SERVICES GROUP, INC.",0000713676,2025Q2,2025-06-30,noninterest_expense,Noninterest expense,3383000000.0,USD,us-gaap,NoninterestExpense,10-Q,2025-08-01,CY2025Q2,0000713676-25-000060,reported_quarterly_frame,real_public_sec_edgar,20252
PNC,"PNC FINANCIAL SERVICES GROUP, INC.",0000713676,2025Q2,2025-06-30,noninterest_income,Noninterest income,2106000000.0,USD,us-gaap,NoninterestIncome,10-Q,2025-08-01,CY2025Q2,0000713676-25-000060,reported_quarterly_frame,real_public_sec_edgar,20252
PNC,"PNC FINANCIAL SERVICES GROUP, INC.",0000713676,2025Q2,2025-06-30,total_assets,Total assets,559107000000.0,USD,us-gaap,Assets,10-Q,2025-08-01,CY2025Q2I,0000713676-25-000060,reported_instant_frame,real_public_sec_edgar,20252
PNC,"PNC FINANCIAL SERVICES GROUP, INC.",0000713676,2025Q2,2025-06-30,total_deposits,Total deposits,426696000000.0,USD,us-gaap,Deposits,10-Q,2025-08-01,CY2025Q2I,0000713676-25-000060,reported_instant_frame,real_public_sec_edgar,20252
PNC,"PNC FINANCIAL SERVICES GROUP, INC.",0000713676,2025Q2,2025-06-30,total_equity,Total equity,57655000000.0,USD,us-gaap,StockholdersEquityIncludingPortionAttributableToNoncontrollingInterest,10-Q,2025-11-03,CY2025Q2I,0000713676-25-000132,reported_instant_frame,real_public_sec_edgar,20252
PNC,"PNC FINANCIAL SERVICES GROUP, INC.",0000713676,2025Q2,2025-06-30,total_loans,Total loans,321817000000.0,USD,us-gaap,FinancingReceivableExcludingAccruedInterestAfterAllowanceForCreditLoss,10-Q,2025-08-01,CY2025Q2I,0000713676-25-000060,reported_instant_frame,real_public_sec_edgar,20252
PNC,"PNC FINANCIAL SERVICES GROUP, INC.",0000713676,2025Q3,2025-09-30,interest_expense,Interest expense,2879000000.0,USD,us-gaap,InterestExpenseOperating,10-Q,2025-11-03,CY2025Q3,0000713676-25-000132,reported_quarterly_frame,real_public_sec_edgar,20253
PNC,"PNC FINANCIAL SERVICES GROUP, INC.",0000713676,2025Q3,2025-09-30,interest_expense_deposits,Interest expense on deposits,1980000000.0,USD,us-gaap,InterestExpenseDeposits,10-Q,2025-11-03,CY2025Q3,0000713676-25-000132,reported_quarterly_frame,real_public_sec_edgar,20253
PNC,"PNC FINANCIAL SERVICES GROUP, INC.",0000713676,2025Q3,2025-09-30,interest_income,Interest income,6527000000.0,USD,us-gaap,InterestAndDividendIncomeOperating,10-Q,2025-11-03,CY2025Q3,0000713676-25-000132,reported_quarterly_frame,real_public_sec_edgar,20253
PNC,"PNC FINANCIAL SERVICES GROUP, INC.",0000713676,2025Q3,2025-09-30,noninterest_expense,Noninterest expense,3461000000.0,USD,us-gaap,NoninterestExpense,10-Q,2025-11-03,CY2025Q3,0000713676-25-000132,reported_quarterly_frame,real_public_sec_edgar,20253
PNC,"PNC FINANCIAL SERVICES GROUP, INC.",0000713676,2025Q3,2025-09-30,noninterest_income,Noninterest income,2267000000.0,USD,us-gaap,NoninterestIncome,10-Q,2025-11-03,CY2025Q3,0000713676-25-000132,reported_quarterly_frame,real_public_sec_edgar,20253
PNC,"PNC FINANCIAL SERVICES GROUP, INC.",0000713676,2025Q3,2025-09-30,total_assets,Total assets,568767000000.0,USD,us-gaap,Assets,10-Q,2025-11-03,CY2025Q3I,0000713676-25-000132,reported_instant_frame,real_public_sec_edgar,20253
PNC,"PNC FINANCIAL SERVICES GROUP, INC.",0000713676,2025Q3,2025-09-30,total_deposits,Total deposits,432749000000.0,USD,us-gaap,Deposits,10-Q,2025-11-03,CY2025Q3I,0000713676-25-000132,reported_instant_frame,real_public_sec_edgar,20253
PNC,"PNC FINANCIAL SERVICES GROUP, INC.",0000713676,2025Q3,2025-09-30,total_equity,Total equity,59038000000.0,USD,us-gaap,StockholdersEquityIncludingPortionAttributableToNoncontrollingInterest,10-Q,2025-11-03,CY2025Q3I,0000713676-25-000132,reported_instant_frame,real_public_sec_edgar,20253
PNC,"PNC FINANCIAL SERVICES GROUP, INC.",0000713676,2025Q3,2025-09-30,total_loans,Total loans,322138000000.0,USD,us-gaap,FinancingReceivableExcludingAccruedInterestAfterAllowanceForCreditLoss,10-Q,2025-11-03,CY2025Q3I,0000713676-25-000132,reported_instant_frame,real_public_sec_edgar,20253
PNC,"PNC FINANCIAL SERVICES GROUP, INC.",0000713676,2025Q4,2025-12-31,interest_expense,Interest expense,2649000000.0,USD,us-gaap,InterestExpenseOperating,10-K-derived,2026-02-20,CY2025Q4_DERIVED,0000713676-26-000020,derived_q4_from_reported_fy_less_q1_q3,real_public_sec_edgar,20254
PNC,"PNC FINANCIAL SERVICES GROUP, INC.",0000713676,2025Q4,2025-12-31,interest_expense_deposits,Interest expense on deposits,1864000000.0,USD,us-gaap,InterestExpenseDeposits,10-K-derived,2026-02-20,CY2025Q4_DERIVED,0000713676-26-000020,derived_q4_from_reported_fy_less_q1_q3,real_public_sec_edgar,20254
PNC,"PNC FINANCIAL SERVICES GROUP, INC.",0000713676,2025Q4,2025-12-31,interest_income,Interest income,6380000000.0,USD,us-gaap,InterestAndDividendIncomeOperating,10-K-derived,2026-02-20,CY2025Q4_DERIVED,0000713676-26-000020,derived_q4_from_reported_fy_less_q1_q3,real_public_sec_edgar,20254
PNC,"PNC FINANCIAL SERVICES GROUP, INC.",0000713676,2025Q4,2025-12-31,noninterest_expense,Noninterest expense,3603000000.0,USD,us-gaap,NoninterestExpense,10-K-derived,2026-02-20,CY2025Q4_DERIVED,0000713676-26-000020,derived_q4_from_reported_fy_less_q1_q3,real_public_sec_edgar,20254
PNC,"PNC FINANCIAL SERVICES GROUP, INC.",0000713676,2025Q4,2025-12-31,noninterest_income,Noninterest income,2340000000.0,USD,us-gaap,NoninterestIncome,10-K-derived,2026-02-20,CY2025Q4_DERIVED,0000713676-26-000020,derived_q4_from_reported_fy_less_q1_q3,real_public_sec_edgar,20254
PNC,"PNC FINANCIAL SERVICES GROUP, INC.",0000713676,2025Q4,2025-12-31,total_assets,Total assets,573572000000.0,USD,us-gaap,Assets,10-Q,2026-05-05,CY2025Q4I,0000713676-26-000038,reported_instant_frame,real_public_sec_edgar,20254
PNC,"PNC FINANCIAL SERVICES GROUP, INC.",0000713676,2025Q4,2025-12-31,total_deposits,Total deposits,440866000000.0,USD,us-gaap,Deposits,10-Q,2026-05-05,CY2025Q4I,0000713676-26-000038,reported_instant_frame,real_public_sec_edgar,20254
PNC,"PNC FINANCIAL SERVICES GROUP, INC.",0000713676,2025Q4,2025-12-31,total_equity,Total equity,60636000000.0,USD,us-gaap,StockholdersEquityIncludingPortionAttributableToNoncontrollingInterest,10-Q,2026-05-05,CY2025Q4I,0000713676-26-000038,reported_instant_frame,real_public_sec_edgar,20254
PNC,"PNC FINANCIAL SERVICES GROUP, INC.",0000713676,2025Q4,2025-12-31,total_loans,Total loans,327071000000.0,USD,us-gaap,FinancingReceivableExcludingAccruedInterestAfterAllowanceForCreditLoss,10-Q,2026-05-05,CY2025Q4I,0000713676-26-000038,reported_instant_frame,real_public_sec_edgar,20254
PNC,"PNC FINANCIAL SERVICES GROUP, INC.",0000713676,2026Q1,2026-03-31,interest_expense,Interest expense,2483000000.0,USD,us-gaap,InterestExpenseOperating,10-Q,2026-05-05,CY2026Q1,0000713676-26-000038,reported_quarterly_frame,real_public_sec_edgar,20261
PNC,"PNC FINANCIAL SERVICES GROUP, INC.",0000713676,2026Q1,2026-03-31,interest_expense_deposits,Interest expense on deposits,1735000000.0,USD,us-gaap,InterestExpenseDeposits,10-Q,2026-05-05,CY2026Q1,0000713676-26-000038,reported_quarterly_frame,real_public_sec_edgar,20261
PNC,"PNC FINANCIAL SERVICES GROUP, INC.",0000713676,2026Q1,2026-03-31,interest_income,Interest income,6444000000.0,USD,us-gaap,InterestAndDividendIncomeOperating,10-Q,2026-05-05,CY2026Q1,0000713676-26-000038,reported_quarterly_frame,real_public_sec_edgar,20261
PNC,"PNC FINANCIAL SERVICES GROUP, INC.",0000713676,2026Q1,2026-03-31,noninterest_expense,Noninterest expense,3768000000.0,USD,us-gaap,NoninterestExpense,10-Q,2026-05-05,CY2026Q1,0000713676-26-000038,reported_quarterly_frame,real_public_sec_edgar,20261
PNC,"PNC FINANCIAL SERVICES GROUP, INC.",0000713676,2026Q1,2026-03-31,noninterest_income,Noninterest income,2204000000.0,USD,us-gaap,NoninterestIncome,10-Q,2026-05-05,CY2026Q1,0000713676-26-000038,reported_quarterly_frame,real_public_sec_edgar,20261
PNC,"PNC FINANCIAL SERVICES GROUP, INC.",0000713676,2026Q1,2026-03-31,total_assets,Total assets,603028000000.0,USD,us-gaap,Assets,10-Q,2026-05-05,CY2026Q1I,0000713676-26-000038,reported_instant_frame,real_public_sec_edgar,20261
PNC,"PNC FINANCIAL SERVICES GROUP, INC.",0000713676,2026Q1,2026-03-31,total_deposits,Total deposits,457648000000.0,USD,us-gaap,Deposits,10-Q,2026-05-05,CY2026Q1I,0000713676-26-000038,reported_instant_frame,real_public_sec_edgar,20261
PNC,"PNC FINANCIAL SERVICES GROUP, INC.",0000713676,2026Q1,2026-03-31,total_equity,Total equity,63676000000.0,USD,us-gaap,StockholdersEquityIncludingPortionAttributableToNoncontrollingInterest,10-Q,2026-05-05,CY2026Q1I,0000713676-26-000038,reported_instant_frame,real_public_sec_edgar,20261
PNC,"PNC FINANCIAL SERVICES GROUP, INC.",0000713676,2026Q1,2026-03-31,total_loans,Total loans,356260000000.0,USD,us-gaap,FinancingReceivableExcludingAccruedInterestAfterAllowanceForCreditLoss,10-Q,2026-05-05,CY2026Q1I,0000713676-26-000038,reported_instant_frame,real_public_sec_edgar,20261
TFC,TRUIST FINANCIAL CORP,0000092230,2018Q2,2018-06-30,interest_expense,Interest expense,337000000.0,USD,us-gaap,InterestExpense,10-Q,2019-07-31,CY2018Q2,0000092230-19-000046,reported_quarterly_frame,real_public_sec_edgar,20182
TFC,TRUIST FINANCIAL CORP,0000092230,2018Q2,2018-06-30,interest_expense_deposits,Interest expense on deposits,148000000.0,USD,us-gaap,InterestExpenseDeposits,10-Q,2019-07-31,CY2018Q2,0000092230-19-000046,reported_quarterly_frame,real_public_sec_edgar,20182
TFC,TRUIST FINANCIAL CORP,0000092230,2018Q2,2018-06-30,interest_income,Interest income,1994000000.0,USD,us-gaap,InterestAndDividendIncomeOperating,10-Q,2019-07-31,CY2018Q2,0000092230-19-000046,reported_quarterly_frame,real_public_sec_edgar,20182
TFC,TRUIST FINANCIAL CORP,0000092230,2018Q2,2018-06-30,noninterest_expense,Noninterest expense,1720000000.0,USD,us-gaap,NoninterestExpense,10-Q,2019-07-31,CY2018Q2,0000092230-19-000046,reported_quarterly_frame,real_public_sec_edgar,20182
TFC,TRUIST FINANCIAL CORP,0000092230,2018Q2,2018-06-30,noninterest_income,Noninterest income,1222000000.0,USD,us-gaap,NoninterestIncome,10-Q,2019-07-31,CY2018Q2,0000092230-19-000046,reported_quarterly_frame,real_public_sec_edgar,20182
TFC,TRUIST FINANCIAL CORP,0000092230,2018Q2,2018-06-30,total_assets,Total assets,222681000000.0,USD,us-gaap,Assets,10-Q,2018-07-27,CY2018Q2I,0000092230-18-000061,reported_instant_frame,real_public_sec_edgar,20182
TFC,TRUIST FINANCIAL CORP,0000092230,2018Q2,2018-06-30,total_deposits,Total deposits,159475000000.0,USD,us-gaap,Deposits,10-Q,2018-07-27,CY2018Q2I,0000092230-18-000061,reported_instant_frame,real_public_sec_edgar,20182
TFC,TRUIST FINANCIAL CORP,0000092230,2018Q2,2018-06-30,total_equity,Total equity,29832000000.0,USD,us-gaap,StockholdersEquityIncludingPortionAttributableToNoncontrollingInterest,10-Q,2019-10-25,CY2018Q2I,0000092230-19-000058,reported_instant_frame,real_public_sec_edgar,20182
TFC,TRUIST FINANCIAL CORP,0000092230,2018Q2,2018-06-30,total_loans,Total loans,144653000000.0,USD,us-gaap,LoansAndLeasesReceivableNetReportedAmount,10-Q,2018-07-27,CY2018Q2I,0000092230-18-000061,reported_instant_frame,real_public_sec_edgar,20182
TFC,TRUIST FINANCIAL CORP,0000092230,2018Q3,2018-09-30,interest_expense,Interest expense,382000000.0,USD,us-gaap,InterestExpense,10-Q,2019-10-25,CY2018Q3,0000092230-19-000058,reported_quarterly_frame,real_public_sec_edgar,20183
TFC,TRUIST FINANCIAL CORP,0000092230,2018Q3,2018-09-30,interest_expense_deposits,Interest expense on deposits,172000000.0,USD,us-gaap,InterestExpenseDeposits,10-Q,2019-10-25,CY2018Q3,0000092230-19-000058,reported_quarterly_frame,real_public_sec_edgar,20183
TFC,TRUIST FINANCIAL CORP,0000092230,2018Q3,2018-09-30,interest_income,Interest income,2069000000.0,USD,us-gaap,InterestAndDividendIncomeOperating,10-Q,2019-10-25,CY2018Q3,0000092230-19-000058,reported_quarterly_frame,real_public_sec_edgar,20183
TFC,TRUIST FINANCIAL CORP,0000092230,2018Q3,2018-09-30,noninterest_expense,Noninterest expense,1742000000.0,USD,us-gaap,NoninterestExpense,10-Q,2019-10-25,CY2018Q3,0000092230-19-000058,reported_quarterly_frame,real_public_sec_edgar,20183
TFC,TRUIST FINANCIAL CORP,0000092230,2018Q3,2018-09-30,noninterest_income,Noninterest income,1239000000.0,USD,us-gaap,NoninterestIncome,10-Q,2019-10-25,CY2018Q3,0000092230-19-000058,reported_quarterly_frame,real_public_sec_edgar,20183
TFC,TRUIST FINANCIAL CORP,0000092230,2018Q3,2018-09-30,total_assets,Total assets,222885000000.0,USD,us-gaap,Assets,10-Q,2018-10-26,CY2018Q3I,0000092230-18-000078,reported_instant_frame,real_public_sec_edgar,20183
TFC,TRUIST FINANCIAL CORP,0000092230,2018Q3,2018-09-30,total_deposits,Total deposits,154556000000.0,USD,us-gaap,Deposits,10-Q,2018-10-26,CY2018Q3I,0000092230-18-000078,reported_instant_frame,real_public_sec_edgar,20183
TFC,TRUIST FINANCIAL CORP,0000092230,2018Q3,2018-09-30,total_equity,Total equity,30007000000.0,USD,us-gaap,StockholdersEquityIncludingPortionAttributableToNoncontrollingInterest,10-Q,2019-10-25,CY2018Q3I,0000092230-19-000058,reported_instant_frame,real_public_sec_edgar,20183
TFC,TRUIST FINANCIAL CORP,0000092230,2018Q3,2018-09-30,total_loans,Total loans,145152000000.0,USD,us-gaap,LoansAndLeasesReceivableNetReportedAmount,10-Q,2018-10-26,CY2018Q3I,0000092230-18-000078,reported_instant_frame,real_public_sec_edgar,20183
TFC,TRUIST FINANCIAL CORP,0000092230,2018Q4,2018-12-31,interest_expense,Interest expense,431000000.0,USD,us-gaap,InterestExpense,10-K-derived,2021-02-24,CY2018Q4_DERIVED,0000092230-21-000032,derived_q4_from_reported_fy_less_q1_q3,real_public_sec_edgar,20184
TFC,TRUIST FINANCIAL CORP,0000092230,2018Q4,2018-12-31,interest_expense_deposits,Interest expense on deposits,206000000.0,USD,us-gaap,InterestExpenseDeposits,10-K-derived,2021-02-24,CY2018Q4_DERIVED,0000092230-21-000032,derived_q4_from_reported_fy_less_q1_q3,real_public_sec_edgar,20184
TFC,TRUIST FINANCIAL CORP,0000092230,2018Q4,2018-12-31,interest_income,Interest income,2136000000.0,USD,us-gaap,InterestAndDividendIncomeOperating,10-K-derived,2021-02-24,CY2018Q4_DERIVED,0000092230-21-000032,derived_q4_from_reported_fy_less_q1_q3,real_public_sec_edgar,20184
TFC,TRUIST FINANCIAL CORP,0000092230,2018Q4,2018-12-31,noninterest_expense,Noninterest expense,1784000000.0,USD,us-gaap,NoninterestExpense,10-K-derived,2021-02-24,CY2018Q4_DERIVED,0000092230-21-000032,derived_q4_from_reported_fy_less_q1_q3,real_public_sec_edgar,20184
TFC,TRUIST FINANCIAL CORP,0000092230,2018Q4,2018-12-31,noninterest_income,Noninterest income,1235000000.0,USD,us-gaap,NoninterestIncome,10-K-derived,2021-02-24,CY2018Q4_DERIVED,0000092230-21-000032,derived_q4_from_reported_fy_less_q1_q3,real_public_sec_edgar,20184
TFC,TRUIST FINANCIAL CORP,0000092230,2018Q4,2018-12-31,total_assets,Total assets,225697000000.0,USD,us-gaap,Assets,10-K,2020-03-03,CY2018Q4I,0000092230-20-000045,reported_instant_frame,real_public_sec_edgar,20184
TFC,TRUIST FINANCIAL CORP,0000092230,2018Q4,2018-12-31,total_deposits,Total deposits,161199000000.0,USD,us-gaap,Deposits,10-K,2020-03-03,CY2018Q4I,0000092230-20-000045,reported_instant_frame,real_public_sec_edgar,20184
TFC,TRUIST FINANCIAL CORP,0000092230,2018Q4,2018-12-31,total_equity,Total equity,30178000000.0,USD,us-gaap,StockholdersEquityIncludingPortionAttributableToNoncontrollingInterest,10-K,2022-02-23,CY2018Q4I,0000092230-22-000008,reported_instant_frame,real_public_sec_edgar,20184
TFC,TRUIST FINANCIAL CORP,0000092230,2018Q4,2018-12-31,total_loans,Total loans,147455000000.0,USD,us-gaap,LoansAndLeasesReceivableNetReportedAmount,10-K,2020-03-03,CY2018Q4I,0000092230-20-000045,reported_instant_frame,real_public_sec_edgar,20184
TFC,TRUIST FINANCIAL CORP,0000092230,2019Q1,2019-03-31,interest_expense,Interest expense,477000000.0,USD,us-gaap,InterestExpense,10-Q,2020-05-08,CY2019Q1,0000092230-20-000060,reported_quarterly_frame,real_public_sec_edgar,20191
TFC,TRUIST FINANCIAL CORP,0000092230,2019Q1,2019-03-31,interest_expense_deposits,Interest expense on deposits,253000000.0,USD,us-gaap,InterestExpenseDeposits,10-Q,2020-05-08,CY2019Q1,0000092230-20-000060,reported_quarterly_frame,real_public_sec_edgar,20191
TFC,TRUIST FINANCIAL CORP,0000092230,2019Q1,2019-03-31,interest_income,Interest income,2173000000.0,USD,us-gaap,InterestAndDividendIncomeOperating,10-Q,2020-05-08,CY2019Q1,0000092230-20-000060,reported_quarterly_frame,real_public_sec_edgar,20191
TFC,TRUIST FINANCIAL CORP,0000092230,2019Q1,2019-03-31,noninterest_expense,Noninterest expense,1768000000.0,USD,us-gaap,NoninterestExpense,10-Q,2020-05-08,CY2019Q1,0000092230-20-000060,reported_quarterly_frame,real_public_sec_edgar,20191
TFC,TRUIST FINANCIAL CORP,0000092230,2019Q1,2019-03-31,noninterest_income,Noninterest income,1202000000.0,USD,us-gaap,NoninterestIncome,10-Q,2020-05-08,CY2019Q1,0000092230-20-000060,reported_quarterly_frame,real_public_sec_edgar,20191
TFC,TRUIST FINANCIAL CORP,0000092230,2019Q1,2019-03-31,total_assets,Total assets,227683000000.0,USD,us-gaap,Assets,10-Q,2019-04-30,CY2019Q1I,0000092230-19-000027,reported_instant_frame,real_public_sec_edgar,20191
TFC,TRUIST FINANCIAL CORP,0000092230,2019Q1,2019-03-31,total_deposits,Total deposits,159766000000.0,USD,us-gaap,Deposits,10-Q,2019-04-30,CY2019Q1I,0000092230-19-000027,reported_instant_frame,real_public_sec_edgar,20191
TFC,TRUIST FINANCIAL CORP,0000092230,2019Q1,2019-03-31,total_equity,Total equity,30883000000.0,USD,us-gaap,StockholdersEquityIncludingPortionAttributableToNoncontrollingInterest,10-Q,2020-08-04,CY2019Q1I,0000092230-20-000099,reported_instant_frame,real_public_sec_edgar,20191
TFC,TRUIST FINANCIAL CORP,0000092230,2019Q1,2019-03-31,total_loans,Total loans,147496000000.0,USD,us-gaap,LoansAndLeasesReceivableNetReportedAmount,10-Q,2019-04-30,CY2019Q1I,0000092230-19-000027,reported_instant_frame,real_public_sec_edgar,20191
TFC,TRUIST FINANCIAL CORP,0000092230,2019Q2,2019-06-30,interest_expense,Interest expense,516000000.0,USD,us-gaap,InterestExpense,10-Q,2020-08-04,CY2019Q2,0000092230-20-000099,reported_quarterly_frame,real_public_sec_edgar,20192
TFC,TRUIST FINANCIAL CORP,0000092230,2019Q2,2019-06-30,interest_expense_deposits,Interest expense on deposits,273000000.0,USD,us-gaap,InterestExpenseDeposits,10-Q,2020-08-04,CY2019Q2,0000092230-20-000099,reported_quarterly_frame,real_public_sec_edgar,20192
TFC,TRUIST FINANCIAL CORP,0000092230,2019Q2,2019-06-30,interest_income,Interest income,2206000000.0,USD,us-gaap,InterestAndDividendIncomeOperating,10-Q,2020-08-04,CY2019Q2,0000092230-20-000099,reported_quarterly_frame,real_public_sec_edgar,20192
TFC,TRUIST FINANCIAL CORP,0000092230,2019Q2,2019-06-30,noninterest_expense,Noninterest expense,1751000000.0,USD,us-gaap,NoninterestExpense,10-Q,2020-08-04,CY2019Q2,0000092230-20-000099,reported_quarterly_frame,real_public_sec_edgar,20192
TFC,TRUIST FINANCIAL CORP,0000092230,2019Q2,2019-06-30,noninterest_income,Noninterest income,1352000000.0,USD,us-gaap,NoninterestIncome,10-Q,2020-08-04,CY2019Q2,0000092230-20-000099,reported_quarterly_frame,real_public_sec_edgar,20192
TFC,TRUIST FINANCIAL CORP,0000092230,2019Q2,2019-06-30,total_assets,Total assets,230872000000.0,USD,us-gaap,Assets,10-Q,2019-07-31,CY2019Q2I,0000092230-19-000046,reported_instant_frame,real_public_sec_edgar,20192
TFC,TRUIST FINANCIAL CORP,0000092230,2019Q2,2019-06-30,total_deposits,Total deposits,159521000000.0,USD,us-gaap,Deposits,10-Q,2019-07-31,CY2019Q2I,0000092230-19-000046,reported_instant_frame,real_public_sec_edgar,20192
TFC,TRUIST FINANCIAL CORP,0000092230,2019Q2,2019-06-30,total_equity,Total equity,31764000000.0,USD,us-gaap,StockholdersEquityIncludingPortionAttributableToNoncontrollingInterest,10-Q,2020-11-02,CY2019Q2I,0000092230-20-000114,reported_instant_frame,real_public_sec_edgar,20192
TFC,TRUIST FINANCIAL CORP,0000092230,2019Q2,2019-06-30,total_loans,Total loans,150991000000.0,USD,us-gaap,LoansAndLeasesReceivableNetReportedAmount,10-Q,2019-07-31,CY2019Q2I,0000092230-19-000046,reported_instant_frame,real_public_sec_edgar,20192
TFC,TRUIST FINANCIAL CORP,0000092230,2019Q3,2019-09-30,interest_expense,Interest expense,518000000.0,USD,us-gaap,InterestExpense,10-Q,2020-11-02,CY2019Q3,0000092230-20-000114,reported_quarterly_frame,real_public_sec_edgar,20193
TFC,TRUIST FINANCIAL CORP,0000092230,2019Q3,2019-09-30,interest_expense_deposits,Interest expense on deposits,271000000.0,USD,us-gaap,InterestExpenseDeposits,10-Q,2020-11-02,CY2019Q3,0000092230-20-000114,reported_quarterly_frame,real_public_sec_edgar,20193
TFC,TRUIST FINANCIAL CORP,0000092230,2019Q3,2019-09-30,interest_income,Interest income,2218000000.0,USD,us-gaap,InterestAndDividendIncomeOperating,10-Q,2020-11-02,CY2019Q3,0000092230-20-000114,reported_quarterly_frame,real_public_sec_edgar,20193
TFC,TRUIST FINANCIAL CORP,0000092230,2019Q3,2019-09-30,noninterest_expense,Noninterest expense,1840000000.0,USD,us-gaap,NoninterestExpense,10-Q,2020-11-02,CY2019Q3,0000092230-20-000114,reported_quarterly_frame,real_public_sec_edgar,20193
TFC,TRUIST FINANCIAL CORP,0000092230,2019Q3,2019-09-30,noninterest_income,Noninterest income,1303000000.0,USD,us-gaap,NoninterestIncome,10-Q,2020-11-02,CY2019Q3,0000092230-20-000114,reported_quarterly_frame,real_public_sec_edgar,20193
TFC,TRUIST FINANCIAL CORP,0000092230,2019Q3,2019-09-30,total_assets,Total assets,236750000000.0,USD,us-gaap,Assets,10-Q,2019-10-25,CY2019Q3I,0000092230-19-000058,reported_instant_frame,real_public_sec_edgar,20193
TFC,TRUIST FINANCIAL CORP,0000092230,2019Q3,2019-09-30,total_deposits,Total deposits,162280000000.0,USD,us-gaap,Deposits,10-Q,2019-10-25,CY2019Q3I,0000092230-19-000058,reported_instant_frame,real_public_sec_edgar,20193
TFC,TRUIST FINANCIAL CORP,0000092230,2019Q3,2019-09-30,total_equity,Total equity,32303000000.0,USD,us-gaap,StockholdersEquityIncludingPortionAttributableToNoncontrollingInterest,10-Q,2020-11-02,CY2019Q3I,0000092230-20-000114,reported_instant_frame,real_public_sec_edgar,20193
TFC,TRUIST FINANCIAL CORP,0000092230,2019Q3,2019-09-30,total_loans,Total loans,147840000000.0,USD,us-gaap,LoansAndLeasesReceivableNetReportedAmount,10-Q,2019-10-25,CY2019Q3I,0000092230-19-000058,reported_instant_frame,real_public_sec_edgar,20193
TFC,TRUIST FINANCIAL CORP,0000092230,2019Q4,2019-12-31,interest_expense,Interest expense,585000000.0,USD,us-gaap,InterestExpense,10-K-derived,2022-02-23,CY2019Q4_DERIVED,0000092230-22-000008,derived_q4_from_reported_fy_less_q1_q3,real_public_sec_edgar,20194
TFC,TRUIST FINANCIAL CORP,0000092230,2019Q4,2019-12-31,interest_expense_deposits,Interest expense on deposits,304000000.0,USD,us-gaap,InterestExpenseDeposits,10-K-derived,2022-02-23,CY2019Q4_DERIVED,0000092230-22-000008,derived_q4_from_reported_fy_less_q1_q3,real_public_sec_edgar,20194
TFC,TRUIST FINANCIAL CORP,0000092230,2019Q4,2019-12-31,interest_income,Interest income,2812000000.0,USD,us-gaap,InterestAndDividendIncomeOperating,10-K-derived,2022-02-23,CY2019Q4_DERIVED,0000092230-22-000008,derived_q4_from_reported_fy_less_q1_q3,real_public_sec_edgar,20194
TFC,TRUIST FINANCIAL CORP,0000092230,2019Q4,2019-12-31,noninterest_expense,Noninterest expense,2575000000.0,USD,us-gaap,NoninterestExpense,10-K-derived,2022-02-23,CY2019Q4_DERIVED,0000092230-22-000008,derived_q4_from_reported_fy_less_q1_q3,real_public_sec_edgar,20194
TFC,TRUIST FINANCIAL CORP,0000092230,2019Q4,2019-12-31,noninterest_income,Noninterest income,1398000000.0,USD,us-gaap,NoninterestIncome,10-K-derived,2022-02-23,CY2019Q4_DERIVED,0000092230-22-000008,derived_q4_from_reported_fy_less_q1_q3,real_public_sec_edgar,20194
TFC,TRUIST FINANCIAL CORP,0000092230,2019Q4,2019-12-31,total_assets,Total assets,473078000000.0,USD,us-gaap,Assets,10-K,2021-02-24,CY2019Q4I,0000092230-21-000032,reported_instant_frame,real_public_sec_edgar,20194
TFC,TRUIST FINANCIAL CORP,0000092230,2019Q4,2019-12-31,total_deposits,Total deposits,334727000000.0,USD,us-gaap,Deposits,10-K,2021-02-24,CY2019Q4I,0000092230-21-000032,reported_instant_frame,real_public_sec_edgar,20194
TFC,TRUIST FINANCIAL CORP,0000092230,2019Q4,2019-12-31,total_equity,Total equity,66558000000.0,USD,us-gaap,StockholdersEquityIncludingPortionAttributableToNoncontrollingInterest,10-K,2023-02-28,CY2019Q4I,0000092230-23-000034,reported_instant_frame,real_public_sec_edgar,20194
TFC,TRUIST FINANCIAL CORP,0000092230,2019Q4,2019-12-31,total_loans,Total loans,298293000000.0,USD,us-gaap,LoansAndLeasesReceivableNetReportedAmount,10-K,2021-02-24,CY2019Q4I,0000092230-21-000032,reported_instant_frame,real_public_sec_edgar,20194
TFC,TRUIST FINANCIAL CORP,0000092230,2020Q1,2020-03-31,interest_expense,Interest expense,776000000.0,USD,us-gaap,InterestExpense,10-Q,2021-05-03,CY2020Q1,0000092230-21-000044,reported_quarterly_frame,real_public_sec_edgar,20201
TFC,TRUIST FINANCIAL CORP,0000092230,2020Q1,2020-03-31,interest_expense_deposits,Interest expense on deposits,421000000.0,USD,us-gaap,InterestExpenseDeposits,10-Q,2021-05-03,CY2020Q1,0000092230-21-000044,reported_quarterly_frame,real_public_sec_edgar,20201
TFC,TRUIST FINANCIAL CORP,0000092230,2020Q1,2020-03-31,interest_income,Interest income,4426000000.0,USD,us-gaap,InterestAndDividendIncomeOperating,10-Q,2021-05-03,CY2020Q1,0000092230-21-000044,reported_quarterly_frame,real_public_sec_edgar,20201
TFC,TRUIST FINANCIAL CORP,0000092230,2020Q1,2020-03-31,noninterest_expense,Noninterest expense,3431000000.0,USD,us-gaap,NoninterestExpense,10-Q,2021-05-03,CY2020Q1,0000092230-21-000044,reported_quarterly_frame,real_public_sec_edgar,20201
TFC,TRUIST FINANCIAL CORP,0000092230,2020Q1,2020-03-31,noninterest_income,Noninterest income,1961000000.0,USD,us-gaap,NoninterestIncome,10-Q,2021-05-03,CY2020Q1,0000092230-21-000044,reported_quarterly_frame,real_public_sec_edgar,20201
TFC,TRUIST FINANCIAL CORP,0000092230,2020Q1,2020-03-31,total_assets,Total assets,506229000000.0,USD,us-gaap,Assets,10-Q,2020-05-08,CY2020Q1I,0000092230-20-000060,reported_instant_frame,real_public_sec_edgar,20201
TFC,TRUIST FINANCIAL CORP,0000092230,2020Q1,2020-03-31,total_equity,Total equity,66061000000.0,USD,us-gaap,StockholdersEquityIncludingPortionAttributableToNoncontrollingInterest,10-Q,2021-08-06,CY2020Q1I,0000092230-21-000063,reported_instant_frame,real_public_sec_edgar,20201
TFC,TRUIST FINANCIAL CORP,0000092230,2020Q1,2020-03-31,total_loans,Total loans,314018000000.0,USD,us-gaap,LoansAndLeasesReceivableNetReportedAmount,10-Q,2020-05-08,CY2020Q1I,0000092230-20-000060,reported_instant_frame,real_public_sec_edgar,20201
TFC,TRUIST FINANCIAL CORP,0000092230,2020Q2,2020-06-30,interest_expense,Interest expense,440000000.0,USD,us-gaap,InterestExpense,10-Q,2021-08-06,CY2020Q2,0000092230-21-000063,reported_quarterly_frame,real_public_sec_edgar,20202
TFC,TRUIST FINANCIAL CORP,0000092230,2020Q2,2020-06-30,interest_expense_deposits,Interest expense on deposits,201000000.0,USD,us-gaap,InterestExpenseDeposits,10-Q,2021-08-06,CY2020Q2,0000092230-21-000063,reported_quarterly_frame,real_public_sec_edgar,20202
TFC,TRUIST FINANCIAL CORP,0000092230,2020Q2,2020-06-30,interest_income,Interest income,3888000000.0,USD,us-gaap,InterestAndDividendIncomeOperating,10-Q,2021-08-06,CY2020Q2,0000092230-21-000063,reported_quarterly_frame,real_public_sec_edgar,20202
TFC,TRUIST FINANCIAL CORP,0000092230,2020Q2,2020-06-30,noninterest_expense,Noninterest expense,3878000000.0,USD,us-gaap,NoninterestExpense,10-Q,2021-08-06,CY2020Q2,0000092230-21-000063,reported_quarterly_frame,real_public_sec_edgar,20202
TFC,TRUIST FINANCIAL CORP,0000092230,2020Q2,2020-06-30,noninterest_income,Noninterest income,2423000000.0,USD,us-gaap,NoninterestIncome,10-Q,2021-08-06,CY2020Q2,0000092230-21-000063,reported_quarterly_frame,real_public_sec_edgar,20202
TFC,TRUIST FINANCIAL CORP,0000092230,2020Q2,2020-06-30,total_assets,Total assets,504336000000.0,USD,us-gaap,Assets,10-Q,2020-08-04,CY2020Q2I,0000092230-20-000099,reported_instant_frame,real_public_sec_edgar,20202
TFC,TRUIST FINANCIAL CORP,0000092230,2020Q2,2020-06-30,total_equity,Total equity,68883000000.0,USD,us-gaap,StockholdersEquityIncludingPortionAttributableToNoncontrollingInterest,10-Q,2021-11-02,CY2020Q2I,0000092230-21-000078,reported_instant_frame,real_public_sec_edgar,20202
TFC,TRUIST FINANCIAL CORP,0000092230,2020Q2,2020-06-30,total_loans,Total loans,309123000000.0,USD,us-gaap,LoansAndLeasesReceivableNetReportedAmount,10-Q,2020-08-04,CY2020Q2I,0000092230-20-000099,reported_instant_frame,real_public_sec_edgar,20202
TFC,TRUIST FINANCIAL CORP,0000092230,2020Q3,2020-09-30,interest_expense,Interest expense,261000000.0,USD,us-gaap,InterestExpense,10-Q,2021-11-02,CY2020Q3,0000092230-21-000078,reported_quarterly_frame,real_public_sec_edgar,20203
TFC,TRUIST FINANCIAL CORP,0000092230,2020Q3,2020-09-30,interest_expense_deposits,Interest expense on deposits,96000000.0,USD,us-gaap,InterestExpenseDeposits,10-Q,2021-11-02,CY2020Q3,0000092230-21-000078,reported_quarterly_frame,real_public_sec_edgar,20203
TFC,TRUIST FINANCIAL CORP,0000092230,2020Q3,2020-09-30,interest_income,Interest income,3623000000.0,USD,us-gaap,InterestAndDividendIncomeOperating,10-Q,2021-11-02,CY2020Q3,0000092230-21-000078,reported_quarterly_frame,real_public_sec_edgar,20203
TFC,TRUIST FINANCIAL CORP,0000092230,2020Q3,2020-09-30,noninterest_expense,Noninterest expense,3755000000.0,USD,us-gaap,NoninterestExpense,10-Q,2021-11-02,CY2020Q3,0000092230-21-000078,reported_quarterly_frame,real_public_sec_edgar,20203
TFC,TRUIST FINANCIAL CORP,0000092230,2020Q3,2020-09-30,noninterest_income,Noninterest income,2210000000.0,USD,us-gaap,NoninterestIncome,10-Q,2021-11-02,CY2020Q3,0000092230-21-000078,reported_quarterly_frame,real_public_sec_edgar,20203
TFC,TRUIST FINANCIAL CORP,0000092230,2020Q3,2020-09-30,total_assets,Total assets,499183000000.0,USD,us-gaap,Assets,10-Q,2020-11-02,CY2020Q3I,0000092230-20-000114,reported_instant_frame,real_public_sec_edgar,20203
TFC,TRUIST FINANCIAL CORP,0000092230,2020Q3,2020-09-30,total_equity,Total equity,69973000000.0,USD,us-gaap,StockholdersEquityIncludingPortionAttributableToNoncontrollingInterest,10-Q,2021-11-02,CY2020Q3I,0000092230-21-000078,reported_instant_frame,real_public_sec_edgar,20203
TFC,TRUIST FINANCIAL CORP,0000092230,2020Q3,2020-09-30,total_loans,Total loans,300764000000.0,USD,us-gaap,LoansAndLeasesReceivableNetReportedAmount,10-Q,2020-11-02,CY2020Q3I,0000092230-20-000114,reported_instant_frame,real_public_sec_edgar,20203
TFC,TRUIST FINANCIAL CORP,0000092230,2020Q4,2020-12-31,interest_expense,Interest expense,245000000.0,USD,us-gaap,InterestExpense,10-K-derived,2023-02-28,CY2020Q4_DERIVED,0000092230-23-000034,derived_q4_from_reported_fy_less_q1_q3,real_public_sec_edgar,20204
TFC,TRUIST FINANCIAL CORP,0000092230,2020Q4,2020-12-31,interest_expense_deposits,Interest expense on deposits,67000000.0,USD,us-gaap,InterestExpenseDeposits,10-K-derived,2023-02-28,CY2020Q4_DERIVED,0000092230-23-000034,derived_q4_from_reported_fy_less_q1_q3,real_public_sec_edgar,20204
TFC,TRUIST FINANCIAL CORP,0000092230,2020Q4,2020-12-31,interest_income,Interest income,3611000000.0,USD,us-gaap,InterestAndDividendIncomeOperating,10-K-derived,2023-02-28,CY2020Q4_DERIVED,0000092230-23-000034,derived_q4_from_reported_fy_less_q1_q3,real_public_sec_edgar,20204
TFC,TRUIST FINANCIAL CORP,0000092230,2020Q4,2020-12-31,noninterest_expense,Noninterest expense,3833000000.0,USD,us-gaap,NoninterestExpense,10-K-derived,2023-02-28,CY2020Q4_DERIVED,0000092230-23-000034,derived_q4_from_reported_fy_less_q1_q3,real_public_sec_edgar,20204
TFC,TRUIST FINANCIAL CORP,0000092230,2020Q4,2020-12-31,noninterest_income,Noninterest income,2285000000.0,USD,us-gaap,NoninterestIncome,10-K-derived,2023-02-28,CY2020Q4_DERIVED,0000092230-23-000034,derived_q4_from_reported_fy_less_q1_q3,real_public_sec_edgar,20204
TFC,TRUIST FINANCIAL CORP,0000092230,2020Q4,2020-12-31,total_assets,Total assets,509228000000.0,USD,us-gaap,Assets,10-K,2022-02-23,CY2020Q4I,0000092230-22-000008,reported_instant_frame,real_public_sec_edgar,20204
TFC,TRUIST FINANCIAL CORP,0000092230,2020Q4,2020-12-31,total_deposits,Total deposits,381077000000.0,USD,us-gaap,Deposits,10-K,2022-02-23,CY2020Q4I,0000092230-22-000008,reported_instant_frame,real_public_sec_edgar,20204
TFC,TRUIST FINANCIAL CORP,0000092230,2020Q4,2020-12-31,total_loans,Total loans,293899000000.0,USD,us-gaap,LoansAndLeasesReceivableNetReportedAmount,10-K,2022-02-23,CY2020Q4I,0000092230-22-000008,reported_instant_frame,real_public_sec_edgar,20204
TFC,TRUIST FINANCIAL CORP,0000092230,2021Q1,2021-03-31,interest_expense,Interest expense,209000000.0,USD,us-gaap,InterestExpense,10-Q,2022-05-05,CY2021Q1,0000092230-22-000057,reported_quarterly_frame,real_public_sec_edgar,20211
TFC,TRUIST FINANCIAL CORP,0000092230,2021Q1,2021-03-31,interest_expense_deposits,Interest expense on deposits,47000000.0,USD,us-gaap,InterestExpenseDeposits,10-Q,2022-05-05,CY2021Q1,0000092230-22-000057,reported_quarterly_frame,real_public_sec_edgar,20211
TFC,TRUIST FINANCIAL CORP,0000092230,2021Q1,2021-03-31,interest_income,Interest income,3494000000.0,USD,us-gaap,InterestAndDividendIncomeOperating,10-Q,2022-05-05,CY2021Q1,0000092230-22-000057,reported_quarterly_frame,real_public_sec_edgar,20211
TFC,TRUIST FINANCIAL CORP,0000092230,2021Q1,2021-03-31,noninterest_expense,Noninterest expense,3610000000.0,USD,us-gaap,NoninterestExpense,10-Q,2022-05-05,CY2021Q1,0000092230-22-000057,reported_quarterly_frame,real_public_sec_edgar,20211
TFC,TRUIST FINANCIAL CORP,0000092230,2021Q1,2021-03-31,noninterest_income,Noninterest income,2197000000.0,USD,us-gaap,NoninterestIncome,10-Q,2022-05-05,CY2021Q1,0000092230-22-000057,reported_quarterly_frame,real_public_sec_edgar,20211
TFC,TRUIST FINANCIAL CORP,0000092230,2021Q1,2021-03-31,total_assets,Total assets,517537000000.0,USD,us-gaap,Assets,10-Q,2021-05-03,CY2021Q1I,0000092230-21-000044,reported_instant_frame,real_public_sec_edgar,20211
TFC,TRUIST FINANCIAL CORP,0000092230,2021Q1,2021-03-31,total_equity,Total equity,67876000000.0,USD,us-gaap,StockholdersEquityIncludingPortionAttributableToNoncontrollingInterest,10-Q,2022-08-01,CY2021Q1I,0000092230-22-000083,reported_instant_frame,real_public_sec_edgar,20211
TFC,TRUIST FINANCIAL CORP,0000092230,2021Q1,2021-03-31,total_loans,Total loans,285849000000.0,USD,us-gaap,LoansAndLeasesReceivableNetReportedAmount,10-Q,2021-05-03,CY2021Q1I,0000092230-21-000044,reported_instant_frame,real_public_sec_edgar,20211
TFC,TRUIST FINANCIAL CORP,0000092230,2021Q2,2021-06-30,interest_expense,Interest expense,198000000.0,USD,us-gaap,InterestExpense,10-Q,2022-08-01,CY2021Q2,0000092230-22-000083,reported_quarterly_frame,real_public_sec_edgar,20212
TFC,TRUIST FINANCIAL CORP,0000092230,2021Q2,2021-06-30,interest_expense_deposits,Interest expense on deposits,36000000.0,USD,us-gaap,InterestExpenseDeposits,10-Q,2022-08-01,CY2021Q2,0000092230-22-000083,reported_quarterly_frame,real_public_sec_edgar,20212
TFC,TRUIST FINANCIAL CORP,0000092230,2021Q2,2021-06-30,interest_income,Interest income,3443000000.0,USD,us-gaap,InterestAndDividendIncomeOperating,10-Q,2022-08-01,CY2021Q2,0000092230-22-000083,reported_quarterly_frame,real_public_sec_edgar,20212
TFC,TRUIST FINANCIAL CORP,0000092230,2021Q2,2021-06-30,noninterest_expense,Noninterest expense,4011000000.0,USD,us-gaap,NoninterestExpense,10-Q,2022-08-01,CY2021Q2,0000092230-22-000083,reported_quarterly_frame,real_public_sec_edgar,20212
TFC,TRUIST FINANCIAL CORP,0000092230,2021Q2,2021-06-30,noninterest_income,Noninterest income,2405000000.0,USD,us-gaap,NoninterestIncome,10-Q,2022-08-01,CY2021Q2,0000092230-22-000083,reported_quarterly_frame,real_public_sec_edgar,20212
TFC,TRUIST FINANCIAL CORP,0000092230,2021Q2,2021-06-30,total_assets,Total assets,521964000000.0,USD,us-gaap,Assets,10-Q,2021-08-06,CY2021Q2I,0000092230-21-000063,reported_instant_frame,real_public_sec_edgar,20212
TFC,TRUIST FINANCIAL CORP,0000092230,2021Q2,2021-06-30,total_equity,Total equity,68336000000.0,USD,us-gaap,StockholdersEquityIncludingPortionAttributableToNoncontrollingInterest,10-Q,2022-10-31,CY2021Q2I,0000092230-22-000110,reported_instant_frame,real_public_sec_edgar,20212
TFC,TRUIST FINANCIAL CORP,0000092230,2021Q2,2021-06-30,total_loans,Total loans,281364000000.0,USD,us-gaap,LoansAndLeasesReceivableNetReportedAmount,10-Q,2021-08-06,CY2021Q2I,0000092230-21-000063,reported_instant_frame,real_public_sec_edgar,20212
TFC,TRUIST FINANCIAL CORP,0000092230,2021Q3,2021-09-30,interest_expense,Interest expense,193000000.0,USD,us-gaap,InterestExpense,10-Q,2022-10-31,CY2021Q3,0000092230-22-000110,reported_quarterly_frame,real_public_sec_edgar,20213
TFC,TRUIST FINANCIAL CORP,0000092230,2021Q3,2021-09-30,interest_expense_deposits,Interest expense on deposits,33000000.0,USD,us-gaap,InterestExpenseDeposits,10-Q,2022-10-31,CY2021Q3,0000092230-22-000110,reported_quarterly_frame,real_public_sec_edgar,20213
TFC,TRUIST FINANCIAL CORP,0000092230,2021Q3,2021-09-30,interest_income,Interest income,3426000000.0,USD,us-gaap,InterestAndDividendIncomeOperating,10-Q,2022-10-31,CY2021Q3,0000092230-22-000110,reported_quarterly_frame,real_public_sec_edgar,20213
TFC,TRUIST FINANCIAL CORP,0000092230,2021Q3,2021-09-30,noninterest_expense,Noninterest expense,3795000000.0,USD,us-gaap,NoninterestExpense,10-Q,2022-10-31,CY2021Q3,0000092230-22-000110,reported_quarterly_frame,real_public_sec_edgar,20213
TFC,TRUIST FINANCIAL CORP,0000092230,2021Q3,2021-09-30,noninterest_income,Noninterest income,2365000000.0,USD,us-gaap,NoninterestIncome,10-Q,2022-10-31,CY2021Q3,0000092230-22-000110,reported_quarterly_frame,real_public_sec_edgar,20213
TFC,TRUIST FINANCIAL CORP,0000092230,2021Q3,2021-09-30,total_assets,Total assets,529884000000.0,USD,us-gaap,Assets,10-Q,2021-11-02,CY2021Q3I,0000092230-21-000078,reported_instant_frame,real_public_sec_edgar,20213
TFC,TRUIST FINANCIAL CORP,0000092230,2021Q3,2021-09-30,total_equity,Total equity,68900000000.0,USD,us-gaap,StockholdersEquityIncludingPortionAttributableToNoncontrollingInterest,10-Q,2022-10-31,CY2021Q3I,0000092230-22-000110,reported_instant_frame,real_public_sec_edgar,20213
TFC,TRUIST FINANCIAL CORP,0000092230,2021Q3,2021-09-30,total_loans,Total loans,280820000000.0,USD,us-gaap,LoansAndLeasesReceivableNetReportedAmount,10-Q,2021-11-02,CY2021Q3I,0000092230-21-000078,reported_instant_frame,real_public_sec_edgar,20213
TFC,TRUIST FINANCIAL CORP,0000092230,2021Q4,2021-12-31,total_assets,Total assets,541241000000.0,USD,us-gaap,Assets,10-K,2023-02-28,CY2021Q4I,0000092230-23-000034,reported_instant_frame,real_public_sec_edgar,20214
TFC,TRUIST FINANCIAL CORP,0000092230,2021Q4,2021-12-31,total_deposits,Total deposits,416488000000.0,USD,us-gaap,Deposits,10-K,2023-02-28,CY2021Q4I,0000092230-23-000034,reported_instant_frame,real_public_sec_edgar,20214
TFC,TRUIST FINANCIAL CORP,0000092230,2021Q4,2021-12-31,total_equity,Total equity,69271000000.0,USD,us-gaap,StockholdersEquityIncludingPortionAttributableToNoncontrollingInterest,10-K,2025-02-25,CY2021Q4I,0000092230-25-000020,reported_instant_frame,real_public_sec_edgar,20214
TFC,TRUIST FINANCIAL CORP,0000092230,2021Q4,2021-12-31,total_loans,Total loans,285078000000.0,USD,us-gaap,LoansAndLeasesReceivableNetReportedAmount,10-K,2023-02-28,CY2021Q4I,0000092230-23-000034,reported_instant_frame,real_public_sec_edgar,20214
TFC,TRUIST FINANCIAL CORP,0000092230,2022Q1,2022-03-31,interest_expense,Interest expense,174000000.0,USD,us-gaap,InterestExpense,10-Q,2023-05-01,CY2022Q1,0000092230-23-000047,reported_quarterly_frame,real_public_sec_edgar,20221
TFC,TRUIST FINANCIAL CORP,0000092230,2022Q1,2022-03-31,interest_expense_deposits,Interest expense on deposits,32000000.0,USD,us-gaap,InterestExpenseDeposits,10-Q,2023-05-01,CY2022Q1,0000092230-23-000047,reported_quarterly_frame,real_public_sec_edgar,20221
TFC,TRUIST FINANCIAL CORP,0000092230,2022Q1,2022-03-31,interest_income,Interest income,3357000000.0,USD,us-gaap,InterestAndDividendIncomeOperating,10-Q,2023-05-01,CY2022Q1,0000092230-23-000047,reported_quarterly_frame,real_public_sec_edgar,20221
TFC,TRUIST FINANCIAL CORP,0000092230,2022Q1,2022-03-31,noninterest_expense,Noninterest expense,3674000000.0,USD,us-gaap,NoninterestExpense,10-Q,2023-05-01,CY2022Q1,0000092230-23-000047,reported_quarterly_frame,real_public_sec_edgar,20221
TFC,TRUIST FINANCIAL CORP,0000092230,2022Q1,2022-03-31,noninterest_income,Noninterest income,2142000000.0,USD,us-gaap,NoninterestIncome,10-Q,2023-05-01,CY2022Q1,0000092230-23-000047,reported_quarterly_frame,real_public_sec_edgar,20221
TFC,TRUIST FINANCIAL CORP,0000092230,2022Q1,2022-03-31,total_assets,Total assets,543979000000.0,USD,us-gaap,Assets,10-Q,2022-05-05,CY2022Q1I,0000092230-22-000057,reported_instant_frame,real_public_sec_edgar,20221
TFC,TRUIST FINANCIAL CORP,0000092230,2022Q1,2022-03-31,total_equity,Total equity,65044000000.0,USD,us-gaap,StockholdersEquityIncludingPortionAttributableToNoncontrollingInterest,10-Q,2023-07-31,CY2022Q1I,0000092230-23-000067,reported_instant_frame,real_public_sec_edgar,20221
TFC,TRUIST FINANCIAL CORP,0000092230,2022Q1,2022-03-31,total_loans,Total loans,285911000000.0,USD,us-gaap,LoansAndLeasesReceivableNetReportedAmount,10-Q,2022-05-05,CY2022Q1I,0000092230-22-000057,reported_instant_frame,real_public_sec_edgar,20221
TFC,TRUIST FINANCIAL CORP,0000092230,2022Q2,2022-06-30,interest_expense,Interest expense,266000000.0,USD,us-gaap,InterestExpense,10-Q,2023-07-31,CY2022Q2,0000092230-23-000067,reported_quarterly_frame,real_public_sec_edgar,20222
TFC,TRUIST FINANCIAL CORP,0000092230,2022Q2,2022-06-30,interest_expense_deposits,Interest expense on deposits,99000000.0,USD,us-gaap,InterestExpenseDeposits,10-Q,2023-07-31,CY2022Q2,0000092230-23-000067,reported_quarterly_frame,real_public_sec_edgar,20222
TFC,TRUIST FINANCIAL CORP,0000092230,2022Q2,2022-06-30,interest_income,Interest income,3673000000.0,USD,us-gaap,InterestAndDividendIncomeOperating,10-Q,2023-07-31,CY2022Q2,0000092230-23-000067,reported_quarterly_frame,real_public_sec_edgar,20222
TFC,TRUIST FINANCIAL CORP,0000092230,2022Q2,2022-06-30,noninterest_expense,Noninterest expense,3580000000.0,USD,us-gaap,NoninterestExpense,10-Q,2023-07-31,CY2022Q2,0000092230-23-000067,reported_quarterly_frame,real_public_sec_edgar,20222
TFC,TRUIST FINANCIAL CORP,0000092230,2022Q2,2022-06-30,noninterest_income,Noninterest income,2248000000.0,USD,us-gaap,NoninterestIncome,10-Q,2023-07-31,CY2022Q2,0000092230-23-000067,reported_quarterly_frame,real_public_sec_edgar,20222
TFC,TRUIST FINANCIAL CORP,0000092230,2022Q2,2022-06-30,total_assets,Total assets,545123000000.0,USD,us-gaap,Assets,10-Q,2022-08-01,CY2022Q2I,0000092230-22-000083,reported_instant_frame,real_public_sec_edgar,20222
TFC,TRUIST FINANCIAL CORP,0000092230,2022Q2,2022-06-30,total_equity,Total equity,62999000000.0,USD,us-gaap,StockholdersEquityIncludingPortionAttributableToNoncontrollingInterest,10-Q,2023-10-31,CY2022Q2I,0000092230-23-000084,reported_instant_frame,real_public_sec_edgar,20222
TFC,TRUIST FINANCIAL CORP,0000092230,2022Q2,2022-06-30,total_loans,Total loans,299475000000.0,USD,us-gaap,LoansAndLeasesReceivableNetReportedAmount,10-Q,2022-08-01,CY2022Q2I,0000092230-22-000083,reported_instant_frame,real_public_sec_edgar,20222
TFC,TRUIST FINANCIAL CORP,0000092230,2022Q3,2022-09-30,interest_expense,Interest expense,624000000.0,USD,us-gaap,InterestExpense,10-Q,2023-10-31,CY2022Q3,0000092230-23-000084,reported_quarterly_frame,real_public_sec_edgar,20223
TFC,TRUIST FINANCIAL CORP,0000092230,2022Q3,2022-09-30,interest_expense_deposits,Interest expense on deposits,331000000.0,USD,us-gaap,InterestExpenseDeposits,10-Q,2023-10-31,CY2022Q3,0000092230-23-000084,reported_quarterly_frame,real_public_sec_edgar,20223
TFC,TRUIST FINANCIAL CORP,0000092230,2022Q3,2022-09-30,interest_income,Interest income,4369000000.0,USD,us-gaap,InterestAndDividendIncomeOperating,10-Q,2023-10-31,CY2022Q3,0000092230-23-000084,reported_quarterly_frame,real_public_sec_edgar,20223
TFC,TRUIST FINANCIAL CORP,0000092230,2022Q3,2022-09-30,noninterest_expense,Noninterest expense,3613000000.0,USD,us-gaap,NoninterestExpense,10-Q,2023-10-31,CY2022Q3,0000092230-23-000084,reported_quarterly_frame,real_public_sec_edgar,20223
TFC,TRUIST FINANCIAL CORP,0000092230,2022Q3,2022-09-30,noninterest_income,Noninterest income,2102000000.0,USD,us-gaap,NoninterestIncome,10-Q,2023-10-31,CY2022Q3,0000092230-23-000084,reported_quarterly_frame,real_public_sec_edgar,20223
TFC,TRUIST FINANCIAL CORP,0000092230,2022Q3,2022-09-30,total_assets,Total assets,548438000000.0,USD,us-gaap,Assets,10-Q,2022-10-31,CY2022Q3I,0000092230-22-000110,reported_instant_frame,real_public_sec_edgar,20223
TFC,TRUIST FINANCIAL CORP,0000092230,2022Q3,2022-09-30,total_equity,Total equity,60811000000.0,USD,us-gaap,StockholdersEquityIncludingPortionAttributableToNoncontrollingInterest,10-Q,2023-10-31,CY2022Q3I,0000092230-23-000084,reported_instant_frame,real_public_sec_edgar,20223
TFC,TRUIST FINANCIAL CORP,0000092230,2022Q3,2022-09-30,total_loans,Total loans,310130000000.0,USD,us-gaap,LoansAndLeasesReceivableNetReportedAmount,10-Q,2022-10-31,CY2022Q3I,0000092230-22-000110,reported_instant_frame,real_public_sec_edgar,20223
TFC,TRUIST FINANCIAL CORP,0000092230,2022Q4,2022-12-31,interest_expense_deposits,Interest expense on deposits,683000000.0,USD,us-gaap,InterestExpenseDeposits,10-K-derived,2025-02-25,CY2022Q4_DERIVED,0000092230-25-000020,derived_q4_from_reported_fy_less_q1_q3,real_public_sec_edgar,20224
TFC,TRUIST FINANCIAL CORP,0000092230,2022Q4,2022-12-31,interest_income,Interest income,5235000000.0,USD,us-gaap,InterestAndDividendIncomeOperating,10-K-derived,2025-02-25,CY2022Q4_DERIVED,0000092230-25-000020,derived_q4_from_reported_fy_less_q1_q3,real_public_sec_edgar,20224
TFC,TRUIST FINANCIAL CORP,0000092230,2022Q4,2022-12-31,noninterest_expense,Noninterest expense,1300000000.0,USD,us-gaap,NoninterestExpense,10-K-derived,2025-02-25,CY2022Q4_DERIVED,0000092230-25-000020,derived_q4_from_reported_fy_less_q1_q3,real_public_sec_edgar,20224
TFC,TRUIST FINANCIAL CORP,0000092230,2022Q4,2022-12-31,noninterest_income,Noninterest income,-832000000.0,USD,us-gaap,NoninterestIncome,10-K-derived,2025-02-25,CY2022Q4_DERIVED,0000092230-25-000020,derived_q4_from_reported_fy_less_q1_q3,real_public_sec_edgar,20224
TFC,TRUIST FINANCIAL CORP,0000092230,2022Q4,2022-12-31,total_equity,Total equity,60537000000.0,USD,us-gaap,StockholdersEquityIncludingPortionAttributableToNoncontrollingInterest,10-K,2026-02-24,CY2022Q4I,0000092230-26-000030,reported_instant_frame,real_public_sec_edgar,20224
TFC,TRUIST FINANCIAL CORP,0000092230,2023Q1,2023-03-31,interest_expense,Interest expense,1917000000.0,USD,us-gaap,InterestExpense,10-Q,2024-05-09,CY2023Q1,0000092230-24-000025,reported_quarterly_frame,real_public_sec_edgar,20231
TFC,TRUIST FINANCIAL CORP,0000092230,2023Q1,2023-03-31,interest_expense_deposits,Interest expense on deposits,1125000000.0,USD,us-gaap,InterestExpenseDeposits,10-Q,2024-05-09,CY2023Q1,0000092230-24-000025,reported_quarterly_frame,real_public_sec_edgar,20231
TFC,TRUIST FINANCIAL CORP,0000092230,2023Q1,2023-03-31,interest_income,Interest income,5784000000.0,USD,us-gaap,InterestAndDividendIncomeOperating,10-Q,2024-05-09,CY2023Q1,0000092230-24-000025,reported_quarterly_frame,real_public_sec_edgar,20231
TFC,TRUIST FINANCIAL CORP,0000092230,2023Q1,2023-03-31,noninterest_expense,Noninterest expense,3015000000.0,USD,us-gaap,NoninterestExpense,10-Q,2024-05-09,CY2023Q1,0000092230-24-000025,reported_quarterly_frame,real_public_sec_edgar,20231
TFC,TRUIST FINANCIAL CORP,0000092230,2023Q1,2023-03-31,noninterest_income,Noninterest income,1421000000.0,USD,us-gaap,NoninterestIncome,10-Q,2024-05-09,CY2023Q1,0000092230-24-000025,reported_quarterly_frame,real_public_sec_edgar,20231
TFC,TRUIST FINANCIAL CORP,0000092230,2023Q1,2023-03-31,total_assets,Total assets,574354000000.0,USD,us-gaap,Assets,10-Q,2023-05-01,CY2023Q1I,0000092230-23-000047,reported_instant_frame,real_public_sec_edgar,20231
TFC,TRUIST FINANCIAL CORP,0000092230,2023Q1,2023-03-31,total_equity,Total equity,62394000000.0,USD,us-gaap,StockholdersEquityIncludingPortionAttributableToNoncontrollingInterest,10-Q,2024-08-08,CY2023Q1I,0000092230-24-000045,reported_instant_frame,real_public_sec_edgar,20231
TFC,TRUIST FINANCIAL CORP,0000092230,2023Q1,2023-03-31,total_loans,Total loans,323194000000.0,USD,us-gaap,LoansAndLeasesReceivableNetReportedAmount,10-Q,2023-05-01,CY2023Q1I,0000092230-23-000047,reported_instant_frame,real_public_sec_edgar,20231
TFC,TRUIST FINANCIAL CORP,0000092230,2023Q2,2023-06-30,interest_expense,Interest expense,2572000000.0,USD,us-gaap,InterestExpense,10-Q,2024-08-08,CY2023Q2,0000092230-24-000045,reported_quarterly_frame,real_public_sec_edgar,20232
TFC,TRUIST FINANCIAL CORP,0000092230,2023Q2,2023-06-30,interest_expense_deposits,Interest expense on deposits,1527000000.0,USD,us-gaap,InterestExpenseDeposits,10-Q,2024-08-08,CY2023Q2,0000092230-24-000045,reported_quarterly_frame,real_public_sec_edgar,20232
TFC,TRUIST FINANCIAL CORP,0000092230,2023Q2,2023-06-30,interest_income,Interest income,6175000000.0,USD,us-gaap,InterestAndDividendIncomeOperating,10-Q,2024-08-08,CY2023Q2,0000092230-24-000045,reported_quarterly_frame,real_public_sec_edgar,20232
TFC,TRUIST FINANCIAL CORP,0000092230,2023Q2,2023-06-30,noninterest_expense,Noninterest expense,3046000000.0,USD,us-gaap,NoninterestExpense,10-Q,2024-08-08,CY2023Q2,0000092230-24-000045,reported_quarterly_frame,real_public_sec_edgar,20232
TFC,TRUIST FINANCIAL CORP,0000092230,2023Q2,2023-06-30,noninterest_income,Noninterest income,1380000000.0,USD,us-gaap,NoninterestIncome,10-Q,2024-08-08,CY2023Q2,0000092230-24-000045,reported_quarterly_frame,real_public_sec_edgar,20232
TFC,TRUIST FINANCIAL CORP,0000092230,2023Q2,2023-06-30,total_assets,Total assets,554549000000.0,USD,us-gaap,Assets,10-Q,2023-07-31,CY2023Q2I,0000092230-23-000067,reported_instant_frame,real_public_sec_edgar,20232
TFC,TRUIST FINANCIAL CORP,0000092230,2023Q2,2023-06-30,total_equity,Total equity,63681000000.0,USD,us-gaap,StockholdersEquityIncludingPortionAttributableToNoncontrollingInterest,10-Q,2024-11-01,CY2023Q2I,0000092230-24-000079,reported_instant_frame,real_public_sec_edgar,20232
TFC,TRUIST FINANCIAL CORP,0000092230,2023Q2,2023-06-30,total_loans,Total loans,317486000000.0,USD,us-gaap,LoansAndLeasesReceivableNetReportedAmount,10-Q,2023-07-31,CY2023Q2I,0000092230-23-000067,reported_instant_frame,real_public_sec_edgar,20232
TFC,TRUIST FINANCIAL CORP,0000092230,2023Q3,2023-09-30,interest_expense,Interest expense,2692000000.0,USD,us-gaap,InterestExpenseOperating,10-Q,2024-11-01,CY2023Q3,0000092230-24-000079,reported_quarterly_frame,real_public_sec_edgar,20233
TFC,TRUIST FINANCIAL CORP,0000092230,2023Q3,2023-09-30,interest_expense_deposits,Interest expense on deposits,1858000000.0,USD,us-gaap,InterestExpenseDeposits,10-Q,2024-11-01,CY2023Q3,0000092230-24-000079,reported_quarterly_frame,real_public_sec_edgar,20233
TFC,TRUIST FINANCIAL CORP,0000092230,2023Q3,2023-09-30,interest_income,Interest income,6227000000.0,USD,us-gaap,InterestAndDividendIncomeOperating,10-Q,2024-11-01,CY2023Q3,0000092230-24-000079,reported_quarterly_frame,real_public_sec_edgar,20233
TFC,TRUIST FINANCIAL CORP,0000092230,2023Q3,2023-09-30,noninterest_expense,Noninterest expense,3060000000.0,USD,us-gaap,NoninterestExpense,10-Q,2024-11-01,CY2023Q3,0000092230-24-000079,reported_quarterly_frame,real_public_sec_edgar,20233
TFC,TRUIST FINANCIAL CORP,0000092230,2023Q3,2023-09-30,noninterest_income,Noninterest income,1334000000.0,USD,us-gaap,NoninterestIncome,10-Q,2024-11-01,CY2023Q3,0000092230-24-000079,reported_quarterly_frame,real_public_sec_edgar,20233
TFC,TRUIST FINANCIAL CORP,0000092230,2023Q3,2023-09-30,total_assets,Total assets,542707000000.0,USD,us-gaap,Assets,10-Q,2023-10-31,CY2023Q3I,0000092230-23-000084,reported_instant_frame,real_public_sec_edgar,20233
TFC,TRUIST FINANCIAL CORP,0000092230,2023Q3,2023-09-30,total_equity,Total equity,62007000000.0,USD,us-gaap,StockholdersEquityIncludingPortionAttributableToNoncontrollingInterest,10-Q,2024-11-01,CY2023Q3I,0000092230-24-000079,reported_instant_frame,real_public_sec_edgar,20233
TFC,TRUIST FINANCIAL CORP,0000092230,2023Q3,2023-09-30,total_loans,Total loans,311006000000.0,USD,us-gaap,LoansAndLeasesReceivableNetReportedAmount,10-Q,2023-10-31,CY2023Q3I,0000092230-23-000084,reported_instant_frame,real_public_sec_edgar,20233
TFC,TRUIST FINANCIAL CORP,0000092230,2023Q4,2023-12-31,interest_expense_deposits,Interest expense on deposits,1917000000.0,USD,us-gaap,InterestExpenseDeposits,10-K-derived,2026-02-24,CY2023Q4_DERIVED,0000092230-26-000030,derived_q4_from_reported_fy_less_q1_q3,real_public_sec_edgar,20234
TFC,TRUIST FINANCIAL CORP,0000092230,2023Q4,2023-12-31,interest_income,Interest income,6266000000.0,USD,us-gaap,InterestAndDividendIncomeOperating,10-K-derived,2026-02-24,CY2023Q4_DERIVED,0000092230-26-000030,derived_q4_from_reported_fy_less_q1_q3,real_public_sec_edgar,20234
TFC,TRUIST FINANCIAL CORP,0000092230,2023Q4,2023-12-31,noninterest_expense,Noninterest expense,9557000000.0,USD,us-gaap,NoninterestExpense,10-K-derived,2026-02-24,CY2023Q4_DERIVED,0000092230-26-000030,derived_q4_from_reported_fy_less_q1_q3,real_public_sec_edgar,20234
TFC,TRUIST FINANCIAL CORP,0000092230,2023Q4,2023-12-31,noninterest_income,Noninterest income,1363000000.0,USD,us-gaap,NoninterestIncome,10-K-derived,2026-02-24,CY2023Q4_DERIVED,0000092230-26-000030,derived_q4_from_reported_fy_less_q1_q3,real_public_sec_edgar,20234
TFC,TRUIST FINANCIAL CORP,0000092230,2023Q4,2023-12-31,total_assets,Total assets,535349000000.0,USD,us-gaap,Assets,10-K,2025-02-25,CY2023Q4I,0000092230-25-000020,reported_instant_frame,real_public_sec_edgar,20234
TFC,TRUIST FINANCIAL CORP,0000092230,2023Q4,2023-12-31,total_deposits,Total deposits,395865000000.0,USD,us-gaap,Deposits,10-K,2025-02-25,CY2023Q4I,0000092230-25-000020,reported_instant_frame,real_public_sec_edgar,20234
TFC,TRUIST FINANCIAL CORP,0000092230,2023Q4,2023-12-31,total_equity,Total equity,59253000000.0,USD,us-gaap,StockholdersEquityIncludingPortionAttributableToNoncontrollingInterest,10-K,2026-02-24,CY2023Q4I,0000092230-26-000030,reported_instant_frame,real_public_sec_edgar,20234
TFC,TRUIST FINANCIAL CORP,0000092230,2023Q4,2023-12-31,total_loans,Total loans,307263000000.0,USD,us-gaap,FinancingReceivableExcludingAccruedInterestAfterAllowanceForCreditLoss,10-K,2025-02-25,CY2023Q4I,0000092230-25-000020,reported_instant_frame,real_public_sec_edgar,20234
TFC,TRUIST FINANCIAL CORP,0000092230,2024Q1,2024-03-31,interest_expense,Interest expense,2812000000.0,USD,us-gaap,InterestExpenseOperating,10-Q,2025-04-30,CY2024Q1,0000092230-25-000050,reported_quarterly_frame,real_public_sec_edgar,20241
TFC,TRUIST FINANCIAL CORP,0000092230,2024Q1,2024-03-31,interest_expense_deposits,Interest expense on deposits,1964000000.0,USD,us-gaap,InterestExpenseDeposits,10-Q,2025-04-30,CY2024Q1,0000092230-25-000050,reported_quarterly_frame,real_public_sec_edgar,20241
TFC,TRUIST FINANCIAL CORP,0000092230,2024Q1,2024-03-31,interest_income,Interest income,6184000000.0,USD,us-gaap,InterestAndDividendIncomeOperating,10-Q,2025-04-30,CY2024Q1,0000092230-25-000050,reported_quarterly_frame,real_public_sec_edgar,20241
TFC,TRUIST FINANCIAL CORP,0000092230,2024Q1,2024-03-31,noninterest_expense,Noninterest expense,2953000000.0,USD,us-gaap,NoninterestExpense,10-Q,2025-04-30,CY2024Q1,0000092230-25-000050,reported_quarterly_frame,real_public_sec_edgar,20241
TFC,TRUIST FINANCIAL CORP,0000092230,2024Q1,2024-03-31,noninterest_income,Noninterest income,1446000000.0,USD,us-gaap,NoninterestIncome,10-Q,2025-04-30,CY2024Q1,0000092230-25-000050,reported_quarterly_frame,real_public_sec_edgar,20241
TFC,TRUIST FINANCIAL CORP,0000092230,2024Q1,2024-03-31,total_assets,Total assets,534959000000.0,USD,us-gaap,Assets,10-Q,2024-05-09,CY2024Q1I,0000092230-24-000025,reported_instant_frame,real_public_sec_edgar,20241
TFC,TRUIST FINANCIAL CORP,0000092230,2024Q1,2024-03-31,total_equity,Total equity,59053000000.0,USD,us-gaap,StockholdersEquityIncludingPortionAttributableToNoncontrollingInterest,10-Q,2025-07-31,CY2024Q1I,0000092230-25-000123,reported_instant_frame,real_public_sec_edgar,20241
TFC,TRUIST FINANCIAL CORP,0000092230,2024Q1,2024-03-31,total_loans,Total loans,302421000000.0,USD,us-gaap,LoansAndLeasesReceivableNetReportedAmount,10-Q,2024-05-09,CY2024Q1I,0000092230-24-000025,reported_instant_frame,real_public_sec_edgar,20241
TFC,TRUIST FINANCIAL CORP,0000092230,2024Q2,2024-06-30,interest_expense,Interest expense,2824000000.0,USD,us-gaap,InterestExpenseOperating,10-Q,2025-07-31,CY2024Q2,0000092230-25-000123,reported_quarterly_frame,real_public_sec_edgar,20242
TFC,TRUIST FINANCIAL CORP,0000092230,2024Q2,2024-06-30,interest_expense_deposits,Interest expense on deposits,2016000000.0,USD,us-gaap,InterestExpenseDeposits,10-Q,2025-07-31,CY2024Q2,0000092230-25-000123,reported_quarterly_frame,real_public_sec_edgar,20242
TFC,TRUIST FINANCIAL CORP,0000092230,2024Q2,2024-06-30,interest_income,Interest income,6351000000.0,USD,us-gaap,InterestAndDividendIncomeOperating,10-Q,2025-07-31,CY2024Q2,0000092230-25-000123,reported_quarterly_frame,real_public_sec_edgar,20242
TFC,TRUIST FINANCIAL CORP,0000092230,2024Q2,2024-06-30,noninterest_expense,Noninterest expense,3094000000.0,USD,us-gaap,NoninterestExpense,10-Q,2025-07-31,CY2024Q2,0000092230-25-000123,reported_quarterly_frame,real_public_sec_edgar,20242
TFC,TRUIST FINANCIAL CORP,0000092230,2024Q2,2024-06-30,noninterest_income,Noninterest income,-5212000000.0,USD,us-gaap,NoninterestIncome,10-Q,2025-07-31,CY2024Q2,0000092230-25-000123,reported_quarterly_frame,real_public_sec_edgar,20242
TFC,TRUIST FINANCIAL CORP,0000092230,2024Q2,2024-06-30,total_assets,Total assets,519853000000.0,USD,us-gaap,Assets,10-Q,2024-08-08,CY2024Q2I,0000092230-24-000045,reported_instant_frame,real_public_sec_edgar,20242
TFC,TRUIST FINANCIAL CORP,0000092230,2024Q2,2024-06-30,total_equity,Total equity,63827000000.0,USD,us-gaap,StockholdersEquityIncludingPortionAttributableToNoncontrollingInterest,10-Q,2025-10-30,CY2024Q2I,0000092230-25-000157,reported_instant_frame,real_public_sec_edgar,20242
TFC,TRUIST FINANCIAL CORP,0000092230,2024Q2,2024-06-30,total_loans,Total loans,300884000000.0,USD,us-gaap,LoansAndLeasesReceivableNetReportedAmount,10-Q,2024-08-08,CY2024Q2I,0000092230-24-000045,reported_instant_frame,real_public_sec_edgar,20242
TFC,TRUIST FINANCIAL CORP,0000092230,2024Q3,2024-09-30,interest_expense,Interest expense,2750000000.0,USD,us-gaap,InterestExpenseOperating,10-Q,2025-10-30,CY2024Q3,0000092230-25-000157,reported_quarterly_frame,real_public_sec_edgar,20243
TFC,TRUIST FINANCIAL CORP,0000092230,2024Q3,2024-09-30,interest_expense_deposits,Interest expense on deposits,2014000000.0,USD,us-gaap,InterestExpenseDeposits,10-Q,2025-10-30,CY2024Q3,0000092230-25-000157,reported_quarterly_frame,real_public_sec_edgar,20243
TFC,TRUIST FINANCIAL CORP,0000092230,2024Q3,2024-09-30,interest_income,Interest income,6352000000.0,USD,us-gaap,InterestAndDividendIncomeOperating,10-Q,2025-10-30,CY2024Q3,0000092230-25-000157,reported_quarterly_frame,real_public_sec_edgar,20243
TFC,TRUIST FINANCIAL CORP,0000092230,2024Q3,2024-09-30,noninterest_expense,Noninterest expense,2927000000.0,USD,us-gaap,NoninterestExpense,10-Q,2025-10-30,CY2024Q3,0000092230-25-000157,reported_quarterly_frame,real_public_sec_edgar,20243
TFC,TRUIST FINANCIAL CORP,0000092230,2024Q3,2024-09-30,noninterest_income,Noninterest income,1483000000.0,USD,us-gaap,NoninterestIncome,10-Q,2025-10-30,CY2024Q3,0000092230-25-000157,reported_quarterly_frame,real_public_sec_edgar,20243
TFC,TRUIST FINANCIAL CORP,0000092230,2024Q3,2024-09-30,total_assets,Total assets,523434000000.0,USD,us-gaap,Assets,10-Q,2024-11-01,CY2024Q3I,0000092230-24-000079,reported_instant_frame,real_public_sec_edgar,20243
TFC,TRUIST FINANCIAL CORP,0000092230,2024Q3,2024-09-30,total_equity,Total equity,65696000000.0,USD,us-gaap,StockholdersEquityIncludingPortionAttributableToNoncontrollingInterest,10-Q,2025-10-30,CY2024Q3I,0000092230-25-000157,reported_instant_frame,real_public_sec_edgar,20243
TFC,TRUIST FINANCIAL CORP,0000092230,2024Q3,2024-09-30,total_loans,Total loans,298242000000.0,USD,us-gaap,LoansAndLeasesReceivableNetReportedAmount,10-Q,2024-11-01,CY2024Q3I,0000092230-24-000079,reported_instant_frame,real_public_sec_edgar,20243
TFC,TRUIST FINANCIAL CORP,0000092230,2024Q4,2024-12-31,interest_expense,Interest expense,2589000000.0,USD,us-gaap,InterestExpenseOperating,10-K-derived,2026-02-24,CY2024Q4_DERIVED,0000092230-26-000030,derived_q4_from_reported_fy_less_q1_q3,real_public_sec_edgar,20244
TFC,TRUIST FINANCIAL CORP,0000092230,2024Q4,2024-12-31,interest_expense_deposits,Interest expense on deposits,1855000000.0,USD,us-gaap,InterestExpenseDeposits,10-K-derived,2026-02-24,CY2024Q4_DERIVED,0000092230-26-000030,derived_q4_from_reported_fy_less_q1_q3,real_public_sec_edgar,20244
TFC,TRUIST FINANCIAL CORP,0000092230,2024Q4,2024-12-31,interest_income,Interest income,6179000000.0,USD,us-gaap,InterestAndDividendIncomeOperating,10-K-derived,2026-02-24,CY2024Q4_DERIVED,0000092230-26-000030,derived_q4_from_reported_fy_less_q1_q3,real_public_sec_edgar,20244
TFC,TRUIST FINANCIAL CORP,0000092230,2024Q4,2024-12-31,noninterest_expense,Noninterest expense,3035000000.0,USD,us-gaap,NoninterestExpense,10-K-derived,2026-02-24,CY2024Q4_DERIVED,0000092230-26-000030,derived_q4_from_reported_fy_less_q1_q3,real_public_sec_edgar,20244
TFC,TRUIST FINANCIAL CORP,0000092230,2024Q4,2024-12-31,noninterest_income,Noninterest income,1470000000.0,USD,us-gaap,NoninterestIncome,10-K-derived,2026-02-24,CY2024Q4_DERIVED,0000092230-26-000030,derived_q4_from_reported_fy_less_q1_q3,real_public_sec_edgar,20244
TFC,TRUIST FINANCIAL CORP,0000092230,2024Q4,2024-12-31,total_assets,Total assets,531176000000.0,USD,us-gaap,Assets,10-K,2026-02-24,CY2024Q4I,0000092230-26-000030,reported_instant_frame,real_public_sec_edgar,20244
TFC,TRUIST FINANCIAL CORP,0000092230,2024Q4,2024-12-31,total_deposits,Total deposits,390524000000.0,USD,us-gaap,Deposits,10-K,2026-02-24,CY2024Q4I,0000092230-26-000030,reported_instant_frame,real_public_sec_edgar,20244
TFC,TRUIST FINANCIAL CORP,0000092230,2024Q4,2024-12-31,total_equity,Total equity,63679000000.0,USD,us-gaap,StockholdersEquityIncludingPortionAttributableToNoncontrollingInterest,10-Q,2026-05-01,CY2024Q4I,0000092230-26-000062,reported_instant_frame,real_public_sec_edgar,20244
TFC,TRUIST FINANCIAL CORP,0000092230,2024Q4,2024-12-31,total_loans,Total loans,301526000000.0,USD,us-gaap,FinancingReceivableExcludingAccruedInterestAfterAllowanceForCreditLoss,10-K,2026-02-24,CY2024Q4I,0000092230-26-000030,reported_instant_frame,real_public_sec_edgar,20244
TFC,TRUIST FINANCIAL CORP,0000092230,2025Q1,2025-03-31,interest_expense,Interest expense,2481000000.0,USD,us-gaap,InterestExpenseOperating,10-Q,2026-05-01,CY2025Q1,0000092230-26-000062,reported_quarterly_frame,real_public_sec_edgar,20251
TFC,TRUIST FINANCIAL CORP,0000092230,2025Q1,2025-03-31,interest_expense_deposits,Interest expense on deposits,1736000000.0,USD,us-gaap,InterestExpenseDeposits,10-Q,2026-05-01,CY2025Q1,0000092230-26-000062,reported_quarterly_frame,real_public_sec_edgar,20251
TFC,TRUIST FINANCIAL CORP,0000092230,2025Q1,2025-03-31,interest_income,Interest income,5988000000.0,USD,us-gaap,InterestAndDividendIncomeOperating,10-Q,2026-05-01,CY2025Q1,0000092230-26-000062,reported_quarterly_frame,real_public_sec_edgar,20251
TFC,TRUIST FINANCIAL CORP,0000092230,2025Q1,2025-03-31,noninterest_expense,Noninterest expense,2906000000.0,USD,us-gaap,NoninterestExpense,10-Q,2026-05-01,CY2025Q1,0000092230-26-000062,reported_quarterly_frame,real_public_sec_edgar,20251
TFC,TRUIST FINANCIAL CORP,0000092230,2025Q1,2025-03-31,noninterest_income,Noninterest income,1392000000.0,USD,us-gaap,NoninterestIncome,10-Q,2026-05-01,CY2025Q1,0000092230-26-000062,reported_quarterly_frame,real_public_sec_edgar,20251
TFC,TRUIST FINANCIAL CORP,0000092230,2025Q1,2025-03-31,total_assets,Total assets,535899000000.0,USD,us-gaap,Assets,10-Q,2025-04-30,CY2025Q1I,0000092230-25-000050,reported_instant_frame,real_public_sec_edgar,20251
TFC,TRUIST FINANCIAL CORP,0000092230,2025Q1,2025-03-31,total_equity,Total equity,64635000000.0,USD,us-gaap,StockholdersEquityIncludingPortionAttributableToNoncontrollingInterest,10-Q,2026-05-01,CY2025Q1I,0000092230-26-000062,reported_instant_frame,real_public_sec_edgar,20251
TFC,TRUIST FINANCIAL CORP,0000092230,2025Q1,2025-03-31,total_loans,Total loans,303768000000.0,USD,us-gaap,FinancingReceivableExcludingAccruedInterestAfterAllowanceForCreditLoss,10-Q,2025-04-30,CY2025Q1I,0000092230-25-000050,reported_instant_frame,real_public_sec_edgar,20251
TFC,TRUIST FINANCIAL CORP,0000092230,2025Q2,2025-06-30,interest_expense,Interest expense,2567000000.0,USD,us-gaap,InterestExpenseOperating,10-Q,2025-07-31,CY2025Q2,0000092230-25-000123,reported_quarterly_frame,real_public_sec_edgar,20252
TFC,TRUIST FINANCIAL CORP,0000092230,2025Q2,2025-06-30,interest_expense_deposits,Interest expense on deposits,1844000000.0,USD,us-gaap,InterestExpenseDeposits,10-Q,2025-07-31,CY2025Q2,0000092230-25-000123,reported_quarterly_frame,real_public_sec_edgar,20252
TFC,TRUIST FINANCIAL CORP,0000092230,2025Q2,2025-06-30,interest_income,Interest income,6154000000.0,USD,us-gaap,InterestAndDividendIncomeOperating,10-Q,2025-07-31,CY2025Q2,0000092230-25-000123,reported_quarterly_frame,real_public_sec_edgar,20252
TFC,TRUIST FINANCIAL CORP,0000092230,2025Q2,2025-06-30,noninterest_expense,Noninterest expense,2986000000.0,USD,us-gaap,NoninterestExpense,10-Q,2025-07-31,CY2025Q2,0000092230-25-000123,reported_quarterly_frame,real_public_sec_edgar,20252
TFC,TRUIST FINANCIAL CORP,0000092230,2025Q2,2025-06-30,noninterest_income,Noninterest income,1400000000.0,USD,us-gaap,NoninterestIncome,10-Q,2025-07-31,CY2025Q2,0000092230-25-000123,reported_quarterly_frame,real_public_sec_edgar,20252
TFC,TRUIST FINANCIAL CORP,0000092230,2025Q2,2025-06-30,total_assets,Total assets,543833000000.0,USD,us-gaap,Assets,10-Q,2025-07-31,CY2025Q2I,0000092230-25-000123,reported_instant_frame,real_public_sec_edgar,20252
TFC,TRUIST FINANCIAL CORP,0000092230,2025Q2,2025-06-30,total_equity,Total equity,64840000000.0,USD,us-gaap,StockholdersEquityIncludingPortionAttributableToNoncontrollingInterest,10-Q,2025-10-30,CY2025Q2I,0000092230-25-000157,reported_instant_frame,real_public_sec_edgar,20252
TFC,TRUIST FINANCIAL CORP,0000092230,2025Q2,2025-06-30,total_loans,Total loans,313897000000.0,USD,us-gaap,FinancingReceivableExcludingAccruedInterestAfterAllowanceForCreditLoss,10-Q,2025-07-31,CY2025Q2I,0000092230-25-000123,reported_instant_frame,real_public_sec_edgar,20252
TFC,TRUIST FINANCIAL CORP,0000092230,2025Q3,2025-09-30,interest_expense,Interest expense,2657000000.0,USD,us-gaap,InterestExpenseOperating,10-Q,2025-10-30,CY2025Q3,0000092230-25-000157,reported_quarterly_frame,real_public_sec_edgar,20253
TFC,TRUIST FINANCIAL CORP,0000092230,2025Q3,2025-09-30,interest_expense_deposits,Interest expense on deposits,1835000000.0,USD,us-gaap,InterestExpenseDeposits,10-Q,2025-10-30,CY2025Q3,0000092230-25-000157,reported_quarterly_frame,real_public_sec_edgar,20253
TFC,TRUIST FINANCIAL CORP,0000092230,2025Q3,2025-09-30,interest_income,Interest income,6286000000.0,USD,us-gaap,InterestAndDividendIncomeOperating,10-Q,2025-10-30,CY2025Q3,0000092230-25-000157,reported_quarterly_frame,real_public_sec_edgar,20253
TFC,TRUIST FINANCIAL CORP,0000092230,2025Q3,2025-09-30,noninterest_expense,Noninterest expense,3014000000.0,USD,us-gaap,NoninterestExpense,10-Q,2025-10-30,CY2025Q3,0000092230-25-000157,reported_quarterly_frame,real_public_sec_edgar,20253
TFC,TRUIST FINANCIAL CORP,0000092230,2025Q3,2025-09-30,noninterest_income,Noninterest income,1558000000.0,USD,us-gaap,NoninterestIncome,10-Q,2025-10-30,CY2025Q3,0000092230-25-000157,reported_quarterly_frame,real_public_sec_edgar,20253
TFC,TRUIST FINANCIAL CORP,0000092230,2025Q3,2025-09-30,total_assets,Total assets,543851000000.0,USD,us-gaap,Assets,10-Q,2025-10-30,CY2025Q3I,0000092230-25-000157,reported_instant_frame,real_public_sec_edgar,20253
TFC,TRUIST FINANCIAL CORP,0000092230,2025Q3,2025-09-30,total_equity,Total equity,65646000000.0,USD,us-gaap,StockholdersEquityIncludingPortionAttributableToNoncontrollingInterest,10-Q,2025-10-30,CY2025Q3I,0000092230-25-000157,reported_instant_frame,real_public_sec_edgar,20253
TFC,TRUIST FINANCIAL CORP,0000092230,2025Q3,2025-09-30,total_loans,Total loans,318750000000.0,USD,us-gaap,FinancingReceivableExcludingAccruedInterestAfterAllowanceForCreditLoss,10-Q,2025-10-30,CY2025Q3I,0000092230-25-000157,reported_instant_frame,real_public_sec_edgar,20253
TFC,TRUIST FINANCIAL CORP,0000092230,2025Q4,2025-12-31,interest_expense,Interest expense,2414000000.0,USD,us-gaap,InterestExpenseOperating,10-K-derived,2026-02-24,CY2025Q4_DERIVED,0000092230-26-000030,derived_q4_from_reported_fy_less_q1_q3,real_public_sec_edgar,20254
TFC,TRUIST FINANCIAL CORP,0000092230,2025Q4,2025-12-31,interest_expense_deposits,Interest expense on deposits,1633000000.0,USD,us-gaap,InterestExpenseDeposits,10-K-derived,2026-02-24,CY2025Q4_DERIVED,0000092230-26-000030,derived_q4_from_reported_fy_less_q1_q3,real_public_sec_edgar,20254
TFC,TRUIST FINANCIAL CORP,0000092230,2025Q4,2025-12-31,interest_income,Interest income,6114000000.0,USD,us-gaap,InterestAndDividendIncomeOperating,10-K-derived,2026-02-24,CY2025Q4_DERIVED,0000092230-26-000030,derived_q4_from_reported_fy_less_q1_q3,real_public_sec_edgar,20254
TFC,TRUIST FINANCIAL CORP,0000092230,2025Q4,2025-12-31,noninterest_expense,Noninterest expense,3170000000.0,USD,us-gaap,NoninterestExpense,10-K-derived,2026-02-24,CY2025Q4_DERIVED,0000092230-26-000030,derived_q4_from_reported_fy_less_q1_q3,real_public_sec_edgar,20254
TFC,TRUIST FINANCIAL CORP,0000092230,2025Q4,2025-12-31,noninterest_income,Noninterest income,1546000000.0,USD,us-gaap,NoninterestIncome,10-K-derived,2026-02-24,CY2025Q4_DERIVED,0000092230-26-000030,derived_q4_from_reported_fy_less_q1_q3,real_public_sec_edgar,20254
TFC,TRUIST FINANCIAL CORP,0000092230,2025Q4,2025-12-31,total_assets,Total assets,547538000000.0,USD,us-gaap,Assets,10-Q,2026-05-01,CY2025Q4I,0000092230-26-000062,reported_instant_frame,real_public_sec_edgar,20254
TFC,TRUIST FINANCIAL CORP,0000092230,2025Q4,2025-12-31,total_deposits,Total deposits,400398000000.0,USD,us-gaap,Deposits,10-K,2026-02-24,CY2025Q4I,0000092230-26-000030,reported_instant_frame,real_public_sec_edgar,20254
TFC,TRUIST FINANCIAL CORP,0000092230,2025Q4,2025-12-31,total_equity,Total equity,65189000000.0,USD,us-gaap,StockholdersEquityIncludingPortionAttributableToNoncontrollingInterest,10-Q,2026-05-01,CY2025Q4I,0000092230-26-000062,reported_instant_frame,real_public_sec_edgar,20254
TFC,TRUIST FINANCIAL CORP,0000092230,2025Q4,2025-12-31,total_loans,Total loans,323565000000.0,USD,us-gaap,FinancingReceivableExcludingAccruedInterestAfterAllowanceForCreditLoss,10-Q,2026-05-01,CY2025Q4I,0000092230-26-000062,reported_instant_frame,real_public_sec_edgar,20254
TFC,TRUIST FINANCIAL CORP,0000092230,2026Q1,2026-03-31,interest_expense,Interest expense,2256000000.0,USD,us-gaap,InterestExpenseOperating,10-Q,2026-05-01,CY2026Q1,0000092230-26-000062,reported_quarterly_frame,real_public_sec_edgar,20261
TFC,TRUIST FINANCIAL CORP,0000092230,2026Q1,2026-03-31,interest_expense_deposits,Interest expense on deposits,1525000000.0,USD,us-gaap,InterestExpenseDeposits,10-Q,2026-05-01,CY2026Q1,0000092230-26-000062,reported_quarterly_frame,real_public_sec_edgar,20261
TFC,TRUIST FINANCIAL CORP,0000092230,2026Q1,2026-03-31,interest_income,Interest income,5855000000.0,USD,us-gaap,InterestAndDividendIncomeOperating,10-Q,2026-05-01,CY2026Q1,0000092230-26-000062,reported_quarterly_frame,real_public_sec_edgar,20261
TFC,TRUIST FINANCIAL CORP,0000092230,2026Q1,2026-03-31,noninterest_expense,Noninterest expense,2983000000.0,USD,us-gaap,NoninterestExpense,10-Q,2026-05-01,CY2026Q1,0000092230-26-000062,reported_quarterly_frame,real_public_sec_edgar,20261
TFC,TRUIST FINANCIAL CORP,0000092230,2026Q1,2026-03-31,noninterest_income,Noninterest income,1553000000.0,USD,us-gaap,NoninterestIncome,10-Q,2026-05-01,CY2026Q1,0000092230-26-000062,reported_quarterly_frame,real_public_sec_edgar,20261
TFC,TRUIST FINANCIAL CORP,0000092230,2026Q1,2026-03-31,total_assets,Total assets,548975000000.0,USD,us-gaap,Assets,10-Q,2026-05-01,CY2026Q1I,0000092230-26-000062,reported_instant_frame,real_public_sec_edgar,20261
TFC,TRUIST FINANCIAL CORP,0000092230,2026Q1,2026-03-31,total_equity,Total equity,64214000000.0,USD,us-gaap,StockholdersEquityIncludingPortionAttributableToNoncontrollingInterest,10-Q,2026-05-01,CY2026Q1I,0000092230-26-000062,reported_instant_frame,real_public_sec_edgar,20261
TFC,TRUIST FINANCIAL CORP,0000092230,2026Q1,2026-03-31,total_loans,Total loans,324212000000.0,USD,us-gaap,FinancingReceivableExcludingAccruedInterestAfterAllowanceForCreditLoss,10-Q,2026-05-01,CY2026Q1I,0000092230-26-000062,reported_instant_frame,real_public_sec_edgar,20261
USB,US BANCORP DE,0000036104,2018Q2,2018-06-30,interest_expense,Interest expense,751000000.0,USD,us-gaap,InterestExpense,10-Q,2019-08-01,CY2018Q2,0001193125-19-210903,reported_quarterly_frame,real_public_sec_edgar,20182
USB,US BANCORP DE,0000036104,2018Q2,2018-06-30,interest_expense_deposits,Interest expense on deposits,427000000.0,USD,us-gaap,InterestExpenseDeposits,10-Q,2019-08-01,CY2018Q2,0001193125-19-210903,reported_quarterly_frame,real_public_sec_edgar,20182
USB,US BANCORP DE,0000036104,2018Q2,2018-06-30,interest_income,Interest income,3948000000.0,USD,us-gaap,InterestAndDividendIncomeOperating,10-Q,2019-08-01,CY2018Q2,0001193125-19-210903,reported_quarterly_frame,real_public_sec_edgar,20182
USB,US BANCORP DE,0000036104,2018Q2,2018-06-30,net_income,Net income,1750000000.0,USD,us-gaap,NetIncomeLoss,10-Q,2019-08-01,CY2018Q2,0001193125-19-210903,reported_quarterly_frame,real_public_sec_edgar,20182
USB,US BANCORP DE,0000036104,2018Q2,2018-06-30,noninterest_expense,Noninterest expense,3085000000.0,USD,us-gaap,NoninterestExpense,10-Q,2019-08-01,CY2018Q2,0001193125-19-210903,reported_quarterly_frame,real_public_sec_edgar,20182
USB,US BANCORP DE,0000036104,2018Q2,2018-06-30,noninterest_income,Noninterest income,2414000000.0,USD,us-gaap,NoninterestIncome,10-Q,2019-08-01,CY2018Q2,0001193125-19-210903,reported_quarterly_frame,real_public_sec_edgar,20182
USB,US BANCORP DE,0000036104,2018Q2,2018-06-30,total_assets,Total assets,461329000000.0,USD,us-gaap,Assets,10-Q,2018-08-02,CY2018Q2I,0001193125-18-236628,reported_instant_frame,real_public_sec_edgar,20182
USB,US BANCORP DE,0000036104,2018Q2,2018-06-30,total_deposits,Total deposits,340080000000.0,USD,us-gaap,Deposits,10-Q,2018-08-02,CY2018Q2I,0001193125-18-236628,reported_instant_frame,real_public_sec_edgar,20182
USB,US BANCORP DE,0000036104,2018Q2,2018-06-30,total_equity,Total equity,50257000000.0,USD,us-gaap,StockholdersEquityIncludingPortionAttributableToNoncontrollingInterest,10-Q,2019-11-08,CY2018Q2I,0001193125-19-287486,reported_instant_frame,real_public_sec_edgar,20182
USB,US BANCORP DE,0000036104,2018Q2,2018-06-30,total_loans,Total loans,277354000000.0,USD,us-gaap,LoansAndLeasesReceivableNetOfDeferredIncome,10-Q,2018-08-02,CY2018Q2I,0001193125-18-236628,reported_instant_frame,real_public_sec_edgar,20182
USB,US BANCORP DE,0000036104,2018Q3,2018-09-30,interest_expense,Interest expense,872000000.0,USD,us-gaap,InterestExpense,10-Q,2019-11-08,CY2018Q3,0001193125-19-287486,reported_quarterly_frame,real_public_sec_edgar,20183
USB,US BANCORP DE,0000036104,2018Q3,2018-09-30,interest_expense_deposits,Interest expense on deposits,491000000.0,USD,us-gaap,InterestExpenseDeposits,10-Q,2019-11-08,CY2018Q3,0001193125-19-287486,reported_quarterly_frame,real_public_sec_edgar,20183
USB,US BANCORP DE,0000036104,2018Q3,2018-09-30,interest_income,Interest income,4123000000.0,USD,us-gaap,InterestAndDividendIncomeOperating,10-Q,2019-11-08,CY2018Q3,0001193125-19-287486,reported_quarterly_frame,real_public_sec_edgar,20183
USB,US BANCORP DE,0000036104,2018Q3,2018-09-30,net_income,Net income,1815000000.0,USD,us-gaap,NetIncomeLoss,10-Q,2019-11-08,CY2018Q3,0001193125-19-287486,reported_quarterly_frame,real_public_sec_edgar,20183
USB,US BANCORP DE,0000036104,2018Q3,2018-09-30,noninterest_expense,Noninterest expense,3044000000.0,USD,us-gaap,NoninterestExpense,10-Q,2019-11-08,CY2018Q3,0001193125-19-287486,reported_quarterly_frame,real_public_sec_edgar,20183
USB,US BANCORP DE,0000036104,2018Q3,2018-09-30,noninterest_income,Noninterest income,2418000000.0,USD,us-gaap,NoninterestIncome,10-Q,2019-11-08,CY2018Q3,0001193125-19-287486,reported_quarterly_frame,real_public_sec_edgar,20183
USB,US BANCORP DE,0000036104,2018Q3,2018-09-30,total_assets,Total assets,464607000000.0,USD,us-gaap,Assets,10-Q,2018-11-02,CY2018Q3I,0001193125-18-316582,reported_instant_frame,real_public_sec_edgar,20183
USB,US BANCORP DE,0000036104,2018Q3,2018-09-30,total_deposits,Total deposits,331178000000.0,USD,us-gaap,Deposits,10-Q,2018-11-02,CY2018Q3I,0001193125-18-316582,reported_instant_frame,real_public_sec_edgar,20183
USB,US BANCORP DE,0000036104,2018Q3,2018-09-30,total_equity,Total equity,51007000000.0,USD,us-gaap,StockholdersEquityIncludingPortionAttributableToNoncontrollingInterest,10-Q,2019-11-08,CY2018Q3I,0001193125-19-287486,reported_instant_frame,real_public_sec_edgar,20183
USB,US BANCORP DE,0000036104,2018Q3,2018-09-30,total_loans,Total loans,280061000000.0,USD,us-gaap,LoansAndLeasesReceivableNetOfDeferredIncome,10-Q,2018-11-02,CY2018Q3I,0001193125-18-316582,reported_instant_frame,real_public_sec_edgar,20183
USB,US BANCORP DE,0000036104,2018Q4,2018-12-31,interest_expense,Interest expense,1008000000.0,USD,us-gaap,InterestExpense,10-K-derived,2021-02-23,CY2018Q4_DERIVED,0001193125-21-052547,derived_q4_from_reported_fy_less_q1_q3,real_public_sec_edgar,20184
USB,US BANCORP DE,0000036104,2018Q4,2018-12-31,interest_expense_deposits,Interest expense on deposits,606000000.0,USD,us-gaap,InterestExpenseDeposits,10-K-derived,2021-02-23,CY2018Q4_DERIVED,0001193125-21-052547,derived_q4_from_reported_fy_less_q1_q3,real_public_sec_edgar,20184
USB,US BANCORP DE,0000036104,2018Q4,2018-12-31,interest_income,Interest income,4311000000.0,USD,us-gaap,InterestAndDividendIncomeOperating,10-K-derived,2021-02-23,CY2018Q4_DERIVED,0001193125-21-052547,derived_q4_from_reported_fy_less_q1_q3,real_public_sec_edgar,20184
USB,US BANCORP DE,0000036104,2018Q4,2018-12-31,net_income,Net income,1856000000.0,USD,us-gaap,NetIncomeLoss,10-K-derived,2021-02-23,CY2018Q4_DERIVED,0001193125-21-052547,derived_q4_from_reported_fy_less_q1_q3,real_public_sec_edgar,20184
USB,US BANCORP DE,0000036104,2018Q4,2018-12-31,noninterest_expense,Noninterest expense,3280000000.0,USD,us-gaap,NoninterestExpense,10-K-derived,2021-02-23,CY2018Q4_DERIVED,0001193125-21-052547,derived_q4_from_reported_fy_less_q1_q3,real_public_sec_edgar,20184
USB,US BANCORP DE,0000036104,2018Q4,2018-12-31,noninterest_income,Noninterest income,2498000000.0,USD,us-gaap,NoninterestIncome,10-K-derived,2021-02-23,CY2018Q4_DERIVED,0001193125-21-052547,derived_q4_from_reported_fy_less_q1_q3,real_public_sec_edgar,20184
USB,US BANCORP DE,0000036104,2018Q4,2018-12-31,total_assets,Total assets,467374000000.0,USD,us-gaap,Assets,10-K,2020-02-20,CY2018Q4I,0001193125-20-043622,reported_instant_frame,real_public_sec_edgar,20184
USB,US BANCORP DE,0000036104,2018Q4,2018-12-31,total_deposits,Total deposits,345475000000.0,USD,us-gaap,Deposits,10-K,2020-02-20,CY2018Q4I,0001193125-20-043622,reported_instant_frame,real_public_sec_edgar,20184
USB,US BANCORP DE,0000036104,2018Q4,2018-12-31,total_equity,Total equity,51657000000.0,USD,us-gaap,StockholdersEquityIncludingPortionAttributableToNoncontrollingInterest,10-K,2022-02-22,CY2018Q4I,0001193125-22-048709,reported_instant_frame,real_public_sec_edgar,20184
USB,US BANCORP DE,0000036104,2018Q4,2018-12-31,total_loans,Total loans,282837000000.0,USD,us-gaap,LoansAndLeasesReceivableNetReportedAmount,10-K,2020-02-20,CY2018Q4I,0001193125-20-043622,reported_instant_frame,real_public_sec_edgar,20184
USB,US BANCORP DE,0000036104,2019Q1,2019-03-31,interest_expense,Interest expense,1092000000.0,USD,us-gaap,InterestExpense,10-Q,2020-05-07,CY2019Q1,0001193125-20-136359,reported_quarterly_frame,real_public_sec_edgar,20191
USB,US BANCORP DE,0000036104,2019Q1,2019-03-31,interest_expense_deposits,Interest expense on deposits,695000000.0,USD,us-gaap,InterestExpenseDeposits,10-Q,2020-05-07,CY2019Q1,0001193125-20-136359,reported_quarterly_frame,real_public_sec_edgar,20191
USB,US BANCORP DE,0000036104,2019Q1,2019-03-31,interest_income,Interest income,4351000000.0,USD,us-gaap,InterestAndDividendIncomeOperating,10-Q,2020-05-07,CY2019Q1,0001193125-20-136359,reported_quarterly_frame,real_public_sec_edgar,20191
USB,US BANCORP DE,0000036104,2019Q1,2019-03-31,net_income,Net income,1699000000.0,USD,us-gaap,NetIncomeLoss,10-Q,2020-05-07,CY2019Q1,0001193125-20-136359,reported_quarterly_frame,real_public_sec_edgar,20191
USB,US BANCORP DE,0000036104,2019Q1,2019-03-31,noninterest_expense,Noninterest expense,3087000000.0,USD,us-gaap,NoninterestExpense,10-Q,2020-05-07,CY2019Q1,0001193125-20-136359,reported_quarterly_frame,real_public_sec_edgar,20191
USB,US BANCORP DE,0000036104,2019Q1,2019-03-31,noninterest_income,Noninterest income,2291000000.0,USD,us-gaap,NoninterestIncome,10-Q,2020-05-07,CY2019Q1,0001193125-20-136359,reported_quarterly_frame,real_public_sec_edgar,20191
USB,US BANCORP DE,0000036104,2019Q1,2019-03-31,total_assets,Total assets,475775000000.0,USD,us-gaap,Assets,10-Q,2019-05-09,CY2019Q1I,0001193125-19-142913,reported_instant_frame,real_public_sec_edgar,20191
USB,US BANCORP DE,0000036104,2019Q1,2019-03-31,total_deposits,Total deposits,348087000000.0,USD,us-gaap,Deposits,10-Q,2019-05-09,CY2019Q1I,0001193125-19-142913,reported_instant_frame,real_public_sec_edgar,20191
USB,US BANCORP DE,0000036104,2019Q1,2019-03-31,total_equity,Total equity,52686000000.0,USD,us-gaap,StockholdersEquityIncludingPortionAttributableToNoncontrollingInterest,10-Q,2020-08-06,CY2019Q1I,0001193125-20-211979,reported_instant_frame,real_public_sec_edgar,20191
USB,US BANCORP DE,0000036104,2019Q1,2019-03-31,total_loans,Total loans,283709000000.0,USD,us-gaap,LoansAndLeasesReceivableNetReportedAmount,10-Q,2019-05-09,CY2019Q1I,0001193125-19-142913,reported_instant_frame,real_public_sec_edgar,20191
USB,US BANCORP DE,0000036104,2019Q2,2019-06-30,interest_expense,Interest expense,1146000000.0,USD,us-gaap,InterestExpense,10-Q,2020-08-06,CY2019Q2,0001193125-20-211979,reported_quarterly_frame,real_public_sec_edgar,20192
USB,US BANCORP DE,0000036104,2019Q2,2019-06-30,interest_expense_deposits,Interest expense on deposits,762000000.0,USD,us-gaap,InterestExpenseDeposits,10-Q,2020-08-06,CY2019Q2,0001193125-20-211979,reported_quarterly_frame,real_public_sec_edgar,20192
USB,US BANCORP DE,0000036104,2019Q2,2019-06-30,interest_income,Interest income,4451000000.0,USD,us-gaap,InterestAndDividendIncomeOperating,10-Q,2020-08-06,CY2019Q2,0001193125-20-211979,reported_quarterly_frame,real_public_sec_edgar,20192
USB,US BANCORP DE,0000036104,2019Q2,2019-06-30,net_income,Net income,1821000000.0,USD,us-gaap,NetIncomeLoss,10-Q,2020-08-06,CY2019Q2,0001193125-20-211979,reported_quarterly_frame,real_public_sec_edgar,20192
USB,US BANCORP DE,0000036104,2019Q2,2019-06-30,noninterest_expense,Noninterest expense,3153000000.0,USD,us-gaap,NoninterestExpense,10-Q,2020-08-06,CY2019Q2,0001193125-20-211979,reported_quarterly_frame,real_public_sec_edgar,20192
USB,US BANCORP DE,0000036104,2019Q2,2019-06-30,noninterest_income,Noninterest income,2490000000.0,USD,us-gaap,NoninterestIncome,10-Q,2020-08-06,CY2019Q2,0001193125-20-211979,reported_quarterly_frame,real_public_sec_edgar,20192
USB,US BANCORP DE,0000036104,2019Q2,2019-06-30,total_assets,Total assets,481719000000.0,USD,us-gaap,Assets,10-Q,2019-08-01,CY2019Q2I,0001193125-19-210903,reported_instant_frame,real_public_sec_edgar,20192
USB,US BANCORP DE,0000036104,2019Q2,2019-06-30,total_deposits,Total deposits,353177000000.0,USD,us-gaap,Deposits,10-Q,2019-08-01,CY2019Q2I,0001193125-19-210903,reported_instant_frame,real_public_sec_edgar,20192
USB,US BANCORP DE,0000036104,2019Q2,2019-06-30,total_equity,Total equity,53540000000.0,USD,us-gaap,StockholdersEquityIncludingPortionAttributableToNoncontrollingInterest,10-Q,2020-11-05,CY2019Q2I,0001193125-20-286983,reported_instant_frame,real_public_sec_edgar,20192
USB,US BANCORP DE,0000036104,2019Q2,2019-06-30,total_loans,Total loans,288009000000.0,USD,us-gaap,LoansAndLeasesReceivableNetReportedAmount,10-Q,2019-08-01,CY2019Q2I,0001193125-19-210903,reported_instant_frame,real_public_sec_edgar,20192
USB,US BANCORP DE,0000036104,2019Q3,2019-09-30,interest_expense,Interest expense,1156000000.0,USD,us-gaap,InterestExpense,10-Q,2020-11-05,CY2019Q3,0001193125-20-286983,reported_quarterly_frame,real_public_sec_edgar,20193
USB,US BANCORP DE,0000036104,2019Q3,2019-09-30,interest_expense_deposits,Interest expense on deposits,744000000.0,USD,us-gaap,InterestExpenseDeposits,10-Q,2020-11-05,CY2019Q3,0001193125-20-286983,reported_quarterly_frame,real_public_sec_edgar,20193
USB,US BANCORP DE,0000036104,2019Q3,2019-09-30,interest_income,Interest income,4437000000.0,USD,us-gaap,InterestAndDividendIncomeOperating,10-Q,2020-11-05,CY2019Q3,0001193125-20-286983,reported_quarterly_frame,real_public_sec_edgar,20193
USB,US BANCORP DE,0000036104,2019Q3,2019-09-30,net_income,Net income,1908000000.0,USD,us-gaap,NetIncomeLoss,10-Q,2020-11-05,CY2019Q3,0001193125-20-286983,reported_quarterly_frame,real_public_sec_edgar,20193
USB,US BANCORP DE,0000036104,2019Q3,2019-09-30,noninterest_expense,Noninterest expense,3144000000.0,USD,us-gaap,NoninterestExpense,10-Q,2020-11-05,CY2019Q3,0001193125-20-286983,reported_quarterly_frame,real_public_sec_edgar,20193
USB,US BANCORP DE,0000036104,2019Q3,2019-09-30,noninterest_income,Noninterest income,2614000000.0,USD,us-gaap,NoninterestIncome,10-Q,2020-11-05,CY2019Q3,0001193125-20-286983,reported_quarterly_frame,real_public_sec_edgar,20193
USB,US BANCORP DE,0000036104,2019Q3,2019-09-30,total_assets,Total assets,487671000000.0,USD,us-gaap,Assets,10-Q,2019-11-08,CY2019Q3I,0001193125-19-287486,reported_instant_frame,real_public_sec_edgar,20193
USB,US BANCORP DE,0000036104,2019Q3,2019-09-30,total_deposits,Total deposits,359715000000.0,USD,us-gaap,Deposits,10-Q,2019-11-08,CY2019Q3I,0001193125-19-287486,reported_instant_frame,real_public_sec_edgar,20193
USB,US BANCORP DE,0000036104,2019Q3,2019-09-30,total_equity,Total equity,54147000000.0,USD,us-gaap,StockholdersEquityIncludingPortionAttributableToNoncontrollingInterest,10-Q,2020-11-05,CY2019Q3I,0001193125-20-286983,reported_instant_frame,real_public_sec_edgar,20193
USB,US BANCORP DE,0000036104,2019Q3,2019-09-30,total_loans,Total loans,290631000000.0,USD,us-gaap,LoansAndLeasesReceivableNetReportedAmount,10-Q,2019-11-08,CY2019Q3I,0001193125-19-287486,reported_instant_frame,real_public_sec_edgar,20193
USB,US BANCORP DE,0000036104,2019Q4,2019-12-31,interest_expense,Interest expense,1048000000.0,USD,us-gaap,InterestExpense,10-K-derived,2022-02-22,CY2019Q4_DERIVED,0001193125-22-048709,derived_q4_from_reported_fy_less_q1_q3,real_public_sec_edgar,20194
USB,US BANCORP DE,0000036104,2019Q4,2019-12-31,interest_expense_deposits,Interest expense on deposits,654000000.0,USD,us-gaap,InterestExpenseDeposits,10-K-derived,2022-02-22,CY2019Q4_DERIVED,0001193125-22-048709,derived_q4_from_reported_fy_less_q1_q3,real_public_sec_edgar,20194
USB,US BANCORP DE,0000036104,2019Q4,2019-12-31,interest_income,Interest income,4255000000.0,USD,us-gaap,InterestAndDividendIncomeOperating,10-K-derived,2022-02-22,CY2019Q4_DERIVED,0001193125-22-048709,derived_q4_from_reported_fy_less_q1_q3,real_public_sec_edgar,20194
USB,US BANCORP DE,0000036104,2019Q4,2019-12-31,net_income,Net income,1486000000.0,USD,us-gaap,NetIncomeLoss,10-K-derived,2022-02-22,CY2019Q4_DERIVED,0001193125-22-048709,derived_q4_from_reported_fy_less_q1_q3,real_public_sec_edgar,20194
USB,US BANCORP DE,0000036104,2019Q4,2019-12-31,noninterest_expense,Noninterest expense,3401000000.0,USD,us-gaap,NoninterestExpense,10-K-derived,2022-02-22,CY2019Q4_DERIVED,0001193125-22-048709,derived_q4_from_reported_fy_less_q1_q3,real_public_sec_edgar,20194
USB,US BANCORP DE,0000036104,2019Q4,2019-12-31,noninterest_income,Noninterest income,2436000000.0,USD,us-gaap,NoninterestIncome,10-K-derived,2022-02-22,CY2019Q4_DERIVED,0001193125-22-048709,derived_q4_from_reported_fy_less_q1_q3,real_public_sec_edgar,20194
USB,US BANCORP DE,0000036104,2019Q4,2019-12-31,total_assets,Total assets,495426000000.0,USD,us-gaap,Assets,10-K,2021-02-23,CY2019Q4I,0001193125-21-052547,reported_instant_frame,real_public_sec_edgar,20194
USB,US BANCORP DE,0000036104,2019Q4,2019-12-31,total_deposits,Total deposits,361916000000.0,USD,us-gaap,Deposits,10-K,2021-02-23,CY2019Q4I,0001193125-21-052547,reported_instant_frame,real_public_sec_edgar,20194
USB,US BANCORP DE,0000036104,2019Q4,2019-12-31,total_equity,Total equity,52483000000.0,USD,us-gaap,StockholdersEquityIncludingPortionAttributableToNoncontrollingInterest,10-K,2023-02-27,CY2019Q4I,0001193125-23-050691,reported_instant_frame,real_public_sec_edgar,20194
USB,US BANCORP DE,0000036104,2019Q4,2019-12-31,total_loans,Total loans,292082000000.0,USD,us-gaap,LoansAndLeasesReceivableNetReportedAmount,10-K,2021-02-23,CY2019Q4I,0001193125-21-052547,reported_instant_frame,real_public_sec_edgar,20194
USB,US BANCORP DE,0000036104,2020Q1,2020-03-31,interest_expense,Interest expense,893000000.0,USD,us-gaap,InterestExpense,10-Q,2021-05-04,CY2020Q1,0001193125-21-150169,reported_quarterly_frame,real_public_sec_edgar,20201
USB,US BANCORP DE,0000036104,2020Q1,2020-03-31,interest_expense_deposits,Interest expense on deposits,525000000.0,USD,us-gaap,InterestExpenseDeposits,10-Q,2021-05-04,CY2020Q1,0001193125-21-150169,reported_quarterly_frame,real_public_sec_edgar,20201
USB,US BANCORP DE,0000036104,2020Q1,2020-03-31,interest_income,Interest income,4116000000.0,USD,us-gaap,InterestAndDividendIncomeOperating,10-Q,2021-05-04,CY2020Q1,0001193125-21-150169,reported_quarterly_frame,real_public_sec_edgar,20201
USB,US BANCORP DE,0000036104,2020Q1,2020-03-31,net_income,Net income,1171000000.0,USD,us-gaap,NetIncomeLoss,10-Q,2021-05-04,CY2020Q1,0001193125-21-150169,reported_quarterly_frame,real_public_sec_edgar,20201
USB,US BANCORP DE,0000036104,2020Q1,2020-03-31,noninterest_expense,Noninterest expense,3316000000.0,USD,us-gaap,NoninterestExpense,10-Q,2021-05-04,CY2020Q1,0001193125-21-150169,reported_quarterly_frame,real_public_sec_edgar,20201
USB,US BANCORP DE,0000036104,2020Q1,2020-03-31,noninterest_income,Noninterest income,2525000000.0,USD,us-gaap,NoninterestIncome,10-Q,2021-05-04,CY2020Q1,0001193125-21-150169,reported_quarterly_frame,real_public_sec_edgar,20201
USB,US BANCORP DE,0000036104,2020Q1,2020-03-31,total_assets,Total assets,542909000000.0,USD,us-gaap,Assets,10-Q,2020-05-07,CY2020Q1I,0001193125-20-136359,reported_instant_frame,real_public_sec_edgar,20201
USB,US BANCORP DE,0000036104,2020Q1,2020-03-31,total_deposits,Total deposits,394854000000.0,USD,us-gaap,Deposits,10-Q,2020-05-07,CY2020Q1I,0001193125-20-136359,reported_instant_frame,real_public_sec_edgar,20201
USB,US BANCORP DE,0000036104,2020Q1,2020-03-31,total_equity,Total equity,52162000000.0,USD,us-gaap,StockholdersEquityIncludingPortionAttributableToNoncontrollingInterest,10-Q,2021-08-03,CY2020Q1I,0001193125-21-234982,reported_instant_frame,real_public_sec_edgar,20201
USB,US BANCORP DE,0000036104,2020Q1,2020-03-31,total_loans,Total loans,312089000000.0,USD,us-gaap,LoansAndLeasesReceivableNetReportedAmount,10-Q,2020-05-07,CY2020Q1I,0001193125-20-136359,reported_instant_frame,real_public_sec_edgar,20201
USB,US BANCORP DE,0000036104,2020Q2,2020-06-30,interest_expense,Interest expense,472000000.0,USD,us-gaap,InterestExpense,10-Q,2021-08-03,CY2020Q2,0001193125-21-234982,reported_quarterly_frame,real_public_sec_edgar,20202
USB,US BANCORP DE,0000036104,2020Q2,2020-06-30,interest_expense_deposits,Interest expense on deposits,194000000.0,USD,us-gaap,InterestExpenseDeposits,10-Q,2021-08-03,CY2020Q2,0001193125-21-234982,reported_quarterly_frame,real_public_sec_edgar,20202
USB,US BANCORP DE,0000036104,2020Q2,2020-06-30,interest_income,Interest income,3672000000.0,USD,us-gaap,InterestAndDividendIncomeOperating,10-Q,2021-08-03,CY2020Q2,0001193125-21-234982,reported_quarterly_frame,real_public_sec_edgar,20202
USB,US BANCORP DE,0000036104,2020Q2,2020-06-30,net_income,Net income,689000000.0,USD,us-gaap,NetIncomeLoss,10-Q,2021-08-03,CY2020Q2,0001193125-21-234982,reported_quarterly_frame,real_public_sec_edgar,20202
USB,US BANCORP DE,0000036104,2020Q2,2020-06-30,noninterest_expense,Noninterest expense,3318000000.0,USD,us-gaap,NoninterestExpense,10-Q,2021-08-03,CY2020Q2,0001193125-21-234982,reported_quarterly_frame,real_public_sec_edgar,20202
USB,US BANCORP DE,0000036104,2020Q2,2020-06-30,noninterest_income,Noninterest income,2614000000.0,USD,us-gaap,NoninterestIncome,10-Q,2021-08-03,CY2020Q2,0001193125-21-234982,reported_quarterly_frame,real_public_sec_edgar,20202
USB,US BANCORP DE,0000036104,2020Q2,2020-06-30,total_assets,Total assets,546652000000.0,USD,us-gaap,Assets,10-Q,2020-08-06,CY2020Q2I,0001193125-20-211979,reported_instant_frame,real_public_sec_edgar,20202
USB,US BANCORP DE,0000036104,2020Q2,2020-06-30,total_deposits,Total deposits,413306000000.0,USD,us-gaap,Deposits,10-Q,2020-08-06,CY2020Q2I,0001193125-20-211979,reported_instant_frame,real_public_sec_edgar,20202
USB,US BANCORP DE,0000036104,2020Q2,2020-06-30,total_equity,Total equity,52480000000.0,USD,us-gaap,StockholdersEquityIncludingPortionAttributableToNoncontrollingInterest,10-Q,2021-11-02,CY2020Q2I,0001193125-21-317037,reported_instant_frame,real_public_sec_edgar,20202
USB,US BANCORP DE,0000036104,2020Q2,2020-06-30,total_loans,Total loans,302952000000.0,USD,us-gaap,LoansAndLeasesReceivableNetReportedAmount,10-Q,2020-08-06,CY2020Q2I,0001193125-20-211979,reported_instant_frame,real_public_sec_edgar,20202
USB,US BANCORP DE,0000036104,2020Q3,2020-09-30,interest_expense,Interest expense,346000000.0,USD,us-gaap,InterestExpense,10-Q,2021-11-02,CY2020Q3,0001193125-21-317037,reported_quarterly_frame,real_public_sec_edgar,20203
USB,US BANCORP DE,0000036104,2020Q3,2020-09-30,interest_expense_deposits,Interest expense on deposits,130000000.0,USD,us-gaap,InterestExpenseDeposits,10-Q,2021-11-02,CY2020Q3,0001193125-21-317037,reported_quarterly_frame,real_public_sec_edgar,20203
USB,US BANCORP DE,0000036104,2020Q3,2020-09-30,interest_income,Interest income,3573000000.0,USD,us-gaap,InterestAndDividendIncomeOperating,10-Q,2021-11-02,CY2020Q3,0001193125-21-317037,reported_quarterly_frame,real_public_sec_edgar,20203
USB,US BANCORP DE,0000036104,2020Q3,2020-09-30,net_income,Net income,1580000000.0,USD,us-gaap,NetIncomeLoss,10-Q,2021-11-02,CY2020Q3,0001193125-21-317037,reported_quarterly_frame,real_public_sec_edgar,20203
USB,US BANCORP DE,0000036104,2020Q3,2020-09-30,noninterest_expense,Noninterest expense,3371000000.0,USD,us-gaap,NoninterestExpense,10-Q,2021-11-02,CY2020Q3,0001193125-21-317037,reported_quarterly_frame,real_public_sec_edgar,20203
USB,US BANCORP DE,0000036104,2020Q3,2020-09-30,noninterest_income,Noninterest income,2712000000.0,USD,us-gaap,NoninterestIncome,10-Q,2021-11-02,CY2020Q3,0001193125-21-317037,reported_quarterly_frame,real_public_sec_edgar,20203
USB,US BANCORP DE,0000036104,2020Q3,2020-09-30,total_assets,Total assets,540455000000.0,USD,us-gaap,Assets,10-Q,2020-11-05,CY2020Q3I,0001193125-20-286983,reported_instant_frame,real_public_sec_edgar,20203
USB,US BANCORP DE,0000036104,2020Q3,2020-09-30,total_deposits,Total deposits,413217000000.0,USD,us-gaap,Deposits,10-Q,2020-11-05,CY2020Q3I,0001193125-20-286983,reported_instant_frame,real_public_sec_edgar,20203
USB,US BANCORP DE,0000036104,2020Q3,2020-09-30,total_equity,Total equity,53195000000.0,USD,us-gaap,StockholdersEquityIncludingPortionAttributableToNoncontrollingInterest,10-Q,2021-11-02,CY2020Q3I,0001193125-21-317037,reported_instant_frame,real_public_sec_edgar,20203
USB,US BANCORP DE,0000036104,2020Q3,2020-09-30,total_loans,Total loans,299578000000.0,USD,us-gaap,LoansAndLeasesReceivableNetReportedAmount,10-Q,2020-11-05,CY2020Q3I,0001193125-20-286983,reported_instant_frame,real_public_sec_edgar,20203
USB,US BANCORP DE,0000036104,2020Q4,2020-12-31,interest_expense,Interest expense,304000000.0,USD,us-gaap,InterestExpense,10-K-derived,2023-02-27,CY2020Q4_DERIVED,0001193125-23-050691,derived_q4_from_reported_fy_less_q1_q3,real_public_sec_edgar,20204
USB,US BANCORP DE,0000036104,2020Q4,2020-12-31,interest_expense_deposits,Interest expense on deposits,101000000.0,USD,us-gaap,InterestExpenseDeposits,10-K-derived,2023-02-27,CY2020Q4_DERIVED,0001193125-23-050691,derived_q4_from_reported_fy_less_q1_q3,real_public_sec_edgar,20204
USB,US BANCORP DE,0000036104,2020Q4,2020-12-31,interest_income,Interest income,3479000000.0,USD,us-gaap,InterestAndDividendIncomeOperating,10-K-derived,2023-02-27,CY2020Q4_DERIVED,0001193125-23-050691,derived_q4_from_reported_fy_less_q1_q3,real_public_sec_edgar,20204
USB,US BANCORP DE,0000036104,2020Q4,2020-12-31,net_income,Net income,1519000000.0,USD,us-gaap,NetIncomeLoss,10-K-derived,2023-02-27,CY2020Q4_DERIVED,0001193125-23-050691,derived_q4_from_reported_fy_less_q1_q3,real_public_sec_edgar,20204
USB,US BANCORP DE,0000036104,2020Q4,2020-12-31,noninterest_expense,Noninterest expense,3364000000.0,USD,us-gaap,NoninterestExpense,10-K-derived,2023-02-27,CY2020Q4_DERIVED,0001193125-23-050691,derived_q4_from_reported_fy_less_q1_q3,real_public_sec_edgar,20204
USB,US BANCORP DE,0000036104,2020Q4,2020-12-31,noninterest_income,Noninterest income,2550000000.0,USD,us-gaap,NoninterestIncome,10-K-derived,2023-02-27,CY2020Q4_DERIVED,0001193125-23-050691,derived_q4_from_reported_fy_less_q1_q3,real_public_sec_edgar,20204
USB,US BANCORP DE,0000036104,2020Q4,2020-12-31,total_assets,Total assets,553905000000.0,USD,us-gaap,Assets,10-K,2022-02-22,CY2020Q4I,0001193125-22-048709,reported_instant_frame,real_public_sec_edgar,20204
USB,US BANCORP DE,0000036104,2020Q4,2020-12-31,total_deposits,Total deposits,429770000000.0,USD,us-gaap,Deposits,10-K,2022-02-22,CY2020Q4I,0001193125-22-048709,reported_instant_frame,real_public_sec_edgar,20204
USB,US BANCORP DE,0000036104,2020Q4,2020-12-31,total_equity,Total equity,53725000000.0,USD,us-gaap,StockholdersEquityIncludingPortionAttributableToNoncontrollingInterest,10-K,2024-02-20,CY2020Q4I,0000036104-24-000018,reported_instant_frame,real_public_sec_edgar,20204
USB,US BANCORP DE,0000036104,2020Q4,2020-12-31,total_loans,Total loans,290393000000.0,USD,us-gaap,LoansAndLeasesReceivableNetReportedAmount,10-K,2022-02-22,CY2020Q4I,0001193125-22-048709,reported_instant_frame,real_public_sec_edgar,20204
USB,US BANCORP DE,0000036104,2021Q1,2021-03-31,interest_expense,Interest expense,278000000.0,USD,us-gaap,InterestExpense,10-Q,2022-05-03,CY2021Q1,0001193125-22-138788,reported_quarterly_frame,real_public_sec_edgar,20211
USB,US BANCORP DE,0000036104,2021Q1,2021-03-31,interest_expense_deposits,Interest expense on deposits,85000000.0,USD,us-gaap,InterestExpenseDeposits,10-Q,2022-05-03,CY2021Q1,0001193125-22-138788,reported_quarterly_frame,real_public_sec_edgar,20211
USB,US BANCORP DE,0000036104,2021Q1,2021-03-31,interest_income,Interest income,3341000000.0,USD,us-gaap,InterestAndDividendIncomeOperating,10-Q,2022-05-03,CY2021Q1,0001193125-22-138788,reported_quarterly_frame,real_public_sec_edgar,20211
USB,US BANCORP DE,0000036104,2021Q1,2021-03-31,net_income,Net income,2280000000.0,USD,us-gaap,NetIncomeLoss,10-Q,2022-05-03,CY2021Q1,0001193125-22-138788,reported_quarterly_frame,real_public_sec_edgar,20211
USB,US BANCORP DE,0000036104,2021Q1,2021-03-31,noninterest_expense,Noninterest expense,3379000000.0,USD,us-gaap,NoninterestExpense,10-Q,2022-05-03,CY2021Q1,0001193125-22-138788,reported_quarterly_frame,real_public_sec_edgar,20211
USB,US BANCORP DE,0000036104,2021Q1,2021-03-31,noninterest_income,Noninterest income,2381000000.0,USD,us-gaap,NoninterestIncome,10-Q,2022-05-03,CY2021Q1,0001193125-22-138788,reported_quarterly_frame,real_public_sec_edgar,20211
USB,US BANCORP DE,0000036104,2021Q1,2021-03-31,total_assets,Total assets,553375000000.0,USD,us-gaap,Assets,10-Q,2021-05-04,CY2021Q1I,0001193125-21-150169,reported_instant_frame,real_public_sec_edgar,20211
USB,US BANCORP DE,0000036104,2021Q1,2021-03-31,total_deposits,Total deposits,433761000000.0,USD,us-gaap,Deposits,10-Q,2021-05-04,CY2021Q1I,0001193125-21-150169,reported_instant_frame,real_public_sec_edgar,20211
USB,US BANCORP DE,0000036104,2021Q1,2021-03-31,total_equity,Total equity,52308000000.0,USD,us-gaap,StockholdersEquityIncludingPortionAttributableToNoncontrollingInterest,10-Q,2022-08-04,CY2021Q1I,0001193125-22-212040,reported_instant_frame,real_public_sec_edgar,20211
USB,US BANCORP DE,0000036104,2021Q1,2021-03-31,total_loans,Total loans,288084000000.0,USD,us-gaap,LoansAndLeasesReceivableNetReportedAmount,10-Q,2021-05-04,CY2021Q1I,0001193125-21-150169,reported_instant_frame,real_public_sec_edgar,20211
USB,US BANCORP DE,0000036104,2021Q2,2021-06-30,interest_expense,Interest expense,245000000.0,USD,us-gaap,InterestExpense,10-Q,2022-08-04,CY2021Q2,0001193125-22-212040,reported_quarterly_frame,real_public_sec_edgar,20212
USB,US BANCORP DE,0000036104,2021Q2,2021-06-30,interest_expense_deposits,Interest expense on deposits,82000000.0,USD,us-gaap,InterestExpenseDeposits,10-Q,2022-08-04,CY2021Q2,0001193125-22-212040,reported_quarterly_frame,real_public_sec_edgar,20212
USB,US BANCORP DE,0000036104,2021Q2,2021-06-30,interest_income,Interest income,3382000000.0,USD,us-gaap,InterestAndDividendIncomeOperating,10-Q,2022-08-04,CY2021Q2,0001193125-22-212040,reported_quarterly_frame,real_public_sec_edgar,20212
USB,US BANCORP DE,0000036104,2021Q2,2021-06-30,net_income,Net income,1982000000.0,USD,us-gaap,NetIncomeLoss,10-Q,2022-08-04,CY2021Q2,0001193125-22-212040,reported_quarterly_frame,real_public_sec_edgar,20212
USB,US BANCORP DE,0000036104,2021Q2,2021-06-30,noninterest_expense,Noninterest expense,3387000000.0,USD,us-gaap,NoninterestExpense,10-Q,2022-08-04,CY2021Q2,0001193125-22-212040,reported_quarterly_frame,real_public_sec_edgar,20212
USB,US BANCORP DE,0000036104,2021Q2,2021-06-30,noninterest_income,Noninterest income,2619000000.0,USD,us-gaap,NoninterestIncome,10-Q,2022-08-04,CY2021Q2,0001193125-22-212040,reported_quarterly_frame,real_public_sec_edgar,20212
USB,US BANCORP DE,0000036104,2021Q2,2021-06-30,total_assets,Total assets,558886000000.0,USD,us-gaap,Assets,10-Q,2021-08-03,CY2021Q2I,0001193125-21-234982,reported_instant_frame,real_public_sec_edgar,20212
USB,US BANCORP DE,0000036104,2021Q2,2021-06-30,total_deposits,Total deposits,437182000000.0,USD,us-gaap,Deposits,10-Q,2021-08-03,CY2021Q2I,0001193125-21-234982,reported_instant_frame,real_public_sec_edgar,20212
USB,US BANCORP DE,0000036104,2021Q2,2021-06-30,total_equity,Total equity,53674000000.0,USD,us-gaap,StockholdersEquityIncludingPortionAttributableToNoncontrollingInterest,10-Q,2022-11-01,CY2021Q2I,0001193125-22-275036,reported_instant_frame,real_public_sec_edgar,20212
USB,US BANCORP DE,0000036104,2021Q2,2021-06-30,total_loans,Total loans,290886000000.0,USD,us-gaap,LoansAndLeasesReceivableNetReportedAmount,10-Q,2021-08-03,CY2021Q2I,0001193125-21-234982,reported_instant_frame,real_public_sec_edgar,20212
USB,US BANCORP DE,0000036104,2021Q3,2021-09-30,interest_expense,Interest expense,238000000.0,USD,us-gaap,InterestExpense,10-Q,2022-11-01,CY2021Q3,0001193125-22-275036,reported_quarterly_frame,real_public_sec_edgar,20213
USB,US BANCORP DE,0000036104,2021Q3,2021-09-30,interest_expense_deposits,Interest expense on deposits,78000000.0,USD,us-gaap,InterestExpenseDeposits,10-Q,2022-11-01,CY2021Q3,0001193125-22-275036,reported_quarterly_frame,real_public_sec_edgar,20213
USB,US BANCORP DE,0000036104,2021Q3,2021-09-30,interest_income,Interest income,3409000000.0,USD,us-gaap,InterestAndDividendIncomeOperating,10-Q,2022-11-01,CY2021Q3,0001193125-22-275036,reported_quarterly_frame,real_public_sec_edgar,20213
USB,US BANCORP DE,0000036104,2021Q3,2021-09-30,net_income,Net income,2028000000.0,USD,us-gaap,NetIncomeLoss,10-Q,2022-11-01,CY2021Q3,0001193125-22-275036,reported_quarterly_frame,real_public_sec_edgar,20213
USB,US BANCORP DE,0000036104,2021Q3,2021-09-30,noninterest_expense,Noninterest expense,3429000000.0,USD,us-gaap,NoninterestExpense,10-Q,2022-11-01,CY2021Q3,0001193125-22-275036,reported_quarterly_frame,real_public_sec_edgar,20213
USB,US BANCORP DE,0000036104,2021Q3,2021-09-30,noninterest_income,Noninterest income,2693000000.0,USD,us-gaap,NoninterestIncome,10-Q,2022-11-01,CY2021Q3,0001193125-22-275036,reported_quarterly_frame,real_public_sec_edgar,20213
USB,US BANCORP DE,0000036104,2021Q3,2021-09-30,total_assets,Total assets,567495000000.0,USD,us-gaap,Assets,10-Q,2021-11-02,CY2021Q3I,0001193125-21-317037,reported_instant_frame,real_public_sec_edgar,20213
USB,US BANCORP DE,0000036104,2021Q3,2021-09-30,total_deposits,Total deposits,442902000000.0,USD,us-gaap,Deposits,10-Q,2021-11-02,CY2021Q3I,0001193125-21-317037,reported_instant_frame,real_public_sec_edgar,20213
USB,US BANCORP DE,0000036104,2021Q3,2021-09-30,total_equity,Total equity,54378000000.0,USD,us-gaap,StockholdersEquityIncludingPortionAttributableToNoncontrollingInterest,10-Q,2022-11-01,CY2021Q3I,0001193125-22-275036,reported_instant_frame,real_public_sec_edgar,20213
USB,US BANCORP DE,0000036104,2021Q3,2021-09-30,total_loans,Total loans,291816000000.0,USD,us-gaap,LoansAndLeasesReceivableNetReportedAmount,10-Q,2021-11-02,CY2021Q3I,0001193125-21-317037,reported_instant_frame,real_public_sec_edgar,20213
USB,US BANCORP DE,0000036104,2021Q4,2021-12-31,interest_expense,Interest expense,232000000.0,USD,us-gaap,InterestExpense,10-K-derived,2024-02-20,CY2021Q4_DERIVED,0000036104-24-000018,derived_q4_from_reported_fy_less_q1_q3,real_public_sec_edgar,20214
USB,US BANCORP DE,0000036104,2021Q4,2021-12-31,interest_expense_deposits,Interest expense on deposits,75000000.0,USD,us-gaap,InterestExpenseDeposits,10-K-derived,2024-02-20,CY2021Q4_DERIVED,0000036104-24-000018,derived_q4_from_reported_fy_less_q1_q3,real_public_sec_edgar,20214
USB,US BANCORP DE,0000036104,2021Q4,2021-12-31,interest_income,Interest income,3355000000.0,USD,us-gaap,InterestAndDividendIncomeOperating,10-K-derived,2024-02-20,CY2021Q4_DERIVED,0000036104-24-000018,derived_q4_from_reported_fy_less_q1_q3,real_public_sec_edgar,20214
USB,US BANCORP DE,0000036104,2021Q4,2021-12-31,net_income,Net income,1673000000.0,USD,us-gaap,NetIncomeLoss,10-K-derived,2024-02-20,CY2021Q4_DERIVED,0000036104-24-000018,derived_q4_from_reported_fy_less_q1_q3,real_public_sec_edgar,20214
USB,US BANCORP DE,0000036104,2021Q4,2021-12-31,noninterest_expense,Noninterest expense,3533000000.0,USD,us-gaap,NoninterestExpense,10-K-derived,2024-02-20,CY2021Q4_DERIVED,0000036104-24-000018,derived_q4_from_reported_fy_less_q1_q3,real_public_sec_edgar,20214
USB,US BANCORP DE,0000036104,2021Q4,2021-12-31,noninterest_income,Noninterest income,2534000000.0,USD,us-gaap,NoninterestIncome,10-K-derived,2024-02-20,CY2021Q4_DERIVED,0000036104-24-000018,derived_q4_from_reported_fy_less_q1_q3,real_public_sec_edgar,20214
USB,US BANCORP DE,0000036104,2021Q4,2021-12-31,total_assets,Total assets,573284000000.0,USD,us-gaap,Assets,10-K,2023-02-27,CY2021Q4I,0001193125-23-050691,reported_instant_frame,real_public_sec_edgar,20214
USB,US BANCORP DE,0000036104,2021Q4,2021-12-31,total_deposits,Total deposits,456083000000.0,USD,us-gaap,Deposits,10-K,2023-02-27,CY2021Q4I,0001193125-23-050691,reported_instant_frame,real_public_sec_edgar,20214
USB,US BANCORP DE,0000036104,2021Q4,2021-12-31,total_equity,Total equity,55387000000.0,USD,us-gaap,StockholdersEquityIncludingPortionAttributableToNoncontrollingInterest,10-K,2025-02-21,CY2021Q4I,0000036104-25-000016,reported_instant_frame,real_public_sec_edgar,20214
USB,US BANCORP DE,0000036104,2021Q4,2021-12-31,total_loans,Total loans,306304000000.0,USD,us-gaap,LoansAndLeasesReceivableNetReportedAmount,10-K,2023-02-27,CY2021Q4I,0001193125-23-050691,reported_instant_frame,real_public_sec_edgar,20214
USB,US BANCORP DE,0000036104,2022Q1,2022-03-31,interest_expense,Interest expense,245000000.0,USD,us-gaap,InterestExpense,10-Q,2023-05-08,CY2022Q1,0001193125-23-137980,reported_quarterly_frame,real_public_sec_edgar,20221
USB,US BANCORP DE,0000036104,2022Q1,2022-03-31,interest_expense_deposits,Interest expense on deposits,80000000.0,USD,us-gaap,InterestExpenseDeposits,10-Q,2023-05-08,CY2022Q1,0001193125-23-137980,reported_quarterly_frame,real_public_sec_edgar,20221
USB,US BANCORP DE,0000036104,2022Q1,2022-03-31,interest_income,Interest income,3418000000.0,USD,us-gaap,InterestAndDividendIncomeOperating,10-Q,2023-05-08,CY2022Q1,0001193125-23-137980,reported_quarterly_frame,real_public_sec_edgar,20221
USB,US BANCORP DE,0000036104,2022Q1,2022-03-31,net_income,Net income,1557000000.0,USD,us-gaap,NetIncomeLoss,10-Q,2023-05-08,CY2022Q1,0001193125-23-137980,reported_quarterly_frame,real_public_sec_edgar,20221
USB,US BANCORP DE,0000036104,2022Q1,2022-03-31,noninterest_expense,Noninterest expense,3502000000.0,USD,us-gaap,NoninterestExpense,10-Q,2023-05-08,CY2022Q1,0001193125-23-137980,reported_quarterly_frame,real_public_sec_edgar,20221
USB,US BANCORP DE,0000036104,2022Q1,2022-03-31,noninterest_income,Noninterest income,2396000000.0,USD,us-gaap,NoninterestIncome,10-Q,2023-05-08,CY2022Q1,0001193125-23-137980,reported_quarterly_frame,real_public_sec_edgar,20221
USB,US BANCORP DE,0000036104,2022Q1,2022-03-31,total_assets,Total assets,586517000000.0,USD,us-gaap,Assets,10-Q,2022-05-03,CY2022Q1I,0001193125-22-138788,reported_instant_frame,real_public_sec_edgar,20221
USB,US BANCORP DE,0000036104,2022Q1,2022-03-31,total_deposits,Total deposits,461546000000.0,USD,us-gaap,Deposits,10-Q,2022-05-03,CY2022Q1I,0001193125-22-138788,reported_instant_frame,real_public_sec_edgar,20221
USB,US BANCORP DE,0000036104,2022Q1,2022-03-31,total_equity,Total equity,51668000000.0,USD,us-gaap,StockholdersEquityIncludingPortionAttributableToNoncontrollingInterest,10-Q,2023-08-07,CY2022Q1I,0001193125-23-204050,reported_instant_frame,real_public_sec_edgar,20221
USB,US BANCORP DE,0000036104,2022Q1,2022-03-31,total_loans,Total loans,313270000000.0,USD,us-gaap,LoansAndLeasesReceivableNetReportedAmount,10-Q,2022-05-03,CY2022Q1I,0001193125-22-138788,reported_instant_frame,real_public_sec_edgar,20221
USB,US BANCORP DE,0000036104,2022Q2,2022-06-30,interest_expense,Interest expense,390000000.0,USD,us-gaap,InterestExpense,10-Q,2023-08-07,CY2022Q2,0001193125-23-204050,reported_quarterly_frame,real_public_sec_edgar,20222
USB,US BANCORP DE,0000036104,2022Q2,2022-06-30,interest_expense_deposits,Interest expense on deposits,177000000.0,USD,us-gaap,InterestExpenseDeposits,10-Q,2023-08-07,CY2022Q2,0001193125-23-204050,reported_quarterly_frame,real_public_sec_edgar,20222
USB,US BANCORP DE,0000036104,2022Q2,2022-06-30,interest_income,Interest income,3825000000.0,USD,us-gaap,InterestAndDividendIncomeOperating,10-Q,2023-08-07,CY2022Q2,0001193125-23-204050,reported_quarterly_frame,real_public_sec_edgar,20222
USB,US BANCORP DE,0000036104,2022Q2,2022-06-30,net_income,Net income,1531000000.0,USD,us-gaap,NetIncomeLoss,10-Q,2023-08-07,CY2022Q2,0001193125-23-204050,reported_quarterly_frame,real_public_sec_edgar,20222
USB,US BANCORP DE,0000036104,2022Q2,2022-06-30,noninterest_expense,Noninterest expense,3724000000.0,USD,us-gaap,NoninterestExpense,10-Q,2023-08-07,CY2022Q2,0001193125-23-204050,reported_quarterly_frame,real_public_sec_edgar,20222
USB,US BANCORP DE,0000036104,2022Q2,2022-06-30,noninterest_income,Noninterest income,2548000000.0,USD,us-gaap,NoninterestIncome,10-Q,2023-08-07,CY2022Q2,0001193125-23-204050,reported_quarterly_frame,real_public_sec_edgar,20222
USB,US BANCORP DE,0000036104,2022Q2,2022-06-30,total_assets,Total assets,591381000000.0,USD,us-gaap,Assets,10-Q,2022-08-04,CY2022Q2I,0001193125-22-212040,reported_instant_frame,real_public_sec_edgar,20222
USB,US BANCORP DE,0000036104,2022Q2,2022-06-30,total_deposits,Total deposits,467102000000.0,USD,us-gaap,Deposits,10-Q,2022-08-04,CY2022Q2I,0001193125-22-212040,reported_instant_frame,real_public_sec_edgar,20222
USB,US BANCORP DE,0000036104,2022Q2,2022-06-30,total_equity,Total equity,49069000000.0,USD,us-gaap,StockholdersEquityIncludingPortionAttributableToNoncontrollingInterest,10-Q,2023-11-01,CY2022Q2I,0001193125-23-268341,reported_instant_frame,real_public_sec_edgar,20222
USB,US BANCORP DE,0000036104,2022Q2,2022-06-30,total_loans,Total loans,326537000000.0,USD,us-gaap,LoansAndLeasesReceivableNetReportedAmount,10-Q,2022-08-04,CY2022Q2I,0001193125-22-212040,reported_instant_frame,real_public_sec_edgar,20222
USB,US BANCORP DE,0000036104,2022Q3,2022-09-30,interest_expense,Interest expense,901000000.0,USD,us-gaap,InterestExpense,10-Q,2023-11-01,CY2022Q3,0001193125-23-268341,reported_quarterly_frame,real_public_sec_edgar,20223
USB,US BANCORP DE,0000036104,2022Q3,2022-09-30,interest_expense_deposits,Interest expense on deposits,534000000.0,USD,us-gaap,InterestExpenseDeposits,10-Q,2023-11-01,CY2022Q3,0001193125-23-268341,reported_quarterly_frame,real_public_sec_edgar,20223
USB,US BANCORP DE,0000036104,2022Q3,2022-09-30,interest_income,Interest income,4728000000.0,USD,us-gaap,InterestAndDividendIncomeOperating,10-Q,2023-11-01,CY2022Q3,0001193125-23-268341,reported_quarterly_frame,real_public_sec_edgar,20223
USB,US BANCORP DE,0000036104,2022Q3,2022-09-30,net_income,Net income,1812000000.0,USD,us-gaap,NetIncomeLoss,10-Q,2023-11-01,CY2022Q3,0001193125-23-268341,reported_quarterly_frame,real_public_sec_edgar,20223
USB,US BANCORP DE,0000036104,2022Q3,2022-09-30,noninterest_expense,Noninterest expense,3637000000.0,USD,us-gaap,NoninterestExpense,10-Q,2023-11-01,CY2022Q3,0001193125-23-268341,reported_quarterly_frame,real_public_sec_edgar,20223
USB,US BANCORP DE,0000036104,2022Q3,2022-09-30,noninterest_income,Noninterest income,2469000000.0,USD,us-gaap,NoninterestIncome,10-Q,2023-11-01,CY2022Q3,0001193125-23-268341,reported_quarterly_frame,real_public_sec_edgar,20223
USB,US BANCORP DE,0000036104,2022Q3,2022-09-30,total_assets,Total assets,600973000000.0,USD,us-gaap,Assets,10-Q,2022-11-01,CY2022Q3I,0001193125-22-275036,reported_instant_frame,real_public_sec_edgar,20223
USB,US BANCORP DE,0000036104,2022Q3,2022-09-30,total_deposits,Total deposits,471148000000.0,USD,us-gaap,Deposits,10-Q,2022-11-01,CY2022Q3I,0001193125-22-275036,reported_instant_frame,real_public_sec_edgar,20223
USB,US BANCORP DE,0000036104,2022Q3,2022-09-30,total_equity,Total equity,47978000000.0,USD,us-gaap,StockholdersEquityIncludingPortionAttributableToNoncontrollingInterest,10-Q,2023-11-01,CY2022Q3I,0001193125-23-268341,reported_instant_frame,real_public_sec_edgar,20223
USB,US BANCORP DE,0000036104,2022Q3,2022-09-30,total_loans,Total loans,336691000000.0,USD,us-gaap,LoansAndLeasesReceivableNetReportedAmount,10-Q,2022-11-01,CY2022Q3I,0001193125-22-275036,reported_instant_frame,real_public_sec_edgar,20223
USB,US BANCORP DE,0000036104,2022Q4,2022-12-31,interest_expense,Interest expense,1681000000.0,USD,us-gaap,InterestExpense,10-K-derived,2024-02-20,CY2022Q4_DERIVED,0000036104-24-000018,derived_q4_from_reported_fy_less_q1_q3,real_public_sec_edgar,20224
USB,US BANCORP DE,0000036104,2022Q4,2022-12-31,interest_expense_deposits,Interest expense on deposits,1081000000.0,USD,us-gaap,InterestExpenseDeposits,10-K-derived,2025-02-21,CY2022Q4_DERIVED,0000036104-25-000016,derived_q4_from_reported_fy_less_q1_q3,real_public_sec_edgar,20224
USB,US BANCORP DE,0000036104,2022Q4,2022-12-31,interest_income,Interest income,5974000000.0,USD,us-gaap,InterestAndDividendIncomeOperating,10-K-derived,2025-02-21,CY2022Q4_DERIVED,0000036104-25-000016,derived_q4_from_reported_fy_less_q1_q3,real_public_sec_edgar,20224
USB,US BANCORP DE,0000036104,2022Q4,2022-12-31,net_income,Net income,925000000.0,USD,us-gaap,NetIncomeLoss,10-K-derived,2025-02-21,CY2022Q4_DERIVED,0000036104-25-000016,derived_q4_from_reported_fy_less_q1_q3,real_public_sec_edgar,20224
USB,US BANCORP DE,0000036104,2022Q4,2022-12-31,noninterest_expense,Noninterest expense,4043000000.0,USD,us-gaap,NoninterestExpense,10-K-derived,2025-02-21,CY2022Q4_DERIVED,0000036104-25-000016,derived_q4_from_reported_fy_less_q1_q3,real_public_sec_edgar,20224
USB,US BANCORP DE,0000036104,2022Q4,2022-12-31,noninterest_income,Noninterest income,2043000000.0,USD,us-gaap,NoninterestIncome,10-K-derived,2025-02-21,CY2022Q4_DERIVED,0000036104-25-000016,derived_q4_from_reported_fy_less_q1_q3,real_public_sec_edgar,20224
USB,US BANCORP DE,0000036104,2022Q4,2022-12-31,total_assets,Total assets,674805000000.0,USD,us-gaap,Assets,10-K,2024-02-20,CY2022Q4I,0000036104-24-000018,reported_instant_frame,real_public_sec_edgar,20224
USB,US BANCORP DE,0000036104,2022Q4,2022-12-31,total_deposits,Total deposits,524976000000.0,USD,us-gaap,Deposits,10-K,2024-02-20,CY2022Q4I,0000036104-24-000018,reported_instant_frame,real_public_sec_edgar,20224
USB,US BANCORP DE,0000036104,2022Q4,2022-12-31,total_equity,Total equity,51232000000.0,USD,us-gaap,StockholdersEquityIncludingPortionAttributableToNoncontrollingInterest,10-K,2026-02-23,CY2022Q4I,0000036104-26-000011,reported_instant_frame,real_public_sec_edgar,20224
USB,US BANCORP DE,0000036104,2022Q4,2022-12-31,total_loans,Total loans,381277000000.0,USD,us-gaap,FinancingReceivableExcludingAccruedInterestAfterAllowanceForCreditLoss,10-K,2024-02-20,CY2022Q4I,0000036104-24-000018,reported_instant_frame,real_public_sec_edgar,20224
USB,US BANCORP DE,0000036104,2023Q1,2023-03-31,interest_expense,Interest expense,2330000000.0,USD,us-gaap,InterestExpense,10-Q,2024-05-01,CY2023Q1,0000036104-24-000037,reported_quarterly_frame,real_public_sec_edgar,20231
USB,US BANCORP DE,0000036104,2023Q1,2023-03-31,interest_expense_deposits,Interest expense on deposits,1505000000.0,USD,us-gaap,InterestExpenseDeposits,10-Q,2024-05-01,CY2023Q1,0000036104-24-000037,reported_quarterly_frame,real_public_sec_edgar,20231
USB,US BANCORP DE,0000036104,2023Q1,2023-03-31,interest_income,Interest income,6964000000.0,USD,us-gaap,InterestAndDividendIncomeOperating,10-Q,2024-05-01,CY2023Q1,0000036104-24-000037,reported_quarterly_frame,real_public_sec_edgar,20231
USB,US BANCORP DE,0000036104,2023Q1,2023-03-31,net_income,Net income,1698000000.0,USD,us-gaap,NetIncomeLoss,10-Q,2024-05-01,CY2023Q1,0000036104-24-000037,reported_quarterly_frame,real_public_sec_edgar,20231
USB,US BANCORP DE,0000036104,2023Q1,2023-03-31,noninterest_expense,Noninterest expense,4555000000.0,USD,us-gaap,NoninterestExpense,10-Q,2024-05-01,CY2023Q1,0000036104-24-000037,reported_quarterly_frame,real_public_sec_edgar,20231
USB,US BANCORP DE,0000036104,2023Q1,2023-03-31,noninterest_income,Noninterest income,2507000000.0,USD,us-gaap,NoninterestIncome,10-Q,2024-05-01,CY2023Q1,0000036104-24-000037,reported_quarterly_frame,real_public_sec_edgar,20231
USB,US BANCORP DE,0000036104,2023Q1,2023-03-31,total_assets,Total assets,682377000000.0,USD,us-gaap,Assets,10-Q,2023-05-08,CY2023Q1I,0001193125-23-137980,reported_instant_frame,real_public_sec_edgar,20231
USB,US BANCORP DE,0000036104,2023Q1,2023-03-31,total_deposits,Total deposits,505339000000.0,USD,us-gaap,Deposits,10-Q,2023-05-08,CY2023Q1I,0001193125-23-137980,reported_instant_frame,real_public_sec_edgar,20231
USB,US BANCORP DE,0000036104,2023Q1,2023-03-31,total_equity,Total equity,53454000000.0,USD,us-gaap,StockholdersEquityIncludingPortionAttributableToNoncontrollingInterest,10-Q,2024-08-06,CY2023Q1I,0000036104-24-000052,reported_instant_frame,real_public_sec_edgar,20231
USB,US BANCORP DE,0000036104,2023Q1,2023-03-31,total_loans,Total loans,380846000000.0,USD,us-gaap,LoansAndLeasesReceivableNetReportedAmount,10-Q,2023-05-08,CY2023Q1I,0001193125-23-137980,reported_instant_frame,real_public_sec_edgar,20231
USB,US BANCORP DE,0000036104,2023Q2,2023-06-30,interest_expense,Interest expense,3111000000.0,USD,us-gaap,InterestExpenseOperating,10-Q,2024-08-06,CY2023Q2,0000036104-24-000052,reported_quarterly_frame,real_public_sec_edgar,20232
USB,US BANCORP DE,0000036104,2023Q2,2023-06-30,interest_expense_deposits,Interest expense on deposits,1939000000.0,USD,us-gaap,InterestExpenseDeposits,10-Q,2024-08-06,CY2023Q2,0000036104-24-000052,reported_quarterly_frame,real_public_sec_edgar,20232
USB,US BANCORP DE,0000036104,2023Q2,2023-06-30,interest_income,Interest income,7526000000.0,USD,us-gaap,InterestAndDividendIncomeOperating,10-Q,2024-08-06,CY2023Q2,0000036104-24-000052,reported_quarterly_frame,real_public_sec_edgar,20232
USB,US BANCORP DE,0000036104,2023Q2,2023-06-30,net_income,Net income,1361000000.0,USD,us-gaap,NetIncomeLoss,10-Q,2024-08-06,CY2023Q2,0000036104-24-000052,reported_quarterly_frame,real_public_sec_edgar,20232
USB,US BANCORP DE,0000036104,2023Q2,2023-06-30,noninterest_expense,Noninterest expense,4569000000.0,USD,us-gaap,NoninterestExpense,10-Q,2024-08-06,CY2023Q2,0000036104-24-000052,reported_quarterly_frame,real_public_sec_edgar,20232
USB,US BANCORP DE,0000036104,2023Q2,2023-06-30,noninterest_income,Noninterest income,2726000000.0,USD,us-gaap,NoninterestIncome,10-Q,2024-08-06,CY2023Q2,0000036104-24-000052,reported_quarterly_frame,real_public_sec_edgar,20232
USB,US BANCORP DE,0000036104,2023Q2,2023-06-30,total_assets,Total assets,680825000000.0,USD,us-gaap,Assets,10-Q,2023-08-07,CY2023Q2I,0001193125-23-204050,reported_instant_frame,real_public_sec_edgar,20232
USB,US BANCORP DE,0000036104,2023Q2,2023-06-30,total_deposits,Total deposits,521600000000.0,USD,us-gaap,Deposits,10-Q,2023-08-07,CY2023Q2I,0001193125-23-204050,reported_instant_frame,real_public_sec_edgar,20232
USB,US BANCORP DE,0000036104,2023Q2,2023-06-30,total_equity,Total equity,53484000000.0,USD,us-gaap,StockholdersEquityIncludingPortionAttributableToNoncontrollingInterest,10-Q,2024-11-05,CY2023Q2I,0000036104-24-000072,reported_instant_frame,real_public_sec_edgar,20232
USB,US BANCORP DE,0000036104,2023Q2,2023-06-30,total_loans,Total loans,372264000000.0,USD,us-gaap,LoansAndLeasesReceivableNetReportedAmount,10-Q,2023-08-07,CY2023Q2I,0001193125-23-204050,reported_instant_frame,real_public_sec_edgar,20232
USB,US BANCORP DE,0000036104,2023Q3,2023-09-30,interest_expense,Interest expense,3518000000.0,USD,us-gaap,InterestExpenseOperating,10-Q,2024-11-05,CY2023Q3,0000036104-24-000072,reported_quarterly_frame,real_public_sec_edgar,20233
USB,US BANCORP DE,0000036104,2023Q3,2023-09-30,interest_expense_deposits,Interest expense on deposits,2580000000.0,USD,us-gaap,InterestExpenseDeposits,10-Q,2024-11-05,CY2023Q3,0000036104-24-000072,reported_quarterly_frame,real_public_sec_edgar,20233
USB,US BANCORP DE,0000036104,2023Q3,2023-09-30,interest_income,Interest income,7754000000.0,USD,us-gaap,InterestAndDividendIncomeOperating,10-Q,2024-11-05,CY2023Q3,0000036104-24-000072,reported_quarterly_frame,real_public_sec_edgar,20233
USB,US BANCORP DE,0000036104,2023Q3,2023-09-30,net_income,Net income,1523000000.0,USD,us-gaap,NetIncomeLoss,10-Q,2024-11-05,CY2023Q3,0000036104-24-000072,reported_quarterly_frame,real_public_sec_edgar,20233
USB,US BANCORP DE,0000036104,2023Q3,2023-09-30,noninterest_expense,Noninterest expense,4530000000.0,USD,us-gaap,NoninterestExpense,10-Q,2024-11-05,CY2023Q3,0000036104-24-000072,reported_quarterly_frame,real_public_sec_edgar,20233
USB,US BANCORP DE,0000036104,2023Q3,2023-09-30,noninterest_income,Noninterest income,2764000000.0,USD,us-gaap,NoninterestIncome,10-Q,2024-11-05,CY2023Q3,0000036104-24-000072,reported_quarterly_frame,real_public_sec_edgar,20233
USB,US BANCORP DE,0000036104,2023Q3,2023-09-30,total_assets,Total assets,668039000000.0,USD,us-gaap,Assets,10-Q,2023-11-01,CY2023Q3I,0001193125-23-268341,reported_instant_frame,real_public_sec_edgar,20233
USB,US BANCORP DE,0000036104,2023Q3,2023-09-30,total_deposits,Total deposits,518358000000.0,USD,us-gaap,Deposits,10-Q,2023-11-01,CY2023Q3I,0001193125-23-268341,reported_instant_frame,real_public_sec_edgar,20233
USB,US BANCORP DE,0000036104,2023Q3,2023-09-30,total_equity,Total equity,53578000000.0,USD,us-gaap,StockholdersEquityIncludingPortionAttributableToNoncontrollingInterest,10-Q,2024-11-05,CY2023Q3I,0000036104-24-000072,reported_instant_frame,real_public_sec_edgar,20233
USB,US BANCORP DE,0000036104,2023Q3,2023-09-30,total_loans,Total loans,368016000000.0,USD,us-gaap,LoansAndLeasesReceivableNetReportedAmount,10-Q,2023-11-01,CY2023Q3I,0001193125-23-268341,reported_instant_frame,real_public_sec_edgar,20233
USB,US BANCORP DE,0000036104,2023Q4,2023-12-31,interest_expense,Interest expense,3652000000.0,USD,us-gaap,InterestExpense,10-K-derived,2024-02-20,CY2023Q4_DERIVED,0000036104-24-000018,derived_q4_from_reported_fy_less_q1_q3,real_public_sec_edgar,20234
USB,US BANCORP DE,0000036104,2023Q4,2023-12-31,interest_expense_deposits,Interest expense on deposits,2751000000.0,USD,us-gaap,InterestExpenseDeposits,10-K-derived,2026-02-23,CY2023Q4_DERIVED,0000036104-26-000011,derived_q4_from_reported_fy_less_q1_q3,real_public_sec_edgar,20234
USB,US BANCORP DE,0000036104,2023Q4,2023-12-31,interest_income,Interest income,7763000000.0,USD,us-gaap,InterestAndDividendIncomeOperating,10-K-derived,2026-02-23,CY2023Q4_DERIVED,0000036104-26-000011,derived_q4_from_reported_fy_less_q1_q3,real_public_sec_edgar,20234
USB,US BANCORP DE,0000036104,2023Q4,2023-12-31,net_income,Net income,847000000.0,USD,us-gaap,NetIncomeLoss,10-K-derived,2026-02-23,CY2023Q4_DERIVED,0000036104-26-000011,derived_q4_from_reported_fy_less_q1_q3,real_public_sec_edgar,20234
USB,US BANCORP DE,0000036104,2023Q4,2023-12-31,noninterest_expense,Noninterest expense,5219000000.0,USD,us-gaap,NoninterestExpense,10-K-derived,2026-02-23,CY2023Q4_DERIVED,0000036104-26-000011,derived_q4_from_reported_fy_less_q1_q3,real_public_sec_edgar,20234
USB,US BANCORP DE,0000036104,2023Q4,2023-12-31,noninterest_income,Noninterest income,2620000000.0,USD,us-gaap,NoninterestIncome,10-K-derived,2026-02-23,CY2023Q4_DERIVED,0000036104-26-000011,derived_q4_from_reported_fy_less_q1_q3,real_public_sec_edgar,20234
USB,US BANCORP DE,0000036104,2023Q4,2023-12-31,total_assets,Total assets,663491000000.0,USD,us-gaap,Assets,10-K,2025-02-21,CY2023Q4I,0000036104-25-000016,reported_instant_frame,real_public_sec_edgar,20234
USB,US BANCORP DE,0000036104,2023Q4,2023-12-31,total_deposits,Total deposits,512312000000.0,USD,us-gaap,Deposits,10-K,2025-02-21,CY2023Q4I,0000036104-25-000016,reported_instant_frame,real_public_sec_edgar,20234
USB,US BANCORP DE,0000036104,2023Q4,2023-12-31,total_equity,Total equity,55771000000.0,USD,us-gaap,StockholdersEquityIncludingPortionAttributableToNoncontrollingInterest,10-K,2026-02-23,CY2023Q4I,0000036104-26-000011,reported_instant_frame,real_public_sec_edgar,20234
USB,US BANCORP DE,0000036104,2023Q4,2023-12-31,total_loans,Total loans,366456000000.0,USD,us-gaap,FinancingReceivableExcludingAccruedInterestAfterAllowanceForCreditLoss,10-K,2025-02-21,CY2023Q4I,0000036104-25-000016,reported_instant_frame,real_public_sec_edgar,20234
USB,US BANCORP DE,0000036104,2024Q1,2024-03-31,interest_expense,Interest expense,3779000000.0,USD,us-gaap,InterestExpenseOperating,10-Q,2025-05-06,CY2024Q1,0000036104-25-000028,reported_quarterly_frame,real_public_sec_edgar,20241
USB,US BANCORP DE,0000036104,2024Q1,2024-03-31,interest_expense_deposits,Interest expense on deposits,2884000000.0,USD,us-gaap,InterestExpenseDeposits,10-Q,2025-05-06,CY2024Q1,0000036104-25-000028,reported_quarterly_frame,real_public_sec_edgar,20241
USB,US BANCORP DE,0000036104,2024Q1,2024-03-31,interest_income,Interest income,7764000000.0,USD,us-gaap,InterestAndDividendIncomeOperating,10-Q,2025-05-06,CY2024Q1,0000036104-25-000028,reported_quarterly_frame,real_public_sec_edgar,20241
USB,US BANCORP DE,0000036104,2024Q1,2024-03-31,net_income,Net income,1319000000.0,USD,us-gaap,NetIncomeLoss,10-Q,2025-05-06,CY2024Q1,0000036104-25-000028,reported_quarterly_frame,real_public_sec_edgar,20241
USB,US BANCORP DE,0000036104,2024Q1,2024-03-31,noninterest_expense,Noninterest expense,4459000000.0,USD,us-gaap,NoninterestExpense,10-Q,2025-05-06,CY2024Q1,0000036104-25-000028,reported_quarterly_frame,real_public_sec_edgar,20241
USB,US BANCORP DE,0000036104,2024Q1,2024-03-31,noninterest_income,Noninterest income,2700000000.0,USD,us-gaap,NoninterestIncome,10-Q,2025-05-06,CY2024Q1,0000036104-25-000028,reported_quarterly_frame,real_public_sec_edgar,20241
USB,US BANCORP DE,0000036104,2024Q1,2024-03-31,total_assets,Total assets,683606000000.0,USD,us-gaap,Assets,10-Q,2024-05-01,CY2024Q1I,0000036104-24-000037,reported_instant_frame,real_public_sec_edgar,20241
USB,US BANCORP DE,0000036104,2024Q1,2024-03-31,total_deposits,Total deposits,528063000000.0,USD,us-gaap,Deposits,10-Q,2024-05-01,CY2024Q1I,0000036104-24-000037,reported_instant_frame,real_public_sec_edgar,20241
USB,US BANCORP DE,0000036104,2024Q1,2024-03-31,total_equity,Total equity,56033000000.0,USD,us-gaap,StockholdersEquityIncludingPortionAttributableToNoncontrollingInterest,10-Q,2025-08-07,CY2024Q1I,0000036104-25-000055,reported_instant_frame,real_public_sec_edgar,20241
USB,US BANCORP DE,0000036104,2024Q1,2024-03-31,total_loans,Total loans,367074000000.0,USD,us-gaap,FinancingReceivableExcludingAccruedInterestAfterAllowanceForCreditLoss,10-Q,2024-05-01,CY2024Q1I,0000036104-24-000037,reported_instant_frame,real_public_sec_edgar,20241
USB,US BANCORP DE,0000036104,2024Q2,2024-06-30,interest_expense,Interest expense,3962000000.0,USD,us-gaap,InterestExpenseOperating,10-Q,2025-08-07,CY2024Q2,0000036104-25-000055,reported_quarterly_frame,real_public_sec_edgar,20242
USB,US BANCORP DE,0000036104,2024Q2,2024-06-30,interest_expense_deposits,Interest expense on deposits,3028000000.0,USD,us-gaap,InterestExpenseDeposits,10-Q,2025-08-07,CY2024Q2,0000036104-25-000055,reported_quarterly_frame,real_public_sec_edgar,20242
USB,US BANCORP DE,0000036104,2024Q2,2024-06-30,interest_income,Interest income,7985000000.0,USD,us-gaap,InterestAndDividendIncomeOperating,10-Q,2025-08-07,CY2024Q2,0000036104-25-000055,reported_quarterly_frame,real_public_sec_edgar,20242
USB,US BANCORP DE,0000036104,2024Q2,2024-06-30,net_income,Net income,1603000000.0,USD,us-gaap,NetIncomeLoss,10-Q,2025-08-07,CY2024Q2,0000036104-25-000055,reported_quarterly_frame,real_public_sec_edgar,20242
USB,US BANCORP DE,0000036104,2024Q2,2024-06-30,noninterest_expense,Noninterest expense,4214000000.0,USD,us-gaap,NoninterestExpense,10-Q,2025-08-07,CY2024Q2,0000036104-25-000055,reported_quarterly_frame,real_public_sec_edgar,20242
USB,US BANCORP DE,0000036104,2024Q2,2024-06-30,noninterest_income,Noninterest income,2815000000.0,USD,us-gaap,NoninterestIncome,10-Q,2025-08-07,CY2024Q2,0000036104-25-000055,reported_quarterly_frame,real_public_sec_edgar,20242
USB,US BANCORP DE,0000036104,2024Q2,2024-06-30,total_assets,Total assets,680058000000.0,USD,us-gaap,Assets,10-Q,2024-08-06,CY2024Q2I,0000036104-24-000052,reported_instant_frame,real_public_sec_edgar,20242
USB,US BANCORP DE,0000036104,2024Q2,2024-06-30,total_deposits,Total deposits,523785000000.0,USD,us-gaap,Deposits,10-Q,2024-08-06,CY2024Q2I,0000036104-24-000052,reported_instant_frame,real_public_sec_edgar,20242
USB,US BANCORP DE,0000036104,2024Q2,2024-06-30,total_equity,Total equity,56885000000.0,USD,us-gaap,StockholdersEquityIncludingPortionAttributableToNoncontrollingInterest,10-Q,2025-11-05,CY2024Q2I,0000036104-25-000064,reported_instant_frame,real_public_sec_edgar,20242
USB,US BANCORP DE,0000036104,2024Q2,2024-06-30,total_loans,Total loans,368584000000.0,USD,us-gaap,FinancingReceivableExcludingAccruedInterestAfterAllowanceForCreditLoss,10-Q,2024-08-06,CY2024Q2I,0000036104-24-000052,reported_instant_frame,real_public_sec_edgar,20242
USB,US BANCORP DE,0000036104,2024Q3,2024-09-30,interest_expense,Interest expense,3951000000.0,USD,us-gaap,InterestExpenseOperating,10-Q,2025-11-05,CY2024Q3,0000036104-25-000064,reported_quarterly_frame,real_public_sec_edgar,20243
USB,US BANCORP DE,0000036104,2024Q3,2024-09-30,interest_expense_deposits,Interest expense on deposits,3004000000.0,USD,us-gaap,InterestExpenseDeposits,10-Q,2025-11-05,CY2024Q3,0000036104-25-000064,reported_quarterly_frame,real_public_sec_edgar,20243
USB,US BANCORP DE,0000036104,2024Q3,2024-09-30,interest_income,Interest income,8086000000.0,USD,us-gaap,InterestAndDividendIncomeOperating,10-Q,2025-11-05,CY2024Q3,0000036104-25-000064,reported_quarterly_frame,real_public_sec_edgar,20243
USB,US BANCORP DE,0000036104,2024Q3,2024-09-30,net_income,Net income,1714000000.0,USD,us-gaap,NetIncomeLoss,10-Q,2025-11-05,CY2024Q3,0000036104-25-000064,reported_quarterly_frame,real_public_sec_edgar,20243
USB,US BANCORP DE,0000036104,2024Q3,2024-09-30,noninterest_expense,Noninterest expense,4204000000.0,USD,us-gaap,NoninterestExpense,10-Q,2025-11-05,CY2024Q3,0000036104-25-000064,reported_quarterly_frame,real_public_sec_edgar,20243
USB,US BANCORP DE,0000036104,2024Q3,2024-09-30,noninterest_income,Noninterest income,2698000000.0,USD,us-gaap,NoninterestIncome,10-Q,2025-11-05,CY2024Q3,0000036104-25-000064,reported_quarterly_frame,real_public_sec_edgar,20243
USB,US BANCORP DE,0000036104,2024Q3,2024-09-30,total_assets,Total assets,686469000000.0,USD,us-gaap,Assets,10-Q,2024-11-05,CY2024Q3I,0000036104-24-000072,reported_instant_frame,real_public_sec_edgar,20243
USB,US BANCORP DE,0000036104,2024Q3,2024-09-30,total_deposits,Total deposits,521131000000.0,USD,us-gaap,Deposits,10-Q,2024-11-05,CY2024Q3I,0000036104-24-000072,reported_instant_frame,real_public_sec_edgar,20243
USB,US BANCORP DE,0000036104,2024Q3,2024-09-30,total_equity,Total equity,59321000000.0,USD,us-gaap,StockholdersEquityIncludingPortionAttributableToNoncontrollingInterest,10-Q,2025-11-05,CY2024Q3I,0000036104-25-000064,reported_instant_frame,real_public_sec_edgar,20243
USB,US BANCORP DE,0000036104,2024Q3,2024-09-30,total_loans,Total loans,366604000000.0,USD,us-gaap,FinancingReceivableExcludingAccruedInterestAfterAllowanceForCreditLoss,10-Q,2024-11-05,CY2024Q3I,0000036104-24-000072,reported_instant_frame,real_public_sec_edgar,20243
USB,US BANCORP DE,0000036104,2024Q4,2024-12-31,interest_expense,Interest expense,3685000000.0,USD,us-gaap,InterestExpenseOperating,10-K-derived,2026-02-23,CY2024Q4_DERIVED,0000036104-26-000011,derived_q4_from_reported_fy_less_q1_q3,real_public_sec_edgar,20244
USB,US BANCORP DE,0000036104,2024Q4,2024-12-31,interest_expense_deposits,Interest expense on deposits,2772000000.0,USD,us-gaap,InterestExpenseDeposits,10-K-derived,2026-02-23,CY2024Q4_DERIVED,0000036104-26-000011,derived_q4_from_reported_fy_less_q1_q3,real_public_sec_edgar,20244
USB,US BANCORP DE,0000036104,2024Q4,2024-12-31,interest_income,Interest income,7831000000.0,USD,us-gaap,InterestAndDividendIncomeOperating,10-K-derived,2026-02-23,CY2024Q4_DERIVED,0000036104-26-000011,derived_q4_from_reported_fy_less_q1_q3,real_public_sec_edgar,20244
USB,US BANCORP DE,0000036104,2024Q4,2024-12-31,net_income,Net income,1663000000.0,USD,us-gaap,NetIncomeLoss,10-K-derived,2026-02-23,CY2024Q4_DERIVED,0000036104-26-000011,derived_q4_from_reported_fy_less_q1_q3,real_public_sec_edgar,20244
USB,US BANCORP DE,0000036104,2024Q4,2024-12-31,noninterest_expense,Noninterest expense,4311000000.0,USD,us-gaap,NoninterestExpense,10-K-derived,2026-02-23,CY2024Q4_DERIVED,0000036104-26-000011,derived_q4_from_reported_fy_less_q1_q3,real_public_sec_edgar,20244
USB,US BANCORP DE,0000036104,2024Q4,2024-12-31,noninterest_income,Noninterest income,2833000000.0,USD,us-gaap,NoninterestIncome,10-K-derived,2026-02-23,CY2024Q4_DERIVED,0000036104-26-000011,derived_q4_from_reported_fy_less_q1_q3,real_public_sec_edgar,20244
USB,US BANCORP DE,0000036104,2024Q4,2024-12-31,total_assets,Total assets,678318000000.0,USD,us-gaap,Assets,10-K,2026-02-23,CY2024Q4I,0000036104-26-000011,reported_instant_frame,real_public_sec_edgar,20244
USB,US BANCORP DE,0000036104,2024Q4,2024-12-31,total_deposits,Total deposits,518309000000.0,USD,us-gaap,Deposits,10-K,2026-02-23,CY2024Q4I,0000036104-26-000011,reported_instant_frame,real_public_sec_edgar,20244
USB,US BANCORP DE,0000036104,2024Q4,2024-12-31,total_equity,Total equity,59040000000.0,USD,us-gaap,StockholdersEquityIncludingPortionAttributableToNoncontrollingInterest,10-Q,2026-05-04,CY2024Q4I,0000036104-26-000024,reported_instant_frame,real_public_sec_edgar,20244
USB,US BANCORP DE,0000036104,2024Q4,2024-12-31,total_loans,Total loans,372249000000.0,USD,us-gaap,FinancingReceivableExcludingAccruedInterestAfterAllowanceForCreditLoss,10-K,2026-02-23,CY2024Q4I,0000036104-26-000011,reported_instant_frame,real_public_sec_edgar,20244
USB,US BANCORP DE,0000036104,2025Q1,2025-03-31,interest_expense,Interest expense,3424000000.0,USD,us-gaap,InterestExpenseOperating,10-Q,2026-05-04,CY2025Q1,0000036104-26-000024,reported_quarterly_frame,real_public_sec_edgar,20251
USB,US BANCORP DE,0000036104,2025Q1,2025-03-31,interest_expense_deposits,Interest expense on deposits,2511000000.0,USD,us-gaap,InterestExpenseDeposits,10-Q,2026-05-04,CY2025Q1,0000036104-26-000024,reported_quarterly_frame,real_public_sec_edgar,20251
USB,US BANCORP DE,0000036104,2025Q1,2025-03-31,interest_income,Interest income,7516000000.0,USD,us-gaap,InterestAndDividendIncomeOperating,10-Q,2026-05-04,CY2025Q1,0000036104-26-000024,reported_quarterly_frame,real_public_sec_edgar,20251
USB,US BANCORP DE,0000036104,2025Q1,2025-03-31,net_income,Net income,1709000000.0,USD,us-gaap,NetIncomeLoss,10-Q,2026-05-04,CY2025Q1,0000036104-26-000024,reported_quarterly_frame,real_public_sec_edgar,20251
USB,US BANCORP DE,0000036104,2025Q1,2025-03-31,noninterest_expense,Noninterest expense,4232000000.0,USD,us-gaap,NoninterestExpense,10-Q,2026-05-04,CY2025Q1,0000036104-26-000024,reported_quarterly_frame,real_public_sec_edgar,20251
USB,US BANCORP DE,0000036104,2025Q1,2025-03-31,noninterest_income,Noninterest income,2836000000.0,USD,us-gaap,NoninterestIncome,10-Q,2026-05-04,CY2025Q1,0000036104-26-000024,reported_quarterly_frame,real_public_sec_edgar,20251
USB,US BANCORP DE,0000036104,2025Q1,2025-03-31,total_assets,Total assets,676489000000.0,USD,us-gaap,Assets,10-Q,2025-05-06,CY2025Q1I,0000036104-25-000028,reported_instant_frame,real_public_sec_edgar,20251
USB,US BANCORP DE,0000036104,2025Q1,2025-03-31,total_deposits,Total deposits,512525000000.0,USD,us-gaap,Deposits,10-Q,2025-05-06,CY2025Q1I,0000036104-25-000028,reported_instant_frame,real_public_sec_edgar,20251
USB,US BANCORP DE,0000036104,2025Q1,2025-03-31,total_equity,Total equity,60558000000.0,USD,us-gaap,StockholdersEquityIncludingPortionAttributableToNoncontrollingInterest,10-Q,2026-05-04,CY2025Q1I,0000036104-26-000024,reported_instant_frame,real_public_sec_edgar,20251
USB,US BANCORP DE,0000036104,2025Q1,2025-03-31,total_loans,Total loans,374235000000.0,USD,us-gaap,FinancingReceivableExcludingAccruedInterestAfterAllowanceForCreditLoss,10-Q,2025-05-06,CY2025Q1I,0000036104-25-000028,reported_instant_frame,real_public_sec_edgar,20251
USB,US BANCORP DE,0000036104,2025Q2,2025-06-30,interest_expense,Interest expense,3553000000.0,USD,us-gaap,InterestExpenseOperating,10-Q,2025-08-07,CY2025Q2,0000036104-25-000055,reported_quarterly_frame,real_public_sec_edgar,20252
USB,US BANCORP DE,0000036104,2025Q2,2025-06-30,interest_expense_deposits,Interest expense on deposits,2541000000.0,USD,us-gaap,InterestExpenseDeposits,10-Q,2025-08-07,CY2025Q2,0000036104-25-000055,reported_quarterly_frame,real_public_sec_edgar,20252
USB,US BANCORP DE,0000036104,2025Q2,2025-06-30,interest_income,Interest income,7604000000.0,USD,us-gaap,InterestAndDividendIncomeOperating,10-Q,2025-08-07,CY2025Q2,0000036104-25-000055,reported_quarterly_frame,real_public_sec_edgar,20252
USB,US BANCORP DE,0000036104,2025Q2,2025-06-30,net_income,Net income,1815000000.0,USD,us-gaap,NetIncomeLoss,10-Q,2025-08-07,CY2025Q2,0000036104-25-000055,reported_quarterly_frame,real_public_sec_edgar,20252
USB,US BANCORP DE,0000036104,2025Q2,2025-06-30,noninterest_expense,Noninterest expense,4181000000.0,USD,us-gaap,NoninterestExpense,10-Q,2025-08-07,CY2025Q2,0000036104-25-000055,reported_quarterly_frame,real_public_sec_edgar,20252
USB,US BANCORP DE,0000036104,2025Q2,2025-06-30,noninterest_income,Noninterest income,2924000000.0,USD,us-gaap,NoninterestIncome,10-Q,2025-08-07,CY2025Q2,0000036104-25-000055,reported_quarterly_frame,real_public_sec_edgar,20252
USB,US BANCORP DE,0000036104,2025Q2,2025-06-30,total_assets,Total assets,686370000000.0,USD,us-gaap,Assets,10-Q,2025-08-07,CY2025Q2I,0000036104-25-000055,reported_instant_frame,real_public_sec_edgar,20252
USB,US BANCORP DE,0000036104,2025Q2,2025-06-30,total_deposits,Total deposits,518717000000.0,USD,us-gaap,Deposits,10-Q,2025-08-07,CY2025Q2I,0000036104-25-000055,reported_instant_frame,real_public_sec_edgar,20252
USB,US BANCORP DE,0000036104,2025Q2,2025-06-30,total_equity,Total equity,61896000000.0,USD,us-gaap,StockholdersEquityIncludingPortionAttributableToNoncontrollingInterest,10-Q,2025-11-05,CY2025Q2I,0000036104-25-000064,reported_instant_frame,real_public_sec_edgar,20252
USB,US BANCORP DE,0000036104,2025Q2,2025-06-30,total_loans,Total loans,372706000000.0,USD,us-gaap,FinancingReceivableExcludingAccruedInterestAfterAllowanceForCreditLoss,10-Q,2025-08-07,CY2025Q2I,0000036104-25-000055,reported_instant_frame,real_public_sec_edgar,20252
USB,US BANCORP DE,0000036104,2025Q3,2025-09-30,interest_expense,Interest expense,3705000000.0,USD,us-gaap,InterestExpenseOperating,10-Q,2025-11-05,CY2025Q3,0000036104-25-000064,reported_quarterly_frame,real_public_sec_edgar,20253
USB,US BANCORP DE,0000036104,2025Q3,2025-09-30,interest_expense_deposits,Interest expense on deposits,2648000000.0,USD,us-gaap,InterestExpenseDeposits,10-Q,2025-11-05,CY2025Q3,0000036104-25-000064,reported_quarterly_frame,real_public_sec_edgar,20253
USB,US BANCORP DE,0000036104,2025Q3,2025-09-30,interest_income,Interest income,7927000000.0,USD,us-gaap,InterestAndDividendIncomeOperating,10-Q,2025-11-05,CY2025Q3,0000036104-25-000064,reported_quarterly_frame,real_public_sec_edgar,20253
USB,US BANCORP DE,0000036104,2025Q3,2025-09-30,net_income,Net income,2001000000.0,USD,us-gaap,NetIncomeLoss,10-Q,2025-11-05,CY2025Q3,0000036104-25-000064,reported_quarterly_frame,real_public_sec_edgar,20253
USB,US BANCORP DE,0000036104,2025Q3,2025-09-30,noninterest_expense,Noninterest expense,4197000000.0,USD,us-gaap,NoninterestExpense,10-Q,2025-11-05,CY2025Q3,0000036104-25-000064,reported_quarterly_frame,real_public_sec_edgar,20253
USB,US BANCORP DE,0000036104,2025Q3,2025-09-30,noninterest_income,Noninterest income,3078000000.0,USD,us-gaap,NoninterestIncome,10-Q,2025-11-05,CY2025Q3,0000036104-25-000064,reported_quarterly_frame,real_public_sec_edgar,20253
USB,US BANCORP DE,0000036104,2025Q3,2025-09-30,total_assets,Total assets,695357000000.0,USD,us-gaap,Assets,10-Q,2025-11-05,CY2025Q3I,0000036104-25-000064,reported_instant_frame,real_public_sec_edgar,20253
USB,US BANCORP DE,0000036104,2025Q3,2025-09-30,total_deposits,Total deposits,526149000000.0,USD,us-gaap,Deposits,10-Q,2025-11-05,CY2025Q3I,0000036104-25-000064,reported_instant_frame,real_public_sec_edgar,20253
USB,US BANCORP DE,0000036104,2025Q3,2025-09-30,total_equity,Total equity,63798000000.0,USD,us-gaap,StockholdersEquityIncludingPortionAttributableToNoncontrollingInterest,10-Q,2025-11-05,CY2025Q3I,0000036104-25-000064,reported_instant_frame,real_public_sec_edgar,20253
USB,US BANCORP DE,0000036104,2025Q3,2025-09-30,total_loans,Total loans,374960000000.0,USD,us-gaap,FinancingReceivableExcludingAccruedInterestAfterAllowanceForCreditLoss,10-Q,2025-11-05,CY2025Q3I,0000036104-25-000064,reported_instant_frame,real_public_sec_edgar,20253
USB,US BANCORP DE,0000036104,2025Q4,2025-12-31,interest_expense,Interest expense,3639000000.0,USD,us-gaap,InterestExpenseOperating,10-K-derived,2026-02-23,CY2025Q4_DERIVED,0000036104-26-000011,derived_q4_from_reported_fy_less_q1_q3,real_public_sec_edgar,20254
USB,US BANCORP DE,0000036104,2025Q4,2025-12-31,interest_expense_deposits,Interest expense on deposits,2451000000.0,USD,us-gaap,InterestExpenseDeposits,10-K-derived,2026-02-23,CY2025Q4_DERIVED,0000036104-26-000011,derived_q4_from_reported_fy_less_q1_q3,real_public_sec_edgar,20254
USB,US BANCORP DE,0000036104,2025Q4,2025-12-31,interest_income,Interest income,7923000000.0,USD,us-gaap,InterestAndDividendIncomeOperating,10-K-derived,2026-02-23,CY2025Q4_DERIVED,0000036104-26-000011,derived_q4_from_reported_fy_less_q1_q3,real_public_sec_edgar,20254
USB,US BANCORP DE,0000036104,2025Q4,2025-12-31,net_income,Net income,2045000000.0,USD,us-gaap,NetIncomeLoss,10-K-derived,2026-02-23,CY2025Q4_DERIVED,0000036104-26-000011,derived_q4_from_reported_fy_less_q1_q3,real_public_sec_edgar,20254
USB,US BANCORP DE,0000036104,2025Q4,2025-12-31,noninterest_expense,Noninterest expense,4227000000.0,USD,us-gaap,NoninterestExpense,10-K-derived,2026-02-23,CY2025Q4_DERIVED,0000036104-26-000011,derived_q4_from_reported_fy_less_q1_q3,real_public_sec_edgar,20254
USB,US BANCORP DE,0000036104,2025Q4,2025-12-31,noninterest_income,Noninterest income,3053000000.0,USD,us-gaap,NoninterestIncome,10-K-derived,2026-02-23,CY2025Q4_DERIVED,0000036104-26-000011,derived_q4_from_reported_fy_less_q1_q3,real_public_sec_edgar,20254
USB,US BANCORP DE,0000036104,2025Q4,2025-12-31,total_assets,Total assets,692345000000.0,USD,us-gaap,Assets,10-Q,2026-05-04,CY2025Q4I,0000036104-26-000024,reported_instant_frame,real_public_sec_edgar,20254
USB,US BANCORP DE,0000036104,2025Q4,2025-12-31,total_deposits,Total deposits,522216000000.0,USD,us-gaap,Deposits,10-Q,2026-05-04,CY2025Q4I,0000036104-26-000024,reported_instant_frame,real_public_sec_edgar,20254
USB,US BANCORP DE,0000036104,2025Q4,2025-12-31,total_equity,Total equity,65651000000.0,USD,us-gaap,StockholdersEquityIncludingPortionAttributableToNoncontrollingInterest,10-Q,2026-05-04,CY2025Q4I,0000036104-26-000024,reported_instant_frame,real_public_sec_edgar,20254
USB,US BANCORP DE,0000036104,2025Q4,2025-12-31,total_loans,Total loans,383730000000.0,USD,us-gaap,FinancingReceivableExcludingAccruedInterestAfterAllowanceForCreditLoss,10-Q,2026-05-04,CY2025Q4I,0000036104-26-000024,reported_instant_frame,real_public_sec_edgar,20254
USB,US BANCORP DE,0000036104,2026Q1,2026-03-31,interest_expense,Interest expense,3575000000.0,USD,us-gaap,InterestExpenseOperating,10-Q,2026-05-04,CY2026Q1,0000036104-26-000024,reported_quarterly_frame,real_public_sec_edgar,20261
USB,US BANCORP DE,0000036104,2026Q1,2026-03-31,interest_expense_deposits,Interest expense on deposits,2284000000.0,USD,us-gaap,InterestExpenseDeposits,10-Q,2026-05-04,CY2026Q1,0000036104-26-000024,reported_quarterly_frame,real_public_sec_edgar,20261
USB,US BANCORP DE,0000036104,2026Q1,2026-03-31,interest_income,Interest income,7838000000.0,USD,us-gaap,InterestAndDividendIncomeOperating,10-Q,2026-05-04,CY2026Q1,0000036104-26-000024,reported_quarterly_frame,real_public_sec_edgar,20261
USB,US BANCORP DE,0000036104,2026Q1,2026-03-31,net_income,Net income,1945000000.0,USD,us-gaap,NetIncomeLoss,10-Q,2026-05-04,CY2026Q1,0000036104-26-000024,reported_quarterly_frame,real_public_sec_edgar,20261
USB,US BANCORP DE,0000036104,2026Q1,2026-03-31,noninterest_expense,Noninterest expense,4265000000.0,USD,us-gaap,NoninterestExpense,10-Q,2026-05-04,CY2026Q1,0000036104-26-000024,reported_quarterly_frame,real_public_sec_edgar,20261
USB,US BANCORP DE,0000036104,2026Q1,2026-03-31,noninterest_income,Noninterest income,2997000000.0,USD,us-gaap,NoninterestIncome,10-Q,2026-05-04,CY2026Q1,0000036104-26-000024,reported_quarterly_frame,real_public_sec_edgar,20261
USB,US BANCORP DE,0000036104,2026Q1,2026-03-31,total_assets,Total assets,700998000000.0,USD,us-gaap,Assets,10-Q,2026-05-04,CY2026Q1I,0000036104-26-000024,reported_instant_frame,real_public_sec_edgar,20261
USB,US BANCORP DE,0000036104,2026Q1,2026-03-31,total_deposits,Total deposits,528178000000.0,USD,us-gaap,Deposits,10-Q,2026-05-04,CY2026Q1I,0000036104-26-000024,reported_instant_frame,real_public_sec_edgar,20261
USB,US BANCORP DE,0000036104,2026Q1,2026-03-31,total_equity,Total equity,66247000000.0,USD,us-gaap,StockholdersEquityIncludingPortionAttributableToNoncontrollingInterest,10-Q,2026-05-04,CY2026Q1I,0000036104-26-000024,reported_instant_frame,real_public_sec_edgar,20261
USB,US BANCORP DE,0000036104,2026Q1,2026-03-31,total_loans,Total loans,392150000000.0,USD,us-gaap,FinancingReceivableExcludingAccruedInterestAfterAllowanceForCreditLoss,10-Q,2026-05-04,CY2026Q1I,0000036104-26-000024,reported_instant_frame,real_public_sec_edgar,20261
WFC,WELLS FARGO & COMPANY/MN,0000072971,2018Q2,2018-06-30,interest_expense,Interest expense,3474000000.0,USD,us-gaap,InterestExpense,10-Q,2019-08-02,CY2018Q2,0000072971-19-000331,reported_quarterly_frame,real_public_sec_edgar,20182
WFC,WELLS FARGO & COMPANY/MN,0000072971,2018Q2,2018-06-30,interest_expense_deposits,Interest expense on deposits,1268000000.0,USD,us-gaap,InterestExpenseDeposits,10-Q,2019-08-02,CY2018Q2,0000072971-19-000331,reported_quarterly_frame,real_public_sec_edgar,20182
WFC,WELLS FARGO & COMPANY/MN,0000072971,2018Q2,2018-06-30,interest_income,Interest income,16015000000.0,USD,us-gaap,InterestAndDividendIncomeOperating,10-Q,2019-08-02,CY2018Q2,0000072971-19-000331,reported_quarterly_frame,real_public_sec_edgar,20182
WFC,WELLS FARGO & COMPANY/MN,0000072971,2018Q2,2018-06-30,net_income,Net income,5186000000.0,USD,us-gaap,NetIncomeLoss,10-Q,2019-08-02,CY2018Q2,0000072971-19-000331,reported_quarterly_frame,real_public_sec_edgar,20182
WFC,WELLS FARGO & COMPANY/MN,0000072971,2018Q2,2018-06-30,noninterest_expense,Noninterest expense,13982000000.0,USD,us-gaap,NoninterestExpense,10-Q,2019-08-02,CY2018Q2,0000072971-19-000331,reported_quarterly_frame,real_public_sec_edgar,20182
WFC,WELLS FARGO & COMPANY/MN,0000072971,2018Q2,2018-06-30,noninterest_income,Noninterest income,9012000000.0,USD,us-gaap,NoninterestIncome,10-Q,2019-08-02,CY2018Q2,0000072971-19-000331,reported_quarterly_frame,real_public_sec_edgar,20182
WFC,WELLS FARGO & COMPANY/MN,0000072971,2018Q2,2018-06-30,total_assets,Total assets,1879700000000.0,USD,us-gaap,Assets,10-Q,2018-08-03,CY2018Q2I,0000072971-18-000408,reported_instant_frame,real_public_sec_edgar,20182
WFC,WELLS FARGO & COMPANY/MN,0000072971,2018Q2,2018-06-30,total_deposits,Total deposits,1268864000000.0,USD,us-gaap,Deposits,10-Q,2018-08-03,CY2018Q2I,0000072971-18-000408,reported_instant_frame,real_public_sec_edgar,20182
WFC,WELLS FARGO & COMPANY/MN,0000072971,2018Q2,2018-06-30,total_equity,Total equity,206069000000.0,USD,us-gaap,StockholdersEquityIncludingPortionAttributableToNoncontrollingInterest,10-Q,2019-11-01,CY2018Q2I,0000072971-19-000406,reported_instant_frame,real_public_sec_edgar,20182
WFC,WELLS FARGO & COMPANY/MN,0000072971,2018Q2,2018-06-30,total_loans,Total loans,934072000000.0,USD,us-gaap,LoansAndLeasesReceivableNetReportedAmount,10-Q,2018-08-03,CY2018Q2I,0000072971-18-000408,reported_instant_frame,real_public_sec_edgar,20182
WFC,WELLS FARGO & COMPANY/MN,0000072971,2018Q3,2018-09-30,interest_expense,Interest expense,3792000000.0,USD,us-gaap,InterestExpense,10-Q,2019-11-01,CY2018Q3,0000072971-19-000406,reported_quarterly_frame,real_public_sec_edgar,20183
WFC,WELLS FARGO & COMPANY/MN,0000072971,2018Q3,2018-09-30,interest_expense_deposits,Interest expense on deposits,1499000000.0,USD,us-gaap,InterestExpenseDeposits,10-Q,2019-11-01,CY2018Q3,0000072971-19-000406,reported_quarterly_frame,real_public_sec_edgar,20183
WFC,WELLS FARGO & COMPANY/MN,0000072971,2018Q3,2018-09-30,interest_income,Interest income,16364000000.0,USD,us-gaap,InterestAndDividendIncomeOperating,10-Q,2019-11-01,CY2018Q3,0000072971-19-000406,reported_quarterly_frame,real_public_sec_edgar,20183
WFC,WELLS FARGO & COMPANY/MN,0000072971,2018Q3,2018-09-30,net_income,Net income,6007000000.0,USD,us-gaap,NetIncomeLoss,10-Q,2019-11-01,CY2018Q3,0000072971-19-000406,reported_quarterly_frame,real_public_sec_edgar,20183
WFC,WELLS FARGO & COMPANY/MN,0000072971,2018Q3,2018-09-30,noninterest_expense,Noninterest expense,13763000000.0,USD,us-gaap,NoninterestExpense,10-Q,2019-11-01,CY2018Q3,0000072971-19-000406,reported_quarterly_frame,real_public_sec_edgar,20183
WFC,WELLS FARGO & COMPANY/MN,0000072971,2018Q3,2018-09-30,noninterest_income,Noninterest income,9369000000.0,USD,us-gaap,NoninterestIncome,10-Q,2019-11-01,CY2018Q3,0000072971-19-000406,reported_quarterly_frame,real_public_sec_edgar,20183
WFC,WELLS FARGO & COMPANY/MN,0000072971,2018Q3,2018-09-30,total_assets,Total assets,1872981000000.0,USD,us-gaap,Assets,10-Q,2018-11-06,CY2018Q3I,0000072971-18-000471,reported_instant_frame,real_public_sec_edgar,20183
WFC,WELLS FARGO & COMPANY/MN,0000072971,2018Q3,2018-09-30,total_deposits,Total deposits,1266594000000.0,USD,us-gaap,Deposits,10-Q,2018-11-06,CY2018Q3I,0000072971-18-000471,reported_instant_frame,real_public_sec_edgar,20183
WFC,WELLS FARGO & COMPANY/MN,0000072971,2018Q3,2018-09-30,total_equity,Total equity,199679000000.0,USD,us-gaap,StockholdersEquityIncludingPortionAttributableToNoncontrollingInterest,10-Q,2019-11-01,CY2018Q3I,0000072971-19-000406,reported_instant_frame,real_public_sec_edgar,20183
WFC,WELLS FARGO & COMPANY/MN,0000072971,2018Q3,2018-09-30,total_loans,Total loans,932279000000.0,USD,us-gaap,LoansAndLeasesReceivableNetReportedAmount,10-Q,2018-11-06,CY2018Q3I,0000072971-18-000471,reported_instant_frame,real_public_sec_edgar,20183
WFC,WELLS FARGO & COMPANY/MN,0000072971,2018Q4,2018-12-31,interest_expense,Interest expense,4277000000.0,USD,us-gaap,InterestExpense,10-K-derived,2021-02-23,CY2018Q4_DERIVED,0000072971-21-000197,derived_q4_from_reported_fy_less_q1_q3,real_public_sec_edgar,20184
WFC,WELLS FARGO & COMPANY/MN,0000072971,2018Q4,2018-12-31,interest_expense_deposits,Interest expense on deposits,1765000000.0,USD,us-gaap,InterestExpenseDeposits,10-K-derived,2021-02-23,CY2018Q4_DERIVED,0000072971-21-000197,derived_q4_from_reported_fy_less_q1_q3,real_public_sec_edgar,20184
WFC,WELLS FARGO & COMPANY/MN,0000072971,2018Q4,2018-12-31,interest_income,Interest income,16921000000.0,USD,us-gaap,InterestAndDividendIncomeOperating,10-K-derived,2021-02-23,CY2018Q4_DERIVED,0000072971-21-000197,derived_q4_from_reported_fy_less_q1_q3,real_public_sec_edgar,20184
WFC,WELLS FARGO & COMPANY/MN,0000072971,2018Q4,2018-12-31,net_income,Net income,6064000000.0,USD,us-gaap,NetIncomeLoss,10-K-derived,2021-02-23,CY2018Q4_DERIVED,0000072971-21-000197,derived_q4_from_reported_fy_less_q1_q3,real_public_sec_edgar,20184
WFC,WELLS FARGO & COMPANY/MN,0000072971,2018Q4,2018-12-31,noninterest_expense,Noninterest expense,13339000000.0,USD,us-gaap,NoninterestExpense,10-K-derived,2021-02-23,CY2018Q4_DERIVED,0000072971-21-000197,derived_q4_from_reported_fy_less_q1_q3,real_public_sec_edgar,20184
WFC,WELLS FARGO & COMPANY/MN,0000072971,2018Q4,2018-12-31,noninterest_income,Noninterest income,8336000000.0,USD,us-gaap,NoninterestIncome,10-K-derived,2021-02-23,CY2018Q4_DERIVED,0000072971-21-000197,derived_q4_from_reported_fy_less_q1_q3,real_public_sec_edgar,20184
WFC,WELLS FARGO & COMPANY/MN,0000072971,2018Q4,2018-12-31,total_assets,Total assets,1895883000000.0,USD,us-gaap,Assets,10-K,2020-02-27,CY2018Q4I,0000072971-20-000217,reported_instant_frame,real_public_sec_edgar,20184
WFC,WELLS FARGO & COMPANY/MN,0000072971,2018Q4,2018-12-31,total_deposits,Total deposits,1286170000000.0,USD,us-gaap,Deposits,10-K,2020-02-27,CY2018Q4I,0000072971-20-000217,reported_instant_frame,real_public_sec_edgar,20184
WFC,WELLS FARGO & COMPANY/MN,0000072971,2018Q4,2018-12-31,total_equity,Total equity,197066000000.0,USD,us-gaap,StockholdersEquityIncludingPortionAttributableToNoncontrollingInterest,10-K,2022-02-22,CY2018Q4I,0000072971-22-000096,reported_instant_frame,real_public_sec_edgar,20184
WFC,WELLS FARGO & COMPANY/MN,0000072971,2018Q4,2018-12-31,total_loans,Total loans,943335000000.0,USD,us-gaap,LoansAndLeasesReceivableNetReportedAmount,10-K,2020-02-27,CY2018Q4I,0000072971-20-000217,reported_instant_frame,real_public_sec_edgar,20184
WFC,WELLS FARGO & COMPANY/MN,0000072971,2019Q1,2019-03-31,interest_expense,Interest expense,4692000000.0,USD,us-gaap,InterestExpense,10-Q,2020-05-05,CY2019Q1,0000072971-20-000236,reported_quarterly_frame,real_public_sec_edgar,20191
WFC,WELLS FARGO & COMPANY/MN,0000072971,2019Q1,2019-03-31,interest_expense_deposits,Interest expense on deposits,2026000000.0,USD,us-gaap,InterestExpenseDeposits,10-Q,2020-05-05,CY2019Q1,0000072971-20-000236,reported_quarterly_frame,real_public_sec_edgar,20191
WFC,WELLS FARGO & COMPANY/MN,0000072971,2019Q1,2019-03-31,interest_income,Interest income,17003000000.0,USD,us-gaap,InterestAndDividendIncomeOperating,10-Q,2020-05-05,CY2019Q1,0000072971-20-000236,reported_quarterly_frame,real_public_sec_edgar,20191
WFC,WELLS FARGO & COMPANY/MN,0000072971,2019Q1,2019-03-31,net_income,Net income,5860000000.0,USD,us-gaap,NetIncomeLoss,10-Q,2020-05-05,CY2019Q1,0000072971-20-000236,reported_quarterly_frame,real_public_sec_edgar,20191
WFC,WELLS FARGO & COMPANY/MN,0000072971,2019Q1,2019-03-31,noninterest_expense,Noninterest expense,13916000000.0,USD,us-gaap,NoninterestExpense,10-Q,2020-05-05,CY2019Q1,0000072971-20-000236,reported_quarterly_frame,real_public_sec_edgar,20191
WFC,WELLS FARGO & COMPANY/MN,0000072971,2019Q1,2019-03-31,noninterest_income,Noninterest income,9298000000.0,USD,us-gaap,NoninterestIncome,10-Q,2020-05-05,CY2019Q1,0000072971-20-000236,reported_quarterly_frame,real_public_sec_edgar,20191
WFC,WELLS FARGO & COMPANY/MN,0000072971,2019Q1,2019-03-31,total_assets,Total assets,1887792000000.0,USD,us-gaap,Assets,10-Q,2019-05-03,CY2019Q1I,0000072971-19-000254,reported_instant_frame,real_public_sec_edgar,20191
WFC,WELLS FARGO & COMPANY/MN,0000072971,2019Q1,2019-03-31,total_deposits,Total deposits,1264013000000.0,USD,us-gaap,Deposits,10-Q,2019-05-03,CY2019Q1I,0000072971-19-000254,reported_instant_frame,real_public_sec_edgar,20191
WFC,WELLS FARGO & COMPANY/MN,0000072971,2019Q1,2019-03-31,total_equity,Total equity,198733000000.0,USD,us-gaap,StockholdersEquityIncludingPortionAttributableToNoncontrollingInterest,10-Q,2020-08-04,CY2019Q1I,0000072971-20-000288,reported_instant_frame,real_public_sec_edgar,20191
WFC,WELLS FARGO & COMPANY/MN,0000072971,2019Q1,2019-03-31,total_loans,Total loans,938349000000.0,USD,us-gaap,LoansAndLeasesReceivableNetReportedAmount,10-Q,2019-05-03,CY2019Q1I,0000072971-19-000254,reported_instant_frame,real_public_sec_edgar,20191
WFC,WELLS FARGO & COMPANY/MN,0000072971,2019Q2,2019-06-30,interest_expense,Interest expense,4891000000.0,USD,us-gaap,InterestExpense,10-Q,2020-08-04,CY2019Q2,0000072971-20-000288,reported_quarterly_frame,real_public_sec_edgar,20192
WFC,WELLS FARGO & COMPANY/MN,0000072971,2019Q2,2019-06-30,interest_expense_deposits,Interest expense on deposits,2213000000.0,USD,us-gaap,InterestExpenseDeposits,10-Q,2020-08-04,CY2019Q2,0000072971-20-000288,reported_quarterly_frame,real_public_sec_edgar,20192
WFC,WELLS FARGO & COMPANY/MN,0000072971,2019Q2,2019-06-30,interest_income,Interest income,16986000000.0,USD,us-gaap,InterestAndDividendIncomeOperating,10-Q,2020-08-04,CY2019Q2,0000072971-20-000288,reported_quarterly_frame,real_public_sec_edgar,20192
WFC,WELLS FARGO & COMPANY/MN,0000072971,2019Q2,2019-06-30,net_income,Net income,6206000000.0,USD,us-gaap,NetIncomeLoss,10-Q,2020-08-04,CY2019Q2,0000072971-20-000288,reported_quarterly_frame,real_public_sec_edgar,20192
WFC,WELLS FARGO & COMPANY/MN,0000072971,2019Q2,2019-06-30,noninterest_expense,Noninterest expense,13449000000.0,USD,us-gaap,NoninterestExpense,10-Q,2020-08-04,CY2019Q2,0000072971-20-000288,reported_quarterly_frame,real_public_sec_edgar,20192
WFC,WELLS FARGO & COMPANY/MN,0000072971,2019Q2,2019-06-30,noninterest_income,Noninterest income,9489000000.0,USD,us-gaap,NoninterestIncome,10-Q,2020-08-04,CY2019Q2,0000072971-20-000288,reported_quarterly_frame,real_public_sec_edgar,20192
WFC,WELLS FARGO & COMPANY/MN,0000072971,2019Q2,2019-06-30,total_assets,Total assets,1923388000000.0,USD,us-gaap,Assets,10-Q,2019-08-02,CY2019Q2I,0000072971-19-000331,reported_instant_frame,real_public_sec_edgar,20192
WFC,WELLS FARGO & COMPANY/MN,0000072971,2019Q2,2019-06-30,total_deposits,Total deposits,1288426000000.0,USD,us-gaap,Deposits,10-Q,2019-08-02,CY2019Q2I,0000072971-19-000331,reported_instant_frame,real_public_sec_edgar,20192
WFC,WELLS FARGO & COMPANY/MN,0000072971,2019Q2,2019-06-30,total_equity,Total equity,200037000000.0,USD,us-gaap,StockholdersEquityIncludingPortionAttributableToNoncontrollingInterest,10-Q,2020-11-02,CY2019Q2I,0000072971-20-000338,reported_instant_frame,real_public_sec_edgar,20192
WFC,WELLS FARGO & COMPANY/MN,0000072971,2019Q2,2019-06-30,total_loans,Total loans,940186000000.0,USD,us-gaap,LoansAndLeasesReceivableNetReportedAmount,10-Q,2019-08-02,CY2019Q2I,0000072971-19-000331,reported_instant_frame,real_public_sec_edgar,20192
WFC,WELLS FARGO & COMPANY/MN,0000072971,2019Q3,2019-09-30,interest_expense,Interest expense,4874000000.0,USD,us-gaap,InterestExpense,10-Q,2020-11-02,CY2019Q3,0000072971-20-000338,reported_quarterly_frame,real_public_sec_edgar,20193
WFC,WELLS FARGO & COMPANY/MN,0000072971,2019Q3,2019-09-30,interest_expense_deposits,Interest expense on deposits,2324000000.0,USD,us-gaap,InterestExpenseDeposits,10-Q,2020-11-02,CY2019Q3,0000072971-20-000338,reported_quarterly_frame,real_public_sec_edgar,20193
WFC,WELLS FARGO & COMPANY/MN,0000072971,2019Q3,2019-09-30,interest_income,Interest income,16499000000.0,USD,us-gaap,InterestAndDividendIncomeOperating,10-Q,2020-11-02,CY2019Q3,0000072971-20-000338,reported_quarterly_frame,real_public_sec_edgar,20193
WFC,WELLS FARGO & COMPANY/MN,0000072971,2019Q3,2019-09-30,net_income,Net income,4610000000.0,USD,us-gaap,NetIncomeLoss,10-Q,2020-11-02,CY2019Q3,0000072971-20-000338,reported_quarterly_frame,real_public_sec_edgar,20193
WFC,WELLS FARGO & COMPANY/MN,0000072971,2019Q3,2019-09-30,noninterest_expense,Noninterest expense,15199000000.0,USD,us-gaap,NoninterestExpense,10-Q,2020-11-02,CY2019Q3,0000072971-20-000338,reported_quarterly_frame,real_public_sec_edgar,20193
WFC,WELLS FARGO & COMPANY/MN,0000072971,2019Q3,2019-09-30,noninterest_income,Noninterest income,10385000000.0,USD,us-gaap,NoninterestIncome,10-Q,2020-11-02,CY2019Q3,0000072971-20-000338,reported_quarterly_frame,real_public_sec_edgar,20193
WFC,WELLS FARGO & COMPANY/MN,0000072971,2019Q3,2019-09-30,total_assets,Total assets,1943950000000.0,USD,us-gaap,Assets,10-Q,2019-11-01,CY2019Q3I,0000072971-19-000406,reported_instant_frame,real_public_sec_edgar,20193
WFC,WELLS FARGO & COMPANY/MN,0000072971,2019Q3,2019-09-30,total_deposits,Total deposits,1308495000000.0,USD,us-gaap,Deposits,10-Q,2019-11-01,CY2019Q3I,0000072971-19-000406,reported_instant_frame,real_public_sec_edgar,20193
WFC,WELLS FARGO & COMPANY/MN,0000072971,2019Q3,2019-09-30,total_equity,Total equity,194416000000.0,USD,us-gaap,StockholdersEquityIncludingPortionAttributableToNoncontrollingInterest,10-Q,2020-11-02,CY2019Q3I,0000072971-20-000338,reported_instant_frame,real_public_sec_edgar,20193
WFC,WELLS FARGO & COMPANY/MN,0000072971,2019Q3,2019-09-30,total_loans,Total loans,945200000000.0,USD,us-gaap,LoansAndLeasesReceivableNetReportedAmount,10-Q,2019-11-01,CY2019Q3I,0000072971-19-000406,reported_instant_frame,real_public_sec_edgar,20193
WFC,WELLS FARGO & COMPANY/MN,0000072971,2019Q4,2019-12-31,interest_expense,Interest expense,4395000000.0,USD,us-gaap,InterestExpense,10-K-derived,2022-02-22,CY2019Q4_DERIVED,0000072971-22-000096,derived_q4_from_reported_fy_less_q1_q3,real_public_sec_edgar,20194
WFC,WELLS FARGO & COMPANY/MN,0000072971,2019Q4,2019-12-31,interest_expense_deposits,Interest expense on deposits,2072000000.0,USD,us-gaap,InterestExpenseDeposits,10-K-derived,2022-02-22,CY2019Q4_DERIVED,0000072971-22-000096,derived_q4_from_reported_fy_less_q1_q3,real_public_sec_edgar,20194
WFC,WELLS FARGO & COMPANY/MN,0000072971,2019Q4,2019-12-31,interest_income,Interest income,15667000000.0,USD,us-gaap,InterestAndDividendIncomeOperating,10-K-derived,2022-02-22,CY2019Q4_DERIVED,0000072971-22-000096,derived_q4_from_reported_fy_less_q1_q3,real_public_sec_edgar,20194
WFC,WELLS FARGO & COMPANY/MN,0000072971,2019Q4,2019-12-31,net_income,Net income,3039000000.0,USD,us-gaap,NetIncomeLoss,10-K-derived,2022-02-22,CY2019Q4_DERIVED,0000072971-22-000096,derived_q4_from_reported_fy_less_q1_q3,real_public_sec_edgar,20194
WFC,WELLS FARGO & COMPANY/MN,0000072971,2019Q4,2019-12-31,noninterest_expense,Noninterest expense,15614000000.0,USD,us-gaap,NoninterestExpense,10-K-derived,2022-02-22,CY2019Q4_DERIVED,0000072971-22-000096,derived_q4_from_reported_fy_less_q1_q3,real_public_sec_edgar,20194
WFC,WELLS FARGO & COMPANY/MN,0000072971,2019Q4,2019-12-31,noninterest_income,Noninterest income,10357000000.0,USD,us-gaap,NoninterestIncome,10-K-derived,2022-02-22,CY2019Q4_DERIVED,0000072971-22-000096,derived_q4_from_reported_fy_less_q1_q3,real_public_sec_edgar,20194
WFC,WELLS FARGO & COMPANY/MN,0000072971,2019Q4,2019-12-31,total_assets,Total assets,1927555000000.0,USD,us-gaap,Assets,10-K,2021-02-23,CY2019Q4I,0000072971-21-000197,reported_instant_frame,real_public_sec_edgar,20194
WFC,WELLS FARGO & COMPANY/MN,0000072971,2019Q4,2019-12-31,total_deposits,Total deposits,1322626000000.0,USD,us-gaap,Deposits,10-K,2021-02-23,CY2019Q4I,0000072971-21-000197,reported_instant_frame,real_public_sec_edgar,20194
WFC,WELLS FARGO & COMPANY/MN,0000072971,2019Q4,2019-12-31,total_equity,Total equity,187702000000.0,USD,us-gaap,StockholdersEquityIncludingPortionAttributableToNoncontrollingInterest,10-K,2023-02-21,CY2019Q4I,0000072971-23-000071,reported_instant_frame,real_public_sec_edgar,20194
WFC,WELLS FARGO & COMPANY/MN,0000072971,2019Q4,2019-12-31,total_loans,Total loans,952714000000.0,USD,us-gaap,LoansAndLeasesReceivableNetReportedAmount,10-K,2021-02-23,CY2019Q4I,0000072971-21-000197,reported_instant_frame,real_public_sec_edgar,20194
WFC,WELLS FARGO & COMPANY/MN,0000072971,2020Q1,2020-03-31,interest_expense,Interest expense,3415000000.0,USD,us-gaap,InterestExpense,10-Q,2021-05-05,CY2020Q1,0000072971-21-000221,reported_quarterly_frame,real_public_sec_edgar,20201
WFC,WELLS FARGO & COMPANY/MN,0000072971,2020Q1,2020-03-31,interest_expense_deposits,Interest expense on deposits,1742000000.0,USD,us-gaap,InterestExpenseDeposits,10-Q,2021-05-05,CY2020Q1,0000072971-21-000221,reported_quarterly_frame,real_public_sec_edgar,20201
WFC,WELLS FARGO & COMPANY/MN,0000072971,2020Q1,2020-03-31,interest_income,Interest income,14727000000.0,USD,us-gaap,InterestAndDividendIncomeOperating,10-Q,2021-05-05,CY2020Q1,0000072971-21-000221,reported_quarterly_frame,real_public_sec_edgar,20201
WFC,WELLS FARGO & COMPANY/MN,0000072971,2020Q1,2020-03-31,net_income,Net income,653000000.0,USD,us-gaap,NetIncomeLoss,10-Q,2021-05-05,CY2020Q1,0000072971-21-000221,reported_quarterly_frame,real_public_sec_edgar,20201
WFC,WELLS FARGO & COMPANY/MN,0000072971,2020Q1,2020-03-31,noninterest_expense,Noninterest expense,13048000000.0,USD,us-gaap,NoninterestExpense,10-Q,2021-05-05,CY2020Q1,0000072971-21-000221,reported_quarterly_frame,real_public_sec_edgar,20201
WFC,WELLS FARGO & COMPANY/MN,0000072971,2020Q1,2020-03-31,noninterest_income,Noninterest income,6405000000.0,USD,us-gaap,NoninterestIncome,10-Q,2021-05-05,CY2020Q1,0000072971-21-000221,reported_quarterly_frame,real_public_sec_edgar,20201
WFC,WELLS FARGO & COMPANY/MN,0000072971,2020Q1,2020-03-31,total_assets,Total assets,1981349000000.0,USD,us-gaap,Assets,10-Q,2021-05-05,CY2020Q1I,0000072971-21-000221,reported_instant_frame,real_public_sec_edgar,20201
WFC,WELLS FARGO & COMPANY/MN,0000072971,2020Q1,2020-03-31,total_deposits,Total deposits,1376532000000.0,USD,us-gaap,Deposits,10-Q,2021-05-05,CY2020Q1I,0000072971-21-000221,reported_instant_frame,real_public_sec_edgar,20201
WFC,WELLS FARGO & COMPANY/MN,0000072971,2020Q1,2020-03-31,total_equity,Total equity,183310000000.0,USD,us-gaap,StockholdersEquityIncludingPortionAttributableToNoncontrollingInterest,10-Q,2021-07-28,CY2020Q1I,0000072971-21-000267,reported_instant_frame,real_public_sec_edgar,20201
WFC,WELLS FARGO & COMPANY/MN,0000072971,2020Q1,2020-03-31,total_loans,Total loans,998580000000.0,USD,us-gaap,LoansAndLeasesReceivableNetReportedAmount,10-Q,2020-05-05,CY2020Q1I,0000072971-20-000236,reported_instant_frame,real_public_sec_edgar,20201
WFC,WELLS FARGO & COMPANY/MN,0000072971,2020Q2,2020-06-30,interest_expense,Interest expense,1921000000.0,USD,us-gaap,InterestExpense,10-Q,2021-07-28,CY2020Q2,0000072971-21-000267,reported_quarterly_frame,real_public_sec_edgar,20202
WFC,WELLS FARGO & COMPANY/MN,0000072971,2020Q2,2020-06-30,interest_expense_deposits,Interest expense on deposits,585000000.0,USD,us-gaap,InterestExpenseDeposits,10-Q,2021-07-28,CY2020Q2,0000072971-21-000267,reported_quarterly_frame,real_public_sec_edgar,20202
WFC,WELLS FARGO & COMPANY/MN,0000072971,2020Q2,2020-06-30,interest_income,Interest income,11813000000.0,USD,us-gaap,InterestAndDividendIncomeOperating,10-Q,2021-07-28,CY2020Q2,0000072971-21-000267,reported_quarterly_frame,real_public_sec_edgar,20202
WFC,WELLS FARGO & COMPANY/MN,0000072971,2020Q2,2020-06-30,net_income,Net income,-3846000000.0,USD,us-gaap,NetIncomeLoss,10-Q,2021-07-28,CY2020Q2,0000072971-21-000267,reported_quarterly_frame,real_public_sec_edgar,20202
WFC,WELLS FARGO & COMPANY/MN,0000072971,2020Q2,2020-06-30,noninterest_expense,Noninterest expense,14551000000.0,USD,us-gaap,NoninterestExpense,10-Q,2021-07-28,CY2020Q2,0000072971-21-000267,reported_quarterly_frame,real_public_sec_edgar,20202
WFC,WELLS FARGO & COMPANY/MN,0000072971,2020Q2,2020-06-30,noninterest_income,Noninterest income,8394000000.0,USD,us-gaap,NoninterestIncome,10-Q,2021-07-28,CY2020Q2,0000072971-21-000267,reported_quarterly_frame,real_public_sec_edgar,20202
WFC,WELLS FARGO & COMPANY/MN,0000072971,2020Q2,2020-06-30,total_assets,Total assets,1967048000000.0,USD,us-gaap,Assets,10-Q,2021-07-28,CY2020Q2I,0000072971-21-000267,reported_instant_frame,real_public_sec_edgar,20202
WFC,WELLS FARGO & COMPANY/MN,0000072971,2020Q2,2020-06-30,total_deposits,Total deposits,1410711000000.0,USD,us-gaap,Deposits,10-Q,2021-07-28,CY2020Q2I,0000072971-21-000267,reported_instant_frame,real_public_sec_edgar,20202
WFC,WELLS FARGO & COMPANY/MN,0000072971,2020Q2,2020-06-30,total_equity,Total equity,178635000000.0,USD,us-gaap,StockholdersEquityIncludingPortionAttributableToNoncontrollingInterest,10-Q,2021-11-01,CY2020Q2I,0000072971-21-000317,reported_instant_frame,real_public_sec_edgar,20202
WFC,WELLS FARGO & COMPANY/MN,0000072971,2020Q2,2020-06-30,total_loans,Total loans,916229000000.0,USD,us-gaap,LoansAndLeasesReceivableNetReportedAmount,10-Q,2020-08-04,CY2020Q2I,0000072971-20-000288,reported_instant_frame,real_public_sec_edgar,20202
WFC,WELLS FARGO & COMPANY/MN,0000072971,2020Q3,2020-09-30,interest_expense,Interest expense,1432000000.0,USD,us-gaap,InterestExpense,10-Q,2021-11-01,CY2020Q3,0000072971-21-000317,reported_quarterly_frame,real_public_sec_edgar,20203
WFC,WELLS FARGO & COMPANY/MN,0000072971,2020Q3,2020-09-30,interest_expense_deposits,Interest expense on deposits,314000000.0,USD,us-gaap,InterestExpenseDeposits,10-Q,2021-11-01,CY2020Q3,0000072971-21-000317,reported_quarterly_frame,real_public_sec_edgar,20203
WFC,WELLS FARGO & COMPANY/MN,0000072971,2020Q3,2020-09-30,interest_income,Interest income,10811000000.0,USD,us-gaap,InterestAndDividendIncomeOperating,10-Q,2021-11-01,CY2020Q3,0000072971-21-000317,reported_quarterly_frame,real_public_sec_edgar,20203
WFC,WELLS FARGO & COMPANY/MN,0000072971,2020Q3,2020-09-30,net_income,Net income,3216000000.0,USD,us-gaap,NetIncomeLoss,10-Q,2021-11-01,CY2020Q3,0000072971-21-000317,reported_quarterly_frame,real_public_sec_edgar,20203
WFC,WELLS FARGO & COMPANY/MN,0000072971,2020Q3,2020-09-30,noninterest_expense,Noninterest expense,15229000000.0,USD,us-gaap,NoninterestExpense,10-Q,2021-11-01,CY2020Q3,0000072971-21-000317,reported_quarterly_frame,real_public_sec_edgar,20203
WFC,WELLS FARGO & COMPANY/MN,0000072971,2020Q3,2020-09-30,noninterest_income,Noninterest income,9937000000.0,USD,us-gaap,NoninterestIncome,10-Q,2021-11-01,CY2020Q3,0000072971-21-000317,reported_quarterly_frame,real_public_sec_edgar,20203
WFC,WELLS FARGO & COMPANY/MN,0000072971,2020Q3,2020-09-30,total_assets,Total assets,1920399000000.0,USD,us-gaap,Assets,10-Q,2021-11-01,CY2020Q3I,0000072971-21-000317,reported_instant_frame,real_public_sec_edgar,20203
WFC,WELLS FARGO & COMPANY/MN,0000072971,2020Q3,2020-09-30,total_deposits,Total deposits,1383215000000.0,USD,us-gaap,Deposits,10-Q,2021-11-01,CY2020Q3I,0000072971-21-000317,reported_instant_frame,real_public_sec_edgar,20203
WFC,WELLS FARGO & COMPANY/MN,0000072971,2020Q3,2020-09-30,total_equity,Total equity,181727000000.0,USD,us-gaap,StockholdersEquityIncludingPortionAttributableToNoncontrollingInterest,10-Q,2021-11-01,CY2020Q3I,0000072971-21-000317,reported_instant_frame,real_public_sec_edgar,20203
WFC,WELLS FARGO & COMPANY/MN,0000072971,2020Q3,2020-09-30,total_loans,Total loans,900619000000.0,USD,us-gaap,LoansAndLeasesReceivableNetReportedAmount,10-Q,2020-11-02,CY2020Q3I,0000072971-20-000338,reported_instant_frame,real_public_sec_edgar,20203
WFC,WELLS FARGO & COMPANY/MN,0000072971,2020Q4,2020-12-31,interest_expense,Interest expense,1195000000.0,USD,us-gaap,InterestExpense,10-K-derived,2023-02-21,CY2020Q4_DERIVED,0000072971-23-000071,derived_q4_from_reported_fy_less_q1_q3,real_public_sec_edgar,20204
WFC,WELLS FARGO & COMPANY/MN,0000072971,2020Q4,2020-12-31,interest_expense_deposits,Interest expense on deposits,163000000.0,USD,us-gaap,InterestExpenseDeposits,10-K-derived,2023-02-21,CY2020Q4_DERIVED,0000072971-23-000071,derived_q4_from_reported_fy_less_q1_q3,real_public_sec_edgar,20204
WFC,WELLS FARGO & COMPANY/MN,0000072971,2020Q4,2020-12-31,interest_income,Interest income,10568000000.0,USD,us-gaap,InterestAndDividendIncomeOperating,10-K-derived,2023-02-21,CY2020Q4_DERIVED,0000072971-23-000071,derived_q4_from_reported_fy_less_q1_q3,real_public_sec_edgar,20204
WFC,WELLS FARGO & COMPANY/MN,0000072971,2020Q4,2020-12-31,net_income,Net income,3354000000.0,USD,us-gaap,NetIncomeLoss,10-K-derived,2023-02-21,CY2020Q4_DERIVED,0000072971-23-000071,derived_q4_from_reported_fy_less_q1_q3,real_public_sec_edgar,20204
WFC,WELLS FARGO & COMPANY/MN,0000072971,2020Q4,2020-12-31,noninterest_expense,Noninterest expense,14802000000.0,USD,us-gaap,NoninterestExpense,10-K-derived,2023-02-21,CY2020Q4_DERIVED,0000072971-23-000071,derived_q4_from_reported_fy_less_q1_q3,real_public_sec_edgar,20204
WFC,WELLS FARGO & COMPANY/MN,0000072971,2020Q4,2020-12-31,noninterest_income,Noninterest income,9572000000.0,USD,us-gaap,NoninterestIncome,10-K-derived,2023-02-21,CY2020Q4_DERIVED,0000072971-23-000071,derived_q4_from_reported_fy_less_q1_q3,real_public_sec_edgar,20204
WFC,WELLS FARGO & COMPANY/MN,0000072971,2020Q4,2020-12-31,total_assets,Total assets,1952911000000.0,USD,us-gaap,Assets,10-K,2022-02-22,CY2020Q4I,0000072971-22-000096,reported_instant_frame,real_public_sec_edgar,20204
WFC,WELLS FARGO & COMPANY/MN,0000072971,2020Q4,2020-12-31,total_deposits,Total deposits,1404381000000.0,USD,us-gaap,Deposits,10-K,2022-02-22,CY2020Q4I,0000072971-22-000096,reported_instant_frame,real_public_sec_edgar,20204
WFC,WELLS FARGO & COMPANY/MN,0000072971,2020Q4,2020-12-31,total_equity,Total equity,184994000000.0,USD,us-gaap,StockholdersEquityIncludingPortionAttributableToNoncontrollingInterest,10-K,2024-02-20,CY2020Q4I,0000072971-24-000064,reported_instant_frame,real_public_sec_edgar,20204
WFC,WELLS FARGO & COMPANY/MN,0000072971,2020Q4,2020-12-31,total_loans,Total loans,869121000000.0,USD,us-gaap,LoansAndLeasesReceivableNetReportedAmount,10-K,2022-02-22,CY2020Q4I,0000072971-22-000096,reported_instant_frame,real_public_sec_edgar,20204
WFC,WELLS FARGO & COMPANY/MN,0000072971,2021Q1,2021-03-31,interest_expense,Interest expense,1238000000.0,USD,us-gaap,InterestExpense,10-Q,2022-05-03,CY2021Q1,0000072971-22-000113,reported_quarterly_frame,real_public_sec_edgar,20211
WFC,WELLS FARGO & COMPANY/MN,0000072971,2021Q1,2021-03-31,interest_expense_deposits,Interest expense on deposits,112000000.0,USD,us-gaap,InterestExpenseDeposits,10-Q,2022-05-03,CY2021Q1,0000072971-22-000113,reported_quarterly_frame,real_public_sec_edgar,20211
WFC,WELLS FARGO & COMPANY/MN,0000072971,2021Q1,2021-03-31,interest_income,Interest income,10046000000.0,USD,us-gaap,InterestAndDividendIncomeOperating,10-Q,2022-05-03,CY2021Q1,0000072971-22-000113,reported_quarterly_frame,real_public_sec_edgar,20211
WFC,WELLS FARGO & COMPANY/MN,0000072971,2021Q1,2021-03-31,net_income,Net income,4636000000.0,USD,us-gaap,NetIncomeLoss,10-Q,2022-05-03,CY2021Q1,0000072971-22-000113,reported_quarterly_frame,real_public_sec_edgar,20211
WFC,WELLS FARGO & COMPANY/MN,0000072971,2021Q1,2021-03-31,noninterest_expense,Noninterest expense,13989000000.0,USD,us-gaap,NoninterestExpense,10-Q,2022-05-03,CY2021Q1,0000072971-22-000113,reported_quarterly_frame,real_public_sec_edgar,20211
WFC,WELLS FARGO & COMPANY/MN,0000072971,2021Q1,2021-03-31,noninterest_income,Noninterest income,9724000000.0,USD,us-gaap,NoninterestIncome,10-Q,2022-05-03,CY2021Q1,0000072971-22-000113,reported_quarterly_frame,real_public_sec_edgar,20211
WFC,WELLS FARGO & COMPANY/MN,0000072971,2021Q1,2021-03-31,total_assets,Total assets,1957264000000.0,USD,us-gaap,Assets,10-Q,2022-05-03,CY2021Q1I,0000072971-22-000113,reported_instant_frame,real_public_sec_edgar,20211
WFC,WELLS FARGO & COMPANY/MN,0000072971,2021Q1,2021-03-31,total_deposits,Total deposits,1437119000000.0,USD,us-gaap,Deposits,10-Q,2022-05-03,CY2021Q1I,0000072971-22-000113,reported_instant_frame,real_public_sec_edgar,20211
WFC,WELLS FARGO & COMPANY/MN,0000072971,2021Q1,2021-03-31,total_equity,Total equity,188034000000.0,USD,us-gaap,StockholdersEquityIncludingPortionAttributableToNoncontrollingInterest,10-Q,2022-08-01,CY2021Q1I,0000072971-22-000174,reported_instant_frame,real_public_sec_edgar,20211
WFC,WELLS FARGO & COMPANY/MN,0000072971,2021Q1,2021-03-31,total_loans,Total loans,844644000000.0,USD,us-gaap,LoansAndLeasesReceivableNetReportedAmount,10-Q,2021-05-05,CY2021Q1I,0000072971-21-000221,reported_instant_frame,real_public_sec_edgar,20211
WFC,WELLS FARGO & COMPANY/MN,0000072971,2021Q2,2021-06-30,interest_expense,Interest expense,893000000.0,USD,us-gaap,InterestExpense,10-Q,2022-08-01,CY2021Q2,0000072971-22-000174,reported_quarterly_frame,real_public_sec_edgar,20212
WFC,WELLS FARGO & COMPANY/MN,0000072971,2021Q2,2021-06-30,interest_expense_deposits,Interest expense on deposits,92000000.0,USD,us-gaap,InterestExpenseDeposits,10-Q,2022-08-01,CY2021Q2,0000072971-22-000174,reported_quarterly_frame,real_public_sec_edgar,20212
WFC,WELLS FARGO & COMPANY/MN,0000072971,2021Q2,2021-06-30,interest_income,Interest income,9693000000.0,USD,us-gaap,InterestAndDividendIncomeOperating,10-Q,2022-08-01,CY2021Q2,0000072971-22-000174,reported_quarterly_frame,real_public_sec_edgar,20212
WFC,WELLS FARGO & COMPANY/MN,0000072971,2021Q2,2021-06-30,net_income,Net income,6040000000.0,USD,us-gaap,NetIncomeLoss,10-Q,2022-08-01,CY2021Q2,0000072971-22-000174,reported_quarterly_frame,real_public_sec_edgar,20212
WFC,WELLS FARGO & COMPANY/MN,0000072971,2021Q2,2021-06-30,noninterest_expense,Noninterest expense,13341000000.0,USD,us-gaap,NoninterestExpense,10-Q,2022-08-01,CY2021Q2,0000072971-22-000174,reported_quarterly_frame,real_public_sec_edgar,20212
WFC,WELLS FARGO & COMPANY/MN,0000072971,2021Q2,2021-06-30,noninterest_income,Noninterest income,11470000000.0,USD,us-gaap,NoninterestIncome,10-Q,2022-08-01,CY2021Q2,0000072971-22-000174,reported_quarterly_frame,real_public_sec_edgar,20212
WFC,WELLS FARGO & COMPANY/MN,0000072971,2021Q2,2021-06-30,total_assets,Total assets,1945996000000.0,USD,us-gaap,Assets,10-Q,2022-08-01,CY2021Q2I,0000072971-22-000174,reported_instant_frame,real_public_sec_edgar,20212
WFC,WELLS FARGO & COMPANY/MN,0000072971,2021Q2,2021-06-30,total_deposits,Total deposits,1440472000000.0,USD,us-gaap,Deposits,10-Q,2022-08-01,CY2021Q2I,0000072971-22-000174,reported_instant_frame,real_public_sec_edgar,20212
WFC,WELLS FARGO & COMPANY/MN,0000072971,2021Q2,2021-06-30,total_equity,Total equity,193127000000.0,USD,us-gaap,StockholdersEquityIncludingPortionAttributableToNoncontrollingInterest,10-Q,2022-10-31,CY2021Q2I,0000072971-22-000205,reported_instant_frame,real_public_sec_edgar,20212
WFC,WELLS FARGO & COMPANY/MN,0000072971,2021Q2,2021-06-30,total_loans,Total loans,837152000000.0,USD,us-gaap,LoansAndLeasesReceivableNetReportedAmount,10-Q,2021-07-28,CY2021Q2I,0000072971-21-000267,reported_instant_frame,real_public_sec_edgar,20212
WFC,WELLS FARGO & COMPANY/MN,0000072971,2021Q3,2021-09-30,interest_expense,Interest expense,925000000.0,USD,us-gaap,InterestExpense,10-Q,2022-10-31,CY2021Q3,0000072971-22-000205,reported_quarterly_frame,real_public_sec_edgar,20213
WFC,WELLS FARGO & COMPANY/MN,0000072971,2021Q3,2021-09-30,interest_expense_deposits,Interest expense on deposits,99000000.0,USD,us-gaap,InterestExpenseDeposits,10-Q,2022-10-31,CY2021Q3,0000072971-22-000205,reported_quarterly_frame,real_public_sec_edgar,20213
WFC,WELLS FARGO & COMPANY/MN,0000072971,2021Q3,2021-09-30,interest_income,Interest income,9834000000.0,USD,us-gaap,InterestAndDividendIncomeOperating,10-Q,2022-10-31,CY2021Q3,0000072971-22-000205,reported_quarterly_frame,real_public_sec_edgar,20213
WFC,WELLS FARGO & COMPANY/MN,0000072971,2021Q3,2021-09-30,net_income,Net income,5122000000.0,USD,us-gaap,NetIncomeLoss,10-Q,2022-10-31,CY2021Q3,0000072971-22-000205,reported_quarterly_frame,real_public_sec_edgar,20213
WFC,WELLS FARGO & COMPANY/MN,0000072971,2021Q3,2021-09-30,noninterest_expense,Noninterest expense,13303000000.0,USD,us-gaap,NoninterestExpense,10-Q,2022-10-31,CY2021Q3,0000072971-22-000205,reported_quarterly_frame,real_public_sec_edgar,20213
WFC,WELLS FARGO & COMPANY/MN,0000072971,2021Q3,2021-09-30,noninterest_income,Noninterest income,9925000000.0,USD,us-gaap,NoninterestIncome,10-Q,2022-10-31,CY2021Q3,0000072971-22-000205,reported_quarterly_frame,real_public_sec_edgar,20213
WFC,WELLS FARGO & COMPANY/MN,0000072971,2021Q3,2021-09-30,total_assets,Total assets,1954901000000.0,USD,us-gaap,Assets,10-Q,2022-10-31,CY2021Q3I,0000072971-22-000205,reported_instant_frame,real_public_sec_edgar,20213
WFC,WELLS FARGO & COMPANY/MN,0000072971,2021Q3,2021-09-30,total_deposits,Total deposits,1470379000000.0,USD,us-gaap,Deposits,10-Q,2022-10-31,CY2021Q3I,0000072971-22-000205,reported_instant_frame,real_public_sec_edgar,20213
WFC,WELLS FARGO & COMPANY/MN,0000072971,2021Q3,2021-09-30,total_equity,Total equity,191071000000.0,USD,us-gaap,StockholdersEquityIncludingPortionAttributableToNoncontrollingInterest,10-Q,2022-10-31,CY2021Q3I,0000072971-22-000205,reported_instant_frame,real_public_sec_edgar,20213
WFC,WELLS FARGO & COMPANY/MN,0000072971,2021Q3,2021-09-30,total_loans,Total loans,849310000000.0,USD,us-gaap,LoansAndLeasesReceivableNetReportedAmount,10-Q,2021-11-01,CY2021Q3I,0000072971-21-000317,reported_instant_frame,real_public_sec_edgar,20213
WFC,WELLS FARGO & COMPANY/MN,0000072971,2021Q4,2021-12-31,interest_expense,Interest expense,859000000.0,USD,us-gaap,InterestExpense,10-K-derived,2024-02-20,CY2021Q4_DERIVED,0000072971-24-000064,derived_q4_from_reported_fy_less_q1_q3,real_public_sec_edgar,20214
WFC,WELLS FARGO & COMPANY/MN,0000072971,2021Q4,2021-12-31,interest_expense_deposits,Interest expense on deposits,85000000.0,USD,us-gaap,InterestExpenseDeposits,10-K-derived,2024-02-20,CY2021Q4_DERIVED,0000072971-24-000064,derived_q4_from_reported_fy_less_q1_q3,real_public_sec_edgar,20214
WFC,WELLS FARGO & COMPANY/MN,0000072971,2021Q4,2021-12-31,interest_income,Interest income,10121000000.0,USD,us-gaap,InterestAndDividendIncomeOperating,10-K-derived,2024-02-20,CY2021Q4_DERIVED,0000072971-24-000064,derived_q4_from_reported_fy_less_q1_q3,real_public_sec_edgar,20214
WFC,WELLS FARGO & COMPANY/MN,0000072971,2021Q4,2021-12-31,net_income,Net income,6311000000.0,USD,us-gaap,NetIncomeLoss,10-K-derived,2024-02-20,CY2021Q4_DERIVED,0000072971-24-000064,derived_q4_from_reported_fy_less_q1_q3,real_public_sec_edgar,20214
WFC,WELLS FARGO & COMPANY/MN,0000072971,2021Q4,2021-12-31,noninterest_expense,Noninterest expense,13125000000.0,USD,us-gaap,NoninterestExpense,10-K-derived,2024-02-20,CY2021Q4_DERIVED,0000072971-24-000064,derived_q4_from_reported_fy_less_q1_q3,real_public_sec_edgar,20214
WFC,WELLS FARGO & COMPANY/MN,0000072971,2021Q4,2021-12-31,noninterest_income,Noninterest income,12268000000.0,USD,us-gaap,NoninterestIncome,10-K-derived,2024-02-20,CY2021Q4_DERIVED,0000072971-24-000064,derived_q4_from_reported_fy_less_q1_q3,real_public_sec_edgar,20214
WFC,WELLS FARGO & COMPANY/MN,0000072971,2021Q4,2021-12-31,total_assets,Total assets,1948068000000.0,USD,us-gaap,Assets,10-K,2023-02-21,CY2021Q4I,0000072971-23-000071,reported_instant_frame,real_public_sec_edgar,20214
WFC,WELLS FARGO & COMPANY/MN,0000072971,2021Q4,2021-12-31,total_deposits,Total deposits,1482479000000.0,USD,us-gaap,Deposits,10-K,2023-02-21,CY2021Q4I,0000072971-23-000071,reported_instant_frame,real_public_sec_edgar,20214
WFC,WELLS FARGO & COMPANY/MN,0000072971,2021Q4,2021-12-31,total_equity,Total equity,189889000000.0,USD,us-gaap,StockholdersEquityIncludingPortionAttributableToNoncontrollingInterest,10-K,2024-02-20,CY2021Q4I,0000072971-24-000064,reported_instant_frame,real_public_sec_edgar,20214
WFC,WELLS FARGO & COMPANY/MN,0000072971,2021Q4,2021-12-31,total_loans,Total loans,882904000000.0,USD,us-gaap,LoansAndLeasesReceivableNetReportedAmount,10-Q,2022-08-01,CY2021Q4I,0000072971-22-000174,reported_instant_frame,real_public_sec_edgar,20214
WFC,WELLS FARGO & COMPANY/MN,0000072971,2022Q1,2022-03-31,interest_expense,Interest expense,960000000.0,USD,us-gaap,InterestExpense,10-Q,2023-05-02,CY2022Q1,0000072971-23-000102,reported_quarterly_frame,real_public_sec_edgar,20221
WFC,WELLS FARGO & COMPANY/MN,0000072971,2022Q1,2022-03-31,interest_expense_deposits,Interest expense on deposits,83000000.0,USD,us-gaap,InterestExpenseDeposits,10-Q,2023-05-02,CY2022Q1,0000072971-23-000102,reported_quarterly_frame,real_public_sec_edgar,20221
WFC,WELLS FARGO & COMPANY/MN,0000072971,2022Q1,2022-03-31,interest_income,Interest income,10181000000.0,USD,us-gaap,InterestAndDividendIncomeOperating,10-Q,2023-05-02,CY2022Q1,0000072971-23-000102,reported_quarterly_frame,real_public_sec_edgar,20221
WFC,WELLS FARGO & COMPANY/MN,0000072971,2022Q1,2022-03-31,net_income,Net income,3788000000.0,USD,us-gaap,NetIncomeLoss,10-Q,2023-05-02,CY2022Q1,0000072971-23-000102,reported_quarterly_frame,real_public_sec_edgar,20221
WFC,WELLS FARGO & COMPANY/MN,0000072971,2022Q1,2022-03-31,noninterest_expense,Noninterest expense,13851000000.0,USD,us-gaap,NoninterestExpense,10-Q,2023-05-02,CY2022Q1,0000072971-23-000102,reported_quarterly_frame,real_public_sec_edgar,20221
WFC,WELLS FARGO & COMPANY/MN,0000072971,2022Q1,2022-03-31,noninterest_income,Noninterest income,8507000000.0,USD,us-gaap,NoninterestIncome,10-Q,2023-05-02,CY2022Q1,0000072971-23-000102,reported_quarterly_frame,real_public_sec_edgar,20221
WFC,WELLS FARGO & COMPANY/MN,0000072971,2022Q1,2022-03-31,total_assets,Total assets,1939709000000.0,USD,us-gaap,Assets,10-Q,2023-05-02,CY2022Q1I,0000072971-23-000102,reported_instant_frame,real_public_sec_edgar,20221
WFC,WELLS FARGO & COMPANY/MN,0000072971,2022Q1,2022-03-31,total_deposits,Total deposits,1481354000000.0,USD,us-gaap,Deposits,10-Q,2023-05-02,CY2022Q1I,0000072971-23-000102,reported_instant_frame,real_public_sec_edgar,20221
WFC,WELLS FARGO & COMPANY/MN,0000072971,2022Q1,2022-03-31,total_equity,Total equity,181597000000.0,USD,us-gaap,StockholdersEquityIncludingPortionAttributableToNoncontrollingInterest,10-Q,2023-08-01,CY2022Q1I,0000072971-23-000138,reported_instant_frame,real_public_sec_edgar,20221
WFC,WELLS FARGO & COMPANY/MN,0000072971,2022Q1,2022-03-31,total_loans,Total loans,900303000000.0,USD,us-gaap,LoansAndLeasesReceivableNetReportedAmount,10-Q,2022-05-03,CY2022Q1I,0000072971-22-000113,reported_instant_frame,real_public_sec_edgar,20221
WFC,WELLS FARGO & COMPANY/MN,0000072971,2022Q2,2022-06-30,interest_expense,Interest expense,1358000000.0,USD,us-gaap,InterestExpense,10-Q,2023-08-01,CY2022Q2,0000072971-23-000138,reported_quarterly_frame,real_public_sec_edgar,20222
WFC,WELLS FARGO & COMPANY/MN,0000072971,2022Q2,2022-06-30,interest_expense_deposits,Interest expense on deposits,158000000.0,USD,us-gaap,InterestExpenseDeposits,10-Q,2023-08-01,CY2022Q2,0000072971-23-000138,reported_quarterly_frame,real_public_sec_edgar,20222
WFC,WELLS FARGO & COMPANY/MN,0000072971,2022Q2,2022-06-30,interest_income,Interest income,11556000000.0,USD,us-gaap,InterestAndDividendIncomeOperating,10-Q,2023-08-01,CY2022Q2,0000072971-23-000138,reported_quarterly_frame,real_public_sec_edgar,20222
WFC,WELLS FARGO & COMPANY/MN,0000072971,2022Q2,2022-06-30,net_income,Net income,3142000000.0,USD,us-gaap,NetIncomeLoss,10-Q,2023-08-01,CY2022Q2,0000072971-23-000138,reported_quarterly_frame,real_public_sec_edgar,20222
WFC,WELLS FARGO & COMPANY/MN,0000072971,2022Q2,2022-06-30,noninterest_expense,Noninterest expense,12862000000.0,USD,us-gaap,NoninterestExpense,10-Q,2023-08-01,CY2022Q2,0000072971-23-000138,reported_quarterly_frame,real_public_sec_edgar,20222
WFC,WELLS FARGO & COMPANY/MN,0000072971,2022Q2,2022-06-30,noninterest_income,Noninterest income,6842000000.0,USD,us-gaap,NoninterestIncome,10-Q,2023-08-01,CY2022Q2,0000072971-23-000138,reported_quarterly_frame,real_public_sec_edgar,20222
WFC,WELLS FARGO & COMPANY/MN,0000072971,2022Q2,2022-06-30,total_assets,Total assets,1881141000000.0,USD,us-gaap,Assets,10-Q,2023-08-01,CY2022Q2I,0000072971-23-000138,reported_instant_frame,real_public_sec_edgar,20222
WFC,WELLS FARGO & COMPANY/MN,0000072971,2022Q2,2022-06-30,total_deposits,Total deposits,1425153000000.0,USD,us-gaap,Deposits,10-Q,2023-08-01,CY2022Q2I,0000072971-23-000138,reported_instant_frame,real_public_sec_edgar,20222
WFC,WELLS FARGO & COMPANY/MN,0000072971,2022Q2,2022-06-30,total_equity,Total equity,179798000000.0,USD,us-gaap,StockholdersEquityIncludingPortionAttributableToNoncontrollingInterest,10-Q,2023-10-31,CY2022Q2I,0000072971-23-000170,reported_instant_frame,real_public_sec_edgar,20222
WFC,WELLS FARGO & COMPANY/MN,0000072971,2022Q2,2022-06-30,total_loans,Total loans,931948000000.0,USD,us-gaap,LoansAndLeasesReceivableNetReportedAmount,10-Q,2022-08-01,CY2022Q2I,0000072971-22-000174,reported_instant_frame,real_public_sec_edgar,20222
WFC,WELLS FARGO & COMPANY/MN,0000072971,2022Q3,2022-09-30,interest_expense,Interest expense,2396000000.0,USD,us-gaap,InterestExpense,10-Q,2023-10-31,CY2022Q3,0000072971-23-000170,reported_quarterly_frame,real_public_sec_edgar,20223
WFC,WELLS FARGO & COMPANY/MN,0000072971,2022Q3,2022-09-30,interest_expense_deposits,Interest expense on deposits,513000000.0,USD,us-gaap,InterestExpenseDeposits,10-Q,2023-10-31,CY2022Q3,0000072971-23-000170,reported_quarterly_frame,real_public_sec_edgar,20223
WFC,WELLS FARGO & COMPANY/MN,0000072971,2022Q3,2022-09-30,interest_income,Interest income,14494000000.0,USD,us-gaap,InterestAndDividendIncomeOperating,10-Q,2023-10-31,CY2022Q3,0000072971-23-000170,reported_quarterly_frame,real_public_sec_edgar,20223
WFC,WELLS FARGO & COMPANY/MN,0000072971,2022Q3,2022-09-30,net_income,Net income,3592000000.0,USD,us-gaap,NetIncomeLoss,10-Q,2023-10-31,CY2022Q3,0000072971-23-000170,reported_quarterly_frame,real_public_sec_edgar,20223
WFC,WELLS FARGO & COMPANY/MN,0000072971,2022Q3,2022-09-30,noninterest_expense,Noninterest expense,14306000000.0,USD,us-gaap,NoninterestExpense,10-Q,2023-10-31,CY2022Q3,0000072971-23-000170,reported_quarterly_frame,real_public_sec_edgar,20223
WFC,WELLS FARGO & COMPANY/MN,0000072971,2022Q3,2022-09-30,noninterest_income,Noninterest income,7468000000.0,USD,us-gaap,NoninterestIncome,10-Q,2023-10-31,CY2022Q3,0000072971-23-000170,reported_quarterly_frame,real_public_sec_edgar,20223
WFC,WELLS FARGO & COMPANY/MN,0000072971,2022Q3,2022-09-30,total_assets,Total assets,1877719000000.0,USD,us-gaap,Assets,10-Q,2023-10-31,CY2022Q3I,0000072971-23-000170,reported_instant_frame,real_public_sec_edgar,20223
WFC,WELLS FARGO & COMPANY/MN,0000072971,2022Q3,2022-09-30,total_deposits,Total deposits,1398151000000.0,USD,us-gaap,Deposits,10-Q,2023-10-31,CY2022Q3I,0000072971-23-000170,reported_instant_frame,real_public_sec_edgar,20223
WFC,WELLS FARGO & COMPANY/MN,0000072971,2022Q3,2022-09-30,total_equity,Total equity,178478000000.0,USD,us-gaap,StockholdersEquityIncludingPortionAttributableToNoncontrollingInterest,10-Q,2023-10-31,CY2022Q3I,0000072971-23-000170,reported_instant_frame,real_public_sec_edgar,20223
WFC,WELLS FARGO & COMPANY/MN,0000072971,2022Q4,2022-12-31,interest_expense,Interest expense,4360000000.0,USD,us-gaap,InterestExpense,10-K-derived,2024-02-20,CY2022Q4_DERIVED,0000072971-24-000064,derived_q4_from_reported_fy_less_q1_q3,real_public_sec_edgar,20224
WFC,WELLS FARGO & COMPANY/MN,0000072971,2022Q4,2022-12-31,interest_expense_deposits,Interest expense on deposits,1595000000.0,USD,us-gaap,InterestExpenseDeposits,10-K-derived,2025-02-25,CY2022Q4_DERIVED,0000072971-25-000066,derived_q4_from_reported_fy_less_q1_q3,real_public_sec_edgar,20224
WFC,WELLS FARGO & COMPANY/MN,0000072971,2022Q4,2022-12-31,interest_income,Interest income,17793000000.0,USD,us-gaap,InterestAndDividendIncomeOperating,10-K-derived,2025-02-25,CY2022Q4_DERIVED,0000072971-25-000066,derived_q4_from_reported_fy_less_q1_q3,real_public_sec_edgar,20224
WFC,WELLS FARGO & COMPANY/MN,0000072971,2022Q4,2022-12-31,net_income,Net income,3155000000.0,USD,us-gaap,NetIncomeLoss,10-K-derived,2025-02-25,CY2022Q4_DERIVED,0000072971-25-000066,derived_q4_from_reported_fy_less_q1_q3,real_public_sec_edgar,20224
WFC,WELLS FARGO & COMPANY/MN,0000072971,2022Q4,2022-12-31,noninterest_expense,Noninterest expense,16186000000.0,USD,us-gaap,NoninterestExpense,10-K-derived,2025-02-25,CY2022Q4_DERIVED,0000072971-25-000066,derived_q4_from_reported_fy_less_q1_q3,real_public_sec_edgar,20224
WFC,WELLS FARGO & COMPANY/MN,0000072971,2022Q4,2022-12-31,noninterest_income,Noninterest income,6601000000.0,USD,us-gaap,NoninterestIncome,10-K-derived,2025-02-25,CY2022Q4_DERIVED,0000072971-25-000066,derived_q4_from_reported_fy_less_q1_q3,real_public_sec_edgar,20224
WFC,WELLS FARGO & COMPANY/MN,0000072971,2022Q4,2022-12-31,total_assets,Total assets,1881020000000.0,USD,us-gaap,Assets,10-K,2024-02-20,CY2022Q4I,0000072971-24-000064,reported_instant_frame,real_public_sec_edgar,20224
WFC,WELLS FARGO & COMPANY/MN,0000072971,2022Q4,2022-12-31,total_deposits,Total deposits,1383985000000.0,USD,us-gaap,Deposits,10-K,2024-02-20,CY2022Q4I,0000072971-24-000064,reported_instant_frame,real_public_sec_edgar,20224
WFC,WELLS FARGO & COMPANY/MN,0000072971,2022Q4,2022-12-31,total_equity,Total equity,182213000000.0,USD,us-gaap,StockholdersEquityIncludingPortionAttributableToNoncontrollingInterest,10-K,2025-02-25,CY2022Q4I,0000072971-25-000066,reported_instant_frame,real_public_sec_edgar,20224
WFC,WELLS FARGO & COMPANY/MN,0000072971,2023Q1,2023-03-31,interest_expense,Interest expense,6020000000.0,USD,us-gaap,InterestExpense,10-Q,2024-05-02,CY2023Q1,0000072971-24-000129,reported_quarterly_frame,real_public_sec_edgar,20231
WFC,WELLS FARGO & COMPANY/MN,0000072971,2023Q1,2023-03-31,interest_expense_deposits,Interest expense on deposits,2761000000.0,USD,us-gaap,InterestExpenseDeposits,10-Q,2024-05-02,CY2023Q1,0000072971-24-000129,reported_quarterly_frame,real_public_sec_edgar,20231
WFC,WELLS FARGO & COMPANY/MN,0000072971,2023Q1,2023-03-31,interest_income,Interest income,19356000000.0,USD,us-gaap,InterestAndDividendIncomeOperating,10-Q,2024-05-02,CY2023Q1,0000072971-24-000129,reported_quarterly_frame,real_public_sec_edgar,20231
WFC,WELLS FARGO & COMPANY/MN,0000072971,2023Q1,2023-03-31,net_income,Net income,4991000000.0,USD,us-gaap,NetIncomeLoss,10-Q,2024-05-02,CY2023Q1,0000072971-24-000129,reported_quarterly_frame,real_public_sec_edgar,20231
WFC,WELLS FARGO & COMPANY/MN,0000072971,2023Q1,2023-03-31,noninterest_expense,Noninterest expense,13676000000.0,USD,us-gaap,NoninterestExpense,10-Q,2024-05-02,CY2023Q1,0000072971-24-000129,reported_quarterly_frame,real_public_sec_edgar,20231
WFC,WELLS FARGO & COMPANY/MN,0000072971,2023Q1,2023-03-31,noninterest_income,Noninterest income,7393000000.0,USD,us-gaap,NoninterestIncome,10-Q,2024-05-02,CY2023Q1,0000072971-24-000129,reported_quarterly_frame,real_public_sec_edgar,20231
WFC,WELLS FARGO & COMPANY/MN,0000072971,2023Q1,2023-03-31,total_assets,Total assets,1886400000000.0,USD,us-gaap,Assets,10-Q,2024-05-02,CY2023Q1I,0000072971-24-000129,reported_instant_frame,real_public_sec_edgar,20231
WFC,WELLS FARGO & COMPANY/MN,0000072971,2023Q1,2023-03-31,total_deposits,Total deposits,1362629000000.0,USD,us-gaap,Deposits,10-Q,2024-05-02,CY2023Q1I,0000072971-24-000129,reported_instant_frame,real_public_sec_edgar,20231
WFC,WELLS FARGO & COMPANY/MN,0000072971,2023Q1,2023-03-31,total_equity,Total equity,183220000000.0,USD,us-gaap,StockholdersEquityIncludingPortionAttributableToNoncontrollingInterest,10-Q,2024-08-01,CY2023Q1I,0000072971-24-000185,reported_instant_frame,real_public_sec_edgar,20231
WFC,WELLS FARGO & COMPANY/MN,0000072971,2023Q2,2023-06-30,interest_expense,Interest expense,7667000000.0,USD,us-gaap,InterestExpense,10-Q,2024-08-01,CY2023Q2,0000072971-24-000185,reported_quarterly_frame,real_public_sec_edgar,20232
WFC,WELLS FARGO & COMPANY/MN,0000072971,2023Q2,2023-06-30,interest_expense_deposits,Interest expense on deposits,3805000000.0,USD,us-gaap,InterestExpenseDeposits,10-Q,2024-08-01,CY2023Q2,0000072971-24-000185,reported_quarterly_frame,real_public_sec_edgar,20232
WFC,WELLS FARGO & COMPANY/MN,0000072971,2023Q2,2023-06-30,interest_income,Interest income,20830000000.0,USD,us-gaap,InterestAndDividendIncomeOperating,10-Q,2024-08-01,CY2023Q2,0000072971-24-000185,reported_quarterly_frame,real_public_sec_edgar,20232
WFC,WELLS FARGO & COMPANY/MN,0000072971,2023Q2,2023-06-30,net_income,Net income,4938000000.0,USD,us-gaap,NetIncomeLoss,10-Q,2024-08-01,CY2023Q2,0000072971-24-000185,reported_quarterly_frame,real_public_sec_edgar,20232
WFC,WELLS FARGO & COMPANY/MN,0000072971,2023Q2,2023-06-30,noninterest_expense,Noninterest expense,12987000000.0,USD,us-gaap,NoninterestExpense,10-Q,2024-08-01,CY2023Q2,0000072971-24-000185,reported_quarterly_frame,real_public_sec_edgar,20232
WFC,WELLS FARGO & COMPANY/MN,0000072971,2023Q2,2023-06-30,noninterest_income,Noninterest income,7370000000.0,USD,us-gaap,NoninterestIncome,10-Q,2024-08-01,CY2023Q2,0000072971-24-000185,reported_quarterly_frame,real_public_sec_edgar,20232
WFC,WELLS FARGO & COMPANY/MN,0000072971,2023Q2,2023-06-30,total_assets,Total assets,1876320000000.0,USD,us-gaap,Assets,10-Q,2024-08-01,CY2023Q2I,0000072971-24-000185,reported_instant_frame,real_public_sec_edgar,20232
WFC,WELLS FARGO & COMPANY/MN,0000072971,2023Q2,2023-06-30,total_deposits,Total deposits,1344584000000.0,USD,us-gaap,Deposits,10-Q,2024-08-01,CY2023Q2I,0000072971-24-000185,reported_instant_frame,real_public_sec_edgar,20232
WFC,WELLS FARGO & COMPANY/MN,0000072971,2023Q2,2023-06-30,total_equity,Total equity,181952000000.0,USD,us-gaap,StockholdersEquityIncludingPortionAttributableToNoncontrollingInterest,10-Q,2024-10-31,CY2023Q2I,0000072971-24-000243,reported_instant_frame,real_public_sec_edgar,20232
WFC,WELLS FARGO & COMPANY/MN,0000072971,2023Q3,2023-09-30,interest_expense,Interest expense,8988000000.0,USD,us-gaap,InterestExpenseOperating,10-Q,2024-10-31,CY2023Q3,0000072971-24-000243,reported_quarterly_frame,real_public_sec_edgar,20233
WFC,WELLS FARGO & COMPANY/MN,0000072971,2023Q3,2023-09-30,interest_expense_deposits,Interest expense on deposits,4608000000.0,USD,us-gaap,InterestExpenseDeposits,10-Q,2024-10-31,CY2023Q3,0000072971-24-000243,reported_quarterly_frame,real_public_sec_edgar,20233
WFC,WELLS FARGO & COMPANY/MN,0000072971,2023Q3,2023-09-30,interest_income,Interest income,22093000000.0,USD,us-gaap,InterestAndDividendIncomeOperating,10-Q,2024-10-31,CY2023Q3,0000072971-24-000243,reported_quarterly_frame,real_public_sec_edgar,20233
WFC,WELLS FARGO & COMPANY/MN,0000072971,2023Q3,2023-09-30,net_income,Net income,5767000000.0,USD,us-gaap,NetIncomeLoss,10-Q,2024-10-31,CY2023Q3,0000072971-24-000243,reported_quarterly_frame,real_public_sec_edgar,20233
WFC,WELLS FARGO & COMPANY/MN,0000072971,2023Q3,2023-09-30,noninterest_expense,Noninterest expense,13113000000.0,USD,us-gaap,NoninterestExpense,10-Q,2024-10-31,CY2023Q3,0000072971-24-000243,reported_quarterly_frame,real_public_sec_edgar,20233
WFC,WELLS FARGO & COMPANY/MN,0000072971,2023Q3,2023-09-30,noninterest_income,Noninterest income,7752000000.0,USD,us-gaap,NoninterestIncome,10-Q,2024-10-31,CY2023Q3,0000072971-24-000243,reported_quarterly_frame,real_public_sec_edgar,20233
WFC,WELLS FARGO & COMPANY/MN,0000072971,2023Q3,2023-09-30,total_assets,Total assets,1909261000000.0,USD,us-gaap,Assets,10-Q,2024-10-31,CY2023Q3I,0000072971-24-000243,reported_instant_frame,real_public_sec_edgar,20233
WFC,WELLS FARGO & COMPANY/MN,0000072971,2023Q3,2023-09-30,total_deposits,Total deposits,1354010000000.0,USD,us-gaap,Deposits,10-Q,2024-10-31,CY2023Q3I,0000072971-24-000243,reported_instant_frame,real_public_sec_edgar,20233
WFC,WELLS FARGO & COMPANY/MN,0000072971,2023Q3,2023-09-30,total_equity,Total equity,182373000000.0,USD,us-gaap,StockholdersEquityIncludingPortionAttributableToNoncontrollingInterest,10-Q,2024-10-31,CY2023Q3I,0000072971-24-000243,reported_instant_frame,real_public_sec_edgar,20233
WFC,WELLS FARGO & COMPANY/MN,0000072971,2023Q4,2023-12-31,interest_expense,Interest expense,10068000000.0,USD,us-gaap,InterestExpense,10-K-derived,2024-02-20,CY2023Q4_DERIVED,0000072971-24-000064,derived_q4_from_reported_fy_less_q1_q3,real_public_sec_edgar,20234
WFC,WELLS FARGO & COMPANY/MN,0000072971,2023Q4,2023-12-31,interest_expense_deposits,Interest expense on deposits,5329000000.0,USD,us-gaap,InterestExpenseDeposits,10-K-derived,2026-02-24,CY2023Q4_DERIVED,0000072971-26-000133,derived_q4_from_reported_fy_less_q1_q3,real_public_sec_edgar,20234
WFC,WELLS FARGO & COMPANY/MN,0000072971,2023Q4,2023-12-31,interest_income,Interest income,22839000000.0,USD,us-gaap,InterestAndDividendIncomeOperating,10-K-derived,2026-02-24,CY2023Q4_DERIVED,0000072971-26-000133,derived_q4_from_reported_fy_less_q1_q3,real_public_sec_edgar,20234
WFC,WELLS FARGO & COMPANY/MN,0000072971,2023Q4,2023-12-31,net_income,Net income,3446000000.0,USD,us-gaap,NetIncomeLoss,10-K-derived,2026-02-24,CY2023Q4_DERIVED,0000072971-26-000133,derived_q4_from_reported_fy_less_q1_q3,real_public_sec_edgar,20234
WFC,WELLS FARGO & COMPANY/MN,0000072971,2023Q4,2023-12-31,noninterest_expense,Noninterest expense,15786000000.0,USD,us-gaap,NoninterestExpense,10-K-derived,2026-02-24,CY2023Q4_DERIVED,0000072971-26-000133,derived_q4_from_reported_fy_less_q1_q3,real_public_sec_edgar,20234
WFC,WELLS FARGO & COMPANY/MN,0000072971,2023Q4,2023-12-31,noninterest_income,Noninterest income,7707000000.0,USD,us-gaap,NoninterestIncome,10-K-derived,2026-02-24,CY2023Q4_DERIVED,0000072971-26-000133,derived_q4_from_reported_fy_less_q1_q3,real_public_sec_edgar,20234
WFC,WELLS FARGO & COMPANY/MN,0000072971,2023Q4,2023-12-31,total_assets,Total assets,1932468000000.0,USD,us-gaap,Assets,10-K,2025-02-25,CY2023Q4I,0000072971-25-000066,reported_instant_frame,real_public_sec_edgar,20234
WFC,WELLS FARGO & COMPANY/MN,0000072971,2023Q4,2023-12-31,total_deposits,Total deposits,1358173000000.0,USD,us-gaap,Deposits,10-K,2025-02-25,CY2023Q4I,0000072971-25-000066,reported_instant_frame,real_public_sec_edgar,20234
WFC,WELLS FARGO & COMPANY/MN,0000072971,2023Q4,2023-12-31,total_equity,Total equity,187443000000.0,USD,us-gaap,StockholdersEquityIncludingPortionAttributableToNoncontrollingInterest,10-K,2026-02-24,CY2023Q4I,0000072971-26-000133,reported_instant_frame,real_public_sec_edgar,20234
WFC,WELLS FARGO & COMPANY/MN,0000072971,2024Q1,2024-03-31,interest_expense,Interest expense,10613000000.0,USD,us-gaap,InterestExpenseOperating,10-Q,2025-04-29,CY2024Q1,0000072971-25-000129,reported_quarterly_frame,real_public_sec_edgar,20241
WFC,WELLS FARGO & COMPANY/MN,0000072971,2024Q1,2024-03-31,interest_expense_deposits,Interest expense on deposits,5811000000.0,USD,us-gaap,InterestExpenseDeposits,10-Q,2025-04-29,CY2024Q1,0000072971-25-000129,reported_quarterly_frame,real_public_sec_edgar,20241
WFC,WELLS FARGO & COMPANY/MN,0000072971,2024Q1,2024-03-31,interest_income,Interest income,22840000000.0,USD,us-gaap,InterestAndDividendIncomeOperating,10-Q,2025-04-29,CY2024Q1,0000072971-25-000129,reported_quarterly_frame,real_public_sec_edgar,20241
WFC,WELLS FARGO & COMPANY/MN,0000072971,2024Q1,2024-03-31,net_income,Net income,4619000000.0,USD,us-gaap,NetIncomeLoss,10-Q,2025-04-29,CY2024Q1,0000072971-25-000129,reported_quarterly_frame,real_public_sec_edgar,20241
WFC,WELLS FARGO & COMPANY/MN,0000072971,2024Q1,2024-03-31,noninterest_expense,Noninterest expense,14338000000.0,USD,us-gaap,NoninterestExpense,10-Q,2025-04-29,CY2024Q1,0000072971-25-000129,reported_quarterly_frame,real_public_sec_edgar,20241
WFC,WELLS FARGO & COMPANY/MN,0000072971,2024Q1,2024-03-31,noninterest_income,Noninterest income,8636000000.0,USD,us-gaap,NoninterestIncome,10-Q,2025-04-29,CY2024Q1,0000072971-25-000129,reported_quarterly_frame,real_public_sec_edgar,20241
WFC,WELLS FARGO & COMPANY/MN,0000072971,2024Q1,2024-03-31,total_assets,Total assets,1959153000000.0,USD,us-gaap,Assets,10-Q,2025-04-29,CY2024Q1I,0000072971-25-000129,reported_instant_frame,real_public_sec_edgar,20241
WFC,WELLS FARGO & COMPANY/MN,0000072971,2024Q1,2024-03-31,total_deposits,Total deposits,1383147000000.0,USD,us-gaap,Deposits,10-Q,2025-04-29,CY2024Q1I,0000072971-25-000129,reported_instant_frame,real_public_sec_edgar,20241
WFC,WELLS FARGO & COMPANY/MN,0000072971,2024Q1,2024-03-31,total_equity,Total equity,182674000000.0,USD,us-gaap,StockholdersEquityIncludingPortionAttributableToNoncontrollingInterest,10-Q,2025-04-29,CY2024Q1I,0000072971-25-000129,reported_instant_frame,real_public_sec_edgar,20241
WFC,WELLS FARGO & COMPANY/MN,0000072971,2024Q2,2024-06-30,interest_expense,Interest expense,10961000000.0,USD,us-gaap,InterestExpenseOperating,10-Q,2025-08-05,CY2024Q2,0000072971-25-000201,reported_quarterly_frame,real_public_sec_edgar,20242
WFC,WELLS FARGO & COMPANY/MN,0000072971,2024Q2,2024-06-30,interest_expense_deposits,Interest expense on deposits,6149000000.0,USD,us-gaap,InterestExpenseDeposits,10-Q,2025-08-05,CY2024Q2,0000072971-25-000201,reported_quarterly_frame,real_public_sec_edgar,20242
WFC,WELLS FARGO & COMPANY/MN,0000072971,2024Q2,2024-06-30,interest_income,Interest income,22884000000.0,USD,us-gaap,InterestAndDividendIncomeOperating,10-Q,2025-08-05,CY2024Q2,0000072971-25-000201,reported_quarterly_frame,real_public_sec_edgar,20242
WFC,WELLS FARGO & COMPANY/MN,0000072971,2024Q2,2024-06-30,net_income,Net income,4910000000.0,USD,us-gaap,NetIncomeLoss,10-Q,2025-08-05,CY2024Q2,0000072971-25-000201,reported_quarterly_frame,real_public_sec_edgar,20242
WFC,WELLS FARGO & COMPANY/MN,0000072971,2024Q2,2024-06-30,noninterest_expense,Noninterest expense,13293000000.0,USD,us-gaap,NoninterestExpense,10-Q,2025-08-05,CY2024Q2,0000072971-25-000201,reported_quarterly_frame,real_public_sec_edgar,20242
WFC,WELLS FARGO & COMPANY/MN,0000072971,2024Q2,2024-06-30,noninterest_income,Noninterest income,8766000000.0,USD,us-gaap,NoninterestIncome,10-Q,2025-08-05,CY2024Q2,0000072971-25-000201,reported_quarterly_frame,real_public_sec_edgar,20242
WFC,WELLS FARGO & COMPANY/MN,0000072971,2024Q2,2024-06-30,total_assets,Total assets,1940073000000.0,USD,us-gaap,Assets,10-Q,2025-08-05,CY2024Q2I,0000072971-25-000201,reported_instant_frame,real_public_sec_edgar,20242
WFC,WELLS FARGO & COMPANY/MN,0000072971,2024Q2,2024-06-30,total_deposits,Total deposits,1365894000000.0,USD,us-gaap,Deposits,10-Q,2025-08-05,CY2024Q2I,0000072971-25-000201,reported_instant_frame,real_public_sec_edgar,20242
WFC,WELLS FARGO & COMPANY/MN,0000072971,2024Q2,2024-06-30,total_equity,Total equity,178148000000.0,USD,us-gaap,StockholdersEquityIncludingPortionAttributableToNoncontrollingInterest,10-Q,2025-08-05,CY2024Q2I,0000072971-25-000201,reported_instant_frame,real_public_sec_edgar,20242
WFC,WELLS FARGO & COMPANY/MN,0000072971,2024Q3,2024-09-30,interest_expense,Interest expense,11308000000.0,USD,us-gaap,InterestExpenseOperating,10-Q,2025-10-31,CY2024Q3,0000072971-25-000253,reported_quarterly_frame,real_public_sec_edgar,20243
WFC,WELLS FARGO & COMPANY/MN,0000072971,2024Q3,2024-09-30,interest_expense_deposits,Interest expense on deposits,6445000000.0,USD,us-gaap,InterestExpenseDeposits,10-Q,2025-10-31,CY2024Q3,0000072971-25-000253,reported_quarterly_frame,real_public_sec_edgar,20243
WFC,WELLS FARGO & COMPANY/MN,0000072971,2024Q3,2024-09-30,interest_income,Interest income,22998000000.0,USD,us-gaap,InterestAndDividendIncomeOperating,10-Q,2025-10-31,CY2024Q3,0000072971-25-000253,reported_quarterly_frame,real_public_sec_edgar,20243
WFC,WELLS FARGO & COMPANY/MN,0000072971,2024Q3,2024-09-30,net_income,Net income,5114000000.0,USD,us-gaap,NetIncomeLoss,10-Q,2025-10-31,CY2024Q3,0000072971-25-000253,reported_quarterly_frame,real_public_sec_edgar,20243
WFC,WELLS FARGO & COMPANY/MN,0000072971,2024Q3,2024-09-30,noninterest_expense,Noninterest expense,13067000000.0,USD,us-gaap,NoninterestExpense,10-Q,2025-10-31,CY2024Q3,0000072971-25-000253,reported_quarterly_frame,real_public_sec_edgar,20243
WFC,WELLS FARGO & COMPANY/MN,0000072971,2024Q3,2024-09-30,noninterest_income,Noninterest income,8676000000.0,USD,us-gaap,NoninterestIncome,10-Q,2025-10-31,CY2024Q3,0000072971-25-000253,reported_quarterly_frame,real_public_sec_edgar,20243
WFC,WELLS FARGO & COMPANY/MN,0000072971,2024Q3,2024-09-30,total_assets,Total assets,1922125000000.0,USD,us-gaap,Assets,10-Q,2025-10-31,CY2024Q3I,0000072971-25-000253,reported_instant_frame,real_public_sec_edgar,20243
WFC,WELLS FARGO & COMPANY/MN,0000072971,2024Q3,2024-09-30,total_deposits,Total deposits,1349646000000.0,USD,us-gaap,Deposits,10-Q,2025-10-31,CY2024Q3I,0000072971-25-000253,reported_instant_frame,real_public_sec_edgar,20243
WFC,WELLS FARGO & COMPANY/MN,0000072971,2024Q3,2024-09-30,total_equity,Total equity,185011000000.0,USD,us-gaap,StockholdersEquityIncludingPortionAttributableToNoncontrollingInterest,10-Q,2025-10-31,CY2024Q3I,0000072971-25-000253,reported_instant_frame,real_public_sec_edgar,20243
WFC,WELLS FARGO & COMPANY/MN,0000072971,2024Q4,2024-12-31,interest_expense,Interest expense,10219000000.0,USD,us-gaap,InterestExpenseOperating,10-K-derived,2026-02-24,CY2024Q4_DERIVED,0000072971-26-000133,derived_q4_from_reported_fy_less_q1_q3,real_public_sec_edgar,20244
WFC,WELLS FARGO & COMPANY/MN,0000072971,2024Q4,2024-12-31,interest_expense_deposits,Interest expense on deposits,5877000000.0,USD,us-gaap,InterestExpenseDeposits,10-K-derived,2026-02-24,CY2024Q4_DERIVED,0000072971-26-000133,derived_q4_from_reported_fy_less_q1_q3,real_public_sec_edgar,20244
WFC,WELLS FARGO & COMPANY/MN,0000072971,2024Q4,2024-12-31,interest_income,Interest income,22055000000.0,USD,us-gaap,InterestAndDividendIncomeOperating,10-K-derived,2026-02-24,CY2024Q4_DERIVED,0000072971-26-000133,derived_q4_from_reported_fy_less_q1_q3,real_public_sec_edgar,20244
WFC,WELLS FARGO & COMPANY/MN,0000072971,2024Q4,2024-12-31,net_income,Net income,5079000000.0,USD,us-gaap,NetIncomeLoss,10-K-derived,2026-02-24,CY2024Q4_DERIVED,0000072971-26-000133,derived_q4_from_reported_fy_less_q1_q3,real_public_sec_edgar,20244
WFC,WELLS FARGO & COMPANY/MN,0000072971,2024Q4,2024-12-31,noninterest_expense,Noninterest expense,13900000000.0,USD,us-gaap,NoninterestExpense,10-K-derived,2026-02-24,CY2024Q4_DERIVED,0000072971-26-000133,derived_q4_from_reported_fy_less_q1_q3,real_public_sec_edgar,20244
WFC,WELLS FARGO & COMPANY/MN,0000072971,2024Q4,2024-12-31,noninterest_income,Noninterest income,8542000000.0,USD,us-gaap,NoninterestIncome,10-K-derived,2026-02-24,CY2024Q4_DERIVED,0000072971-26-000133,derived_q4_from_reported_fy_less_q1_q3,real_public_sec_edgar,20244
WFC,WELLS FARGO & COMPANY/MN,0000072971,2024Q4,2024-12-31,total_assets,Total assets,1929845000000.0,USD,us-gaap,Assets,10-K,2026-02-24,CY2024Q4I,0000072971-26-000133,reported_instant_frame,real_public_sec_edgar,20244
WFC,WELLS FARGO & COMPANY/MN,0000072971,2024Q4,2024-12-31,total_deposits,Total deposits,1371804000000.0,USD,us-gaap,Deposits,10-K,2026-02-24,CY2024Q4I,0000072971-26-000133,reported_instant_frame,real_public_sec_edgar,20244
WFC,WELLS FARGO & COMPANY/MN,0000072971,2024Q4,2024-12-31,total_equity,Total equity,181066000000.0,USD,us-gaap,StockholdersEquityIncludingPortionAttributableToNoncontrollingInterest,10-K,2026-02-24,CY2024Q4I,0000072971-26-000133,reported_instant_frame,real_public_sec_edgar,20244
WFC,WELLS FARGO & COMPANY/MN,0000072971,2025Q1,2025-03-31,interest_expense,Interest expense,9478000000.0,USD,us-gaap,InterestExpenseOperating,10-Q,2026-04-29,CY2025Q1,0000072971-26-000217,reported_quarterly_frame,real_public_sec_edgar,20251
WFC,WELLS FARGO & COMPANY/MN,0000072971,2025Q1,2025-03-31,interest_expense_deposits,Interest expense on deposits,5209000000.0,USD,us-gaap,InterestExpenseDeposits,10-Q,2026-04-29,CY2025Q1,0000072971-26-000217,reported_quarterly_frame,real_public_sec_edgar,20251
WFC,WELLS FARGO & COMPANY/MN,0000072971,2025Q1,2025-03-31,interest_income,Interest income,20973000000.0,USD,us-gaap,InterestAndDividendIncomeOperating,10-Q,2026-04-29,CY2025Q1,0000072971-26-000217,reported_quarterly_frame,real_public_sec_edgar,20251
WFC,WELLS FARGO & COMPANY/MN,0000072971,2025Q1,2025-03-31,net_income,Net income,4894000000.0,USD,us-gaap,NetIncomeLoss,10-Q,2026-04-29,CY2025Q1,0000072971-26-000217,reported_quarterly_frame,real_public_sec_edgar,20251
WFC,WELLS FARGO & COMPANY/MN,0000072971,2025Q1,2025-03-31,noninterest_expense,Noninterest expense,13891000000.0,USD,us-gaap,NoninterestExpense,10-Q,2026-04-29,CY2025Q1,0000072971-26-000217,reported_quarterly_frame,real_public_sec_edgar,20251
WFC,WELLS FARGO & COMPANY/MN,0000072971,2025Q1,2025-03-31,noninterest_income,Noninterest income,8654000000.0,USD,us-gaap,NoninterestIncome,10-Q,2026-04-29,CY2025Q1,0000072971-26-000217,reported_quarterly_frame,real_public_sec_edgar,20251
WFC,WELLS FARGO & COMPANY/MN,0000072971,2025Q1,2025-03-31,total_assets,Total assets,1950311000000.0,USD,us-gaap,Assets,10-Q,2026-04-29,CY2025Q1I,0000072971-26-000217,reported_instant_frame,real_public_sec_edgar,20251
WFC,WELLS FARGO & COMPANY/MN,0000072971,2025Q1,2025-03-31,total_deposits,Total deposits,1361728000000.0,USD,us-gaap,Deposits,10-Q,2026-04-29,CY2025Q1I,0000072971-26-000217,reported_instant_frame,real_public_sec_edgar,20251
WFC,WELLS FARGO & COMPANY/MN,0000072971,2025Q1,2025-03-31,total_equity,Total equity,182906000000.0,USD,us-gaap,StockholdersEquityIncludingPortionAttributableToNoncontrollingInterest,10-Q,2026-04-29,CY2025Q1I,0000072971-26-000217,reported_instant_frame,real_public_sec_edgar,20251
WFC,WELLS FARGO & COMPANY/MN,0000072971,2025Q2,2025-06-30,interest_expense,Interest expense,9612000000.0,USD,us-gaap,InterestExpenseOperating,10-Q,2025-08-05,CY2025Q2,0000072971-25-000201,reported_quarterly_frame,real_public_sec_edgar,20252
WFC,WELLS FARGO & COMPANY/MN,0000072971,2025Q2,2025-06-30,interest_expense_deposits,Interest expense on deposits,5061000000.0,USD,us-gaap,InterestExpenseDeposits,10-Q,2025-08-05,CY2025Q2,0000072971-25-000201,reported_quarterly_frame,real_public_sec_edgar,20252
WFC,WELLS FARGO & COMPANY/MN,0000072971,2025Q2,2025-06-30,interest_income,Interest income,21320000000.0,USD,us-gaap,InterestAndDividendIncomeOperating,10-Q,2025-08-05,CY2025Q2,0000072971-25-000201,reported_quarterly_frame,real_public_sec_edgar,20252
WFC,WELLS FARGO & COMPANY/MN,0000072971,2025Q2,2025-06-30,net_income,Net income,5494000000.0,USD,us-gaap,NetIncomeLoss,10-Q,2025-08-05,CY2025Q2,0000072971-25-000201,reported_quarterly_frame,real_public_sec_edgar,20252
WFC,WELLS FARGO & COMPANY/MN,0000072971,2025Q2,2025-06-30,noninterest_expense,Noninterest expense,13379000000.0,USD,us-gaap,NoninterestExpense,10-Q,2025-08-05,CY2025Q2,0000072971-25-000201,reported_quarterly_frame,real_public_sec_edgar,20252
WFC,WELLS FARGO & COMPANY/MN,0000072971,2025Q2,2025-06-30,noninterest_income,Noninterest income,9114000000.0,USD,us-gaap,NoninterestIncome,10-Q,2025-08-05,CY2025Q2,0000072971-25-000201,reported_quarterly_frame,real_public_sec_edgar,20252
WFC,WELLS FARGO & COMPANY/MN,0000072971,2025Q2,2025-06-30,total_assets,Total assets,1981269000000.0,USD,us-gaap,Assets,10-Q,2025-08-05,CY2025Q2I,0000072971-25-000201,reported_instant_frame,real_public_sec_edgar,20252
WFC,WELLS FARGO & COMPANY/MN,0000072971,2025Q2,2025-06-30,total_deposits,Total deposits,1340703000000.0,USD,us-gaap,Deposits,10-Q,2025-08-05,CY2025Q2I,0000072971-25-000201,reported_instant_frame,real_public_sec_edgar,20252
WFC,WELLS FARGO & COMPANY/MN,0000072971,2025Q2,2025-06-30,total_equity,Total equity,182954000000.0,USD,us-gaap,StockholdersEquityIncludingPortionAttributableToNoncontrollingInterest,10-Q,2025-08-05,CY2025Q2I,0000072971-25-000201,reported_instant_frame,real_public_sec_edgar,20252
WFC,WELLS FARGO & COMPANY/MN,0000072971,2025Q3,2025-09-30,interest_expense,Interest expense,10469000000.0,USD,us-gaap,InterestExpenseOperating,10-Q,2025-10-31,CY2025Q3,0000072971-25-000253,reported_quarterly_frame,real_public_sec_edgar,20253
WFC,WELLS FARGO & COMPANY/MN,0000072971,2025Q3,2025-09-30,interest_expense_deposits,Interest expense on deposits,5188000000.0,USD,us-gaap,InterestExpenseDeposits,10-Q,2025-10-31,CY2025Q3,0000072971-25-000253,reported_quarterly_frame,real_public_sec_edgar,20253
WFC,WELLS FARGO & COMPANY/MN,0000072971,2025Q3,2025-09-30,interest_income,Interest income,22419000000.0,USD,us-gaap,InterestAndDividendIncomeOperating,10-Q,2025-10-31,CY2025Q3,0000072971-25-000253,reported_quarterly_frame,real_public_sec_edgar,20253
WFC,WELLS FARGO & COMPANY/MN,0000072971,2025Q3,2025-09-30,net_income,Net income,5589000000.0,USD,us-gaap,NetIncomeLoss,10-Q,2025-10-31,CY2025Q3,0000072971-25-000253,reported_quarterly_frame,real_public_sec_edgar,20253
WFC,WELLS FARGO & COMPANY/MN,0000072971,2025Q3,2025-09-30,noninterest_expense,Noninterest expense,13846000000.0,USD,us-gaap,NoninterestExpense,10-Q,2025-10-31,CY2025Q3,0000072971-25-000253,reported_quarterly_frame,real_public_sec_edgar,20253
WFC,WELLS FARGO & COMPANY/MN,0000072971,2025Q3,2025-09-30,noninterest_income,Noninterest income,9486000000.0,USD,us-gaap,NoninterestIncome,10-Q,2025-10-31,CY2025Q3,0000072971-25-000253,reported_quarterly_frame,real_public_sec_edgar,20253
WFC,WELLS FARGO & COMPANY/MN,0000072971,2025Q3,2025-09-30,total_assets,Total assets,2062926000000.0,USD,us-gaap,Assets,10-Q,2025-10-31,CY2025Q3I,0000072971-25-000253,reported_instant_frame,real_public_sec_edgar,20253
WFC,WELLS FARGO & COMPANY/MN,0000072971,2025Q3,2025-09-30,total_deposits,Total deposits,1367361000000.0,USD,us-gaap,Deposits,10-Q,2025-10-31,CY2025Q3I,0000072971-25-000253,reported_instant_frame,real_public_sec_edgar,20253
WFC,WELLS FARGO & COMPANY/MN,0000072971,2025Q3,2025-09-30,total_equity,Total equity,183012000000.0,USD,us-gaap,StockholdersEquityIncludingPortionAttributableToNoncontrollingInterest,10-Q,2025-10-31,CY2025Q3I,0000072971-25-000253,reported_instant_frame,real_public_sec_edgar,20253
WFC,WELLS FARGO & COMPANY/MN,0000072971,2025Q4,2025-12-31,interest_expense,Interest expense,10271000000.0,USD,us-gaap,InterestExpenseOperating,10-K-derived,2026-02-24,CY2025Q4_DERIVED,0000072971-26-000133,derived_q4_from_reported_fy_less_q1_q3,real_public_sec_edgar,20254
WFC,WELLS FARGO & COMPANY/MN,0000072971,2025Q4,2025-12-31,interest_expense_deposits,Interest expense on deposits,4991000000.0,USD,us-gaap,InterestExpenseDeposits,10-K-derived,2026-02-24,CY2025Q4_DERIVED,0000072971-26-000133,derived_q4_from_reported_fy_less_q1_q3,real_public_sec_edgar,20254
WFC,WELLS FARGO & COMPANY/MN,0000072971,2025Q4,2025-12-31,interest_income,Interest income,22602000000.0,USD,us-gaap,InterestAndDividendIncomeOperating,10-K-derived,2026-02-24,CY2025Q4_DERIVED,0000072971-26-000133,derived_q4_from_reported_fy_less_q1_q3,real_public_sec_edgar,20254
WFC,WELLS FARGO & COMPANY/MN,0000072971,2025Q4,2025-12-31,net_income,Net income,5361000000.0,USD,us-gaap,NetIncomeLoss,10-K-derived,2026-02-24,CY2025Q4_DERIVED,0000072971-26-000133,derived_q4_from_reported_fy_less_q1_q3,real_public_sec_edgar,20254
WFC,WELLS FARGO & COMPANY/MN,0000072971,2025Q4,2025-12-31,noninterest_expense,Noninterest expense,13726000000.0,USD,us-gaap,NoninterestExpense,10-K-derived,2026-02-24,CY2025Q4_DERIVED,0000072971-26-000133,derived_q4_from_reported_fy_less_q1_q3,real_public_sec_edgar,20254
WFC,WELLS FARGO & COMPANY/MN,0000072971,2025Q4,2025-12-31,noninterest_income,Noninterest income,8961000000.0,USD,us-gaap,NoninterestIncome,10-K-derived,2026-02-24,CY2025Q4_DERIVED,0000072971-26-000133,derived_q4_from_reported_fy_less_q1_q3,real_public_sec_edgar,20254
WFC,WELLS FARGO & COMPANY/MN,0000072971,2025Q4,2025-12-31,total_assets,Total assets,2148631000000.0,USD,us-gaap,Assets,10-Q,2026-04-29,CY2025Q4I,0000072971-26-000217,reported_instant_frame,real_public_sec_edgar,20254
WFC,WELLS FARGO & COMPANY/MN,0000072971,2025Q4,2025-12-31,total_deposits,Total deposits,1426207000000.0,USD,us-gaap,Deposits,10-Q,2026-04-29,CY2025Q4I,0000072971-26-000217,reported_instant_frame,real_public_sec_edgar,20254
WFC,WELLS FARGO & COMPANY/MN,0000072971,2025Q4,2025-12-31,total_equity,Total equity,183038000000.0,USD,us-gaap,StockholdersEquityIncludingPortionAttributableToNoncontrollingInterest,10-Q,2026-04-29,CY2025Q4I,0000072971-26-000217,reported_instant_frame,real_public_sec_edgar,20254
WFC,WELLS FARGO & COMPANY/MN,0000072971,2026Q1,2026-03-31,interest_expense,Interest expense,10349000000.0,USD,us-gaap,InterestExpenseOperating,10-Q,2026-04-29,CY2026Q1,0000072971-26-000217,reported_quarterly_frame,real_public_sec_edgar,20261
WFC,WELLS FARGO & COMPANY/MN,0000072971,2026Q1,2026-03-31,interest_expense_deposits,Interest expense on deposits,4974000000.0,USD,us-gaap,InterestExpenseDeposits,10-Q,2026-04-29,CY2026Q1,0000072971-26-000217,reported_quarterly_frame,real_public_sec_edgar,20261
WFC,WELLS FARGO & COMPANY/MN,0000072971,2026Q1,2026-03-31,interest_income,Interest income,22445000000.0,USD,us-gaap,InterestAndDividendIncomeOperating,10-Q,2026-04-29,CY2026Q1,0000072971-26-000217,reported_quarterly_frame,real_public_sec_edgar,20261
WFC,WELLS FARGO & COMPANY/MN,0000072971,2026Q1,2026-03-31,net_income,Net income,5253000000.0,USD,us-gaap,NetIncomeLoss,10-Q,2026-04-29,CY2026Q1,0000072971-26-000217,reported_quarterly_frame,real_public_sec_edgar,20261
WFC,WELLS FARGO & COMPANY/MN,0000072971,2026Q1,2026-03-31,noninterest_expense,Noninterest expense,14330000000.0,USD,us-gaap,NoninterestExpense,10-Q,2026-04-29,CY2026Q1,0000072971-26-000217,reported_quarterly_frame,real_public_sec_edgar,20261
WFC,WELLS FARGO & COMPANY/MN,0000072971,2026Q1,2026-03-31,noninterest_income,Noninterest income,9350000000.0,USD,us-gaap,NoninterestIncome,10-Q,2026-04-29,CY2026Q1,0000072971-26-000217,reported_quarterly_frame,real_public_sec_edgar,20261
WFC,WELLS FARGO & COMPANY/MN,0000072971,2026Q1,2026-03-31,total_assets,Total assets,2205752000000.0,USD,us-gaap,Assets,10-Q,2026-04-29,CY2026Q1I,0000072971-26-000217,reported_instant_frame,real_public_sec_edgar,20261
WFC,WELLS FARGO & COMPANY/MN,0000072971,2026Q1,2026-03-31,total_deposits,Total deposits,1454939000000.0,USD,us-gaap,Deposits,10-Q,2026-04-29,CY2026Q1I,0000072971-26-000217,reported_instant_frame,real_public_sec_edgar,20261
WFC,WELLS FARGO & COMPANY/MN,0000072971,2026Q1,2026-03-31,total_equity,Total equity,180313000000.0,USD,us-gaap,StockholdersEquityIncludingPortionAttributableToNoncontrollingInterest,10-Q,2026-04-29,CY2026Q1I,0000072971-26-000217,reported_instant_frame,real_public_sec_edgar,20261
