bank_ticker,bank_name,cik,period,period_end,interest_expense,interest_expense_deposits,interest_income,net_income,noninterest_expense,noninterest_income,tier_1_capital,tier_1_capital_ratio,total_assets,total_deposits,total_equity,total_loans,interest_expense_source_concept,interest_expense_deposits_source_concept,interest_income_source_concept,net_income_source_concept,noninterest_expense_source_concept,noninterest_income_source_concept,tier_1_capital_source_concept,tier_1_capital_ratio_source_concept,total_assets_source_concept,total_deposits_source_concept,total_equity_source_concept,total_loans_source_concept,data_type,period_sort
BAC,BANK OF AMERICA CORP /DE/,0000070858,2018Q2,2018-06-30,4541000000.0,943000000.0,16369000000.0,6784000000.0,13224000000.0,10721000000.0,,,2291670000000.0,1309691000000.0,264216000000.0,925774000000.0,InterestExpense,InterestExpenseDeposits,InterestAndDividendIncomeOperating,NetIncomeLoss,NoninterestExpense,NoninterestIncome,,,Assets,Deposits,StockholdersEquity,LoansAndLeasesReceivableNetReportedAmount,real_public_sec_edgar_wide,20182
BAC,BANK OF AMERICA CORP /DE/,0000070858,2018Q3,2018-09-30,4904000000.0,1230000000.0,16965000000.0,7167000000.0,13014000000.0,10663000000.0,,,2338833000000.0,1345649000000.0,262158000000.0,920067000000.0,InterestExpense,InterestExpenseDeposits,InterestAndDividendIncomeOperating,NetIncomeLoss,NoninterestExpense,NoninterestIncome,,,Assets,Deposits,StockholdersEquity,LoansAndLeasesReceivableNetReportedAmount,real_public_sec_edgar_wide,20183
BAC,BANK OF AMERICA CORP /DE/,0000070858,2018Q4,2018-12-31,5332000000.0,1562000000.0,17836000000.0,7278000000.0,13074000000.0,10173000000.0,,,2354507000000.0,1381476000000.0,265325000000.0,937294000000.0,InterestExpense,InterestExpenseDeposits,InterestAndDividendIncomeOperating,NetIncomeLoss,NoninterestExpense,NoninterestIncome,,,Assets,Deposits,StockholdersEquity,LoansAndLeasesReceivableNetReportedAmount,real_public_sec_edgar_wide,20184
BAC,BANK OF AMERICA CORP /DE/,0000070858,2019Q1,2019-03-31,5795000000.0,1795000000.0,18170000000.0,7311000000.0,13224000000.0,10629000000.0,,,2377164000000.0,1379337000000.0,267010000000.0,936038000000.0,InterestExpense,InterestExpenseDeposits,InterestAndDividendIncomeOperating,NetIncomeLoss,NoninterestExpense,NoninterestIncome,,,Assets,Deposits,StockholdersEquity,LoansAndLeasesReceivableNetReportedAmount,real_public_sec_edgar_wide,20191
BAC,BANK OF AMERICA CORP /DE/,0000070858,2019Q2,2019-06-30,6035000000.0,1965000000.0,18224000000.0,7348000000.0,13268000000.0,10895000000.0,,,2395892000000.0,1375093000000.0,271408000000.0,954273000000.0,InterestExpense,InterestExpenseDeposits,InterestAndDividendIncomeOperating,NetIncomeLoss,NoninterestExpense,NoninterestIncome,,,Assets,Deposits,StockholdersEquity,LoansAndLeasesReceivableNetReportedAmount,real_public_sec_edgar_wide,20192
BAC,BANK OF AMERICA CORP /DE/,0000070858,2019Q3,2019-09-30,5729000000.0,1880000000.0,17916000000.0,5777000000.0,15169000000.0,10620000000.0,,,2426330000000.0,1392836000000.0,268387000000.0,963477000000.0,InterestExpense,InterestExpenseDeposits,InterestAndDividendIncomeOperating,NetIncomeLoss,NoninterestExpense,NoninterestIncome,,,Assets,Deposits,StockholdersEquity,LoansAndLeasesReceivableNetReportedAmount,real_public_sec_edgar_wide,20193
BAC,BANK OF AMERICA CORP /DE/,0000070858,2019Q4,2019-12-31,4786000000.0,1548000000.0,16926000000.0,6994000000.0,13239000000.0,10209000000.0,,,2434079000000.0,1434803000000.0,264810000000.0,974010000000.0,InterestExpense,InterestExpenseDeposits,InterestAndDividendIncomeOperating,NetIncomeLoss,NoninterestExpense,NoninterestIncome,,,Assets,Deposits,StockholdersEquity,LoansAndLeasesReceivableNetReportedAmount,real_public_sec_edgar_wide,20194
BAC,BANK OF AMERICA CORP /DE/,0000070858,2020Q1,2020-03-31,3968000000.0,1184000000.0,16098000000.0,4010000000.0,13475000000.0,10637000000.0,,,2619954000000.0,1583325000000.0,264918000000.0,1035019000000.0,InterestExpense,InterestExpenseDeposits,InterestAndDividendIncomeOperating,NetIncomeLoss,NoninterestExpense,NoninterestIncome,,,Assets,Deposits,StockholdersEquity,LoansAndLeasesReceivableNetReportedAmount,real_public_sec_edgar_wide,20201
BAC,BANK OF AMERICA CORP /DE/,0000070858,2020Q2,2020-06-30,1692000000.0,373000000.0,12540000000.0,3533000000.0,13410000000.0,11478000000.0,,,2741688000000.0,1718666000000.0,265637000000.0,979555000000.0,InterestExpense,InterestExpenseDeposits,InterestAndDividendIncomeOperating,NetIncomeLoss,NoninterestExpense,NoninterestIncome,,,Assets,Deposits,StockholdersEquity,LoansAndLeasesReceivableNetReportedAmount,real_public_sec_edgar_wide,20202
BAC,BANK OF AMERICA CORP /DE/,0000070858,2020Q3,2020-09-30,1357000000.0,227000000.0,11486000000.0,4881000000.0,14401000000.0,10207000000.0,,,2738452000000.0,1702880000000.0,268850000000.0,,InterestExpense,InterestExpenseDeposits,InterestAndDividendIncomeOperating,NetIncomeLoss,NoninterestExpense,NoninterestIncome,,,Assets,Deposits,StockholdersEquity,,real_public_sec_edgar_wide,20203
BAC,BANK OF AMERICA CORP /DE/,0000070858,2020Q4,2020-12-31,1208000000.0,159000000.0,11461000000.0,5470000000.0,13927000000.0,9846000000.0,,,2819627000000.0,1795480000000.0,272924000000.0,,InterestExpense,InterestExpenseDeposits,InterestAndDividendIncomeOperating,NetIncomeLoss,NoninterestExpense,NoninterestIncome,,,Assets,Deposits,StockholdersEquity,,real_public_sec_edgar_wide,20204
BAC,BANK OF AMERICA CORP /DE/,0000070858,2021Q1,2021-03-31,1198000000.0,133000000.0,11395000000.0,8050000000.0,15515000000.0,12624000000.0,,,2969992000000.0,1884938000000.0,274000000000.0,,InterestExpense,InterestExpenseDeposits,InterestAndDividendIncomeOperating,NetIncomeLoss,NoninterestExpense,NoninterestIncome,,,Assets,Deposits,StockholdersEquity,,real_public_sec_edgar_wide,20211
BAC,BANK OF AMERICA CORP /DE/,0000070858,2021Q2,2021-06-30,1154000000.0,128000000.0,11387000000.0,9224000000.0,15045000000.0,11233000000.0,,,3029894000000.0,1909142000000.0,277119000000.0,,InterestExpense,InterestExpenseDeposits,InterestAndDividendIncomeOperating,NetIncomeLoss,NoninterestExpense,NoninterestIncome,,,Assets,Deposits,StockholdersEquity,,real_public_sec_edgar_wide,20212
BAC,BANK OF AMERICA CORP /DE/,0000070858,2021Q3,2021-09-30,1242000000.0,133000000.0,12336000000.0,7691000000.0,14440000000.0,11672000000.0,,,3085446000000.0,1964804000000.0,272464000000.0,,InterestExpense,InterestExpenseDeposits,InterestAndDividendIncomeOperating,NetIncomeLoss,NoninterestExpense,NoninterestIncome,,,Assets,Deposits,StockholdersEquity,,real_public_sec_edgar_wide,20213
BAC,BANK OF AMERICA CORP /DE/,0000070858,2021Q4,2021-12-31,1144000000.0,143000000.0,12554000000.0,7013000000.0,14731000000.0,10650000000.0,,,3169495000000.0,2064446000000.0,270066000000.0,966737000000.0,InterestExpense,InterestExpenseDeposits,InterestAndDividendIncomeOperating,NetIncomeLoss,NoninterestExpense,NoninterestIncome,,,Assets,Deposits,StockholdersEquity,FinancingReceivableExcludingAccruedInterestAfterAllowanceForCreditLoss,real_public_sec_edgar_wide,20214
BAC,BANK OF AMERICA CORP /DE/,0000070858,2022Q1,2022-03-31,1322000000.0,164000000.0,12894000000.0,7067000000.0,15319000000.0,11656000000.0,,,3238223000000.0,2072409000000.0,266617000000.0,,InterestExpense,InterestExpenseDeposits,InterestAndDividendIncomeOperating,NetIncomeLoss,NoninterestExpense,NoninterestIncome,,,Assets,Deposits,StockholdersEquity,,real_public_sec_edgar_wide,20221
BAC,BANK OF AMERICA CORP /DE/,0000070858,2022Q2,2022-06-30,2531000000.0,320000000.0,14975000000.0,6247000000.0,15273000000.0,10244000000.0,,,3111606000000.0,1984349000000.0,269118000000.0,,InterestExpense,InterestExpenseDeposits,InterestAndDividendIncomeOperating,NetIncomeLoss,NoninterestExpense,NoninterestIncome,,,Assets,Deposits,StockholdersEquity,,real_public_sec_edgar_wide,20222
BAC,BANK OF AMERICA CORP /DE/,0000070858,2022Q3,2022-09-30,5856000000.0,1235000000.0,19621000000.0,7082000000.0,15303000000.0,10737000000.0,,,3072953000000.0,1938097000000.0,269524000000.0,,InterestExpense,InterestExpenseDeposits,InterestAndDividendIncomeOperating,NetIncomeLoss,NoninterestExpense,NoninterestIncome,,,Assets,Deposits,StockholdersEquity,,real_public_sec_edgar_wide,20223
BAC,BANK OF AMERICA CORP /DE/,0000070858,2022Q4,2022-12-31,10394000000.0,2999000000.0,25075000000.0,7132000000.0,15543000000.0,9851000000.0,,,3051375000000.0,1930341000000.0,273197000000.0,1033065000000.0,InterestExpense,InterestExpenseDeposits,InterestAndDividendIncomeOperating,NetIncomeLoss,NoninterestExpense,NoninterestIncome,,,Assets,Deposits,StockholdersEquity,FinancingReceivableExcludingAccruedInterestAfterAllowanceForCreditLoss,real_public_sec_edgar_wide,20224
BAC,BANK OF AMERICA CORP /DE/,0000070858,2023Q1,2023-03-31,14207000000.0,4314000000.0,28655000000.0,8161000000.0,16238000000.0,11810000000.0,,,3194657000000.0,1910402000000.0,280196000000.0,1033892000000.0,InterestExpense,InterestExpenseDeposits,InterestAndDividendIncomeOperating,NetIncomeLoss,NoninterestExpense,NoninterestIncome,,,Assets,Deposits,StockholdersEquity,FinancingReceivableExcludingAccruedInterestAfterAllowanceForCreditLoss,real_public_sec_edgar_wide,20231
BAC,BANK OF AMERICA CORP /DE/,0000070858,2023Q2,2023-06-30,18196000000.0,5785000000.0,32354000000.0,7408000000.0,16038000000.0,11039000000.0,,,3123198000000.0,1877209000000.0,283319000000.0,1038274000000.0,InterestExpenseOperating,InterestExpenseDeposits,InterestAndDividendIncomeOperating,NetIncomeLoss,NoninterestExpense,NoninterestIncome,,,Assets,Deposits,StockholdersEquity,FinancingReceivableExcludingAccruedInterestAfterAllowanceForCreditLoss,real_public_sec_edgar_wide,20232
BAC,BANK OF AMERICA CORP /DE/,0000070858,2023Q3,2023-09-30,19245000000.0,7340000000.0,33624000000.0,7802000000.0,15838000000.0,10788000000.0,,,3153090000000.0,1884601000000.0,287064000000.0,1035862000000.0,InterestExpenseOperating,InterestExpenseDeposits,InterestAndDividendIncomeOperating,NetIncomeLoss,NoninterestExpense,NoninterestIncome,,,Assets,Deposits,StockholdersEquity,FinancingReceivableExcludingAccruedInterestAfterAllowanceForCreditLoss,real_public_sec_edgar_wide,20233
BAC,BANK OF AMERICA CORP /DE/,0000070858,2023Q4,2023-12-31,21683000000.0,8724000000.0,35629000000.0,2934000000.0,17731000000.0,12201000000.0,,,3180151000000.0,1923827000000.0,290209000000.0,1040390000000.0,InterestExpense,InterestExpenseDeposits,InterestAndDividendIncomeOperating,NetIncomeLoss,NoninterestExpense,NoninterestIncome,,,Assets,Deposits,StockholdersEquity,FinancingReceivableExcludingAccruedInterestAfterAllowanceForCreditLoss,real_public_sec_edgar_wide,20234
BAC,BANK OF AMERICA CORP /DE/,0000070858,2024Q1,2024-03-31,22253000000.0,9138000000.0,36285000000.0,6674000000.0,17237000000.0,11786000000.0,,,3273803000000.0,1946496000000.0,293552000000.0,1035943000000.0,InterestExpenseOperating,InterestExpenseDeposits,InterestAndDividendIncomeOperating,NetIncomeLoss,NoninterestExpense,NoninterestIncome,,,Assets,Deposits,StockholdersEquity,FinancingReceivableExcludingAccruedInterestAfterAllowanceForCreditLoss,real_public_sec_edgar_wide,20241
BAC,BANK OF AMERICA CORP /DE/,0000070858,2024Q2,2024-06-30,23152000000.0,9655000000.0,36854000000.0,6897000000.0,16309000000.0,11675000000.0,,,3257996000000.0,1910491000000.0,293892000000.0,1043547000000.0,InterestExpenseOperating,InterestExpenseDeposits,InterestAndDividendIncomeOperating,NetIncomeLoss,NoninterestExpense,NoninterestIncome,,,Assets,Deposits,StockholdersEquity,FinancingReceivableExcludingAccruedInterestAfterAllowanceForCreditLoss,real_public_sec_edgar_wide,20242
BAC,BANK OF AMERICA CORP /DE/,0000070858,2024Q3,2024-09-30,23524000000.0,10125000000.0,37491000000.0,6896000000.0,16479000000.0,11378000000.0,,,3324293000000.0,1930352000000.0,296512000000.0,1062549000000.0,InterestExpenseOperating,InterestExpenseDeposits,InterestAndDividendIncomeOperating,NetIncomeLoss,NoninterestExpense,NoninterestIncome,,,Assets,Deposits,StockholdersEquity,FinancingReceivableExcludingAccruedInterestAfterAllowanceForCreditLoss,real_public_sec_edgar_wide,20243
BAC,BANK OF AMERICA CORP /DE/,0000070858,2024Q4,2024-12-31,21618000000.0,9524000000.0,35977000000.0,6506000000.0,16787000000.0,14957000000.0,,,3261299000000.0,1965467000000.0,293963000000.0,1082595000000.0,InterestExpenseOperating,InterestExpenseDeposits,InterestAndDividendIncomeOperating,NetIncomeLoss,NoninterestExpense,NoninterestIncome,,,Assets,Deposits,StockholdersEquity,FinancingReceivableExcludingAccruedInterestAfterAllowanceForCreditLoss,real_public_sec_edgar_wide,20244
BAC,BANK OF AMERICA CORP /DE/,0000070858,2025Q1,2025-03-31,19623000000.0,8632000000.0,34066000000.0,7360000000.0,17770000000.0,13804000000.0,,,3349039000000.0,1989564000000.0,293949000000.0,1097369000000.0,InterestExpenseOperating,InterestExpenseDeposits,InterestAndDividendIncomeOperating,NetIncomeLoss,NoninterestExpense,NoninterestIncome,,,Assets,Deposits,StockholdersEquity,FinancingReceivableExcludingAccruedInterestAfterAllowanceForCreditLoss,real_public_sec_edgar_wide,20251
BAC,BANK OF AMERICA CORP /DE/,0000070858,2025Q2,2025-06-30,20203000000.0,8681000000.0,34873000000.0,7116000000.0,17183000000.0,11793000000.0,,,3441142000000.0,2011613000000.0,299599000000.0,1133765000000.0,InterestExpenseOperating,InterestExpenseDeposits,InterestAndDividendIncomeOperating,NetIncomeLoss,NoninterestExpense,NoninterestIncome,,,Assets,Deposits,StockholdersEquity,FinancingReceivableExcludingAccruedInterestAfterAllowanceForCreditLoss,real_public_sec_edgar_wide,20252
BAC,BANK OF AMERICA CORP /DE/,0000070858,2025Q3,2025-09-30,20133000000.0,8932000000.0,35366000000.0,8469000000.0,17337000000.0,12855000000.0,,,3403716000000.0,2002208000000.0,304152000000.0,1152648000000.0,InterestExpenseOperating,InterestExpenseDeposits,InterestAndDividendIncomeOperating,NetIncomeLoss,NoninterestExpense,NoninterestIncome,,,Assets,Deposits,StockholdersEquity,FinancingReceivableExcludingAccruedInterestAfterAllowanceForCreditLoss,real_public_sec_edgar_wide,20253
BAC,BANK OF AMERICA CORP /DE/,0000070858,2025Q4,2025-12-31,18511000000.0,8268000000.0,34261000000.0,7564000000.0,17437000000.0,14549000000.0,,,3411738000000.0,2018729000000.0,303243000000.0,1172497000000.0,InterestExpenseOperating,InterestExpenseDeposits,InterestAndDividendIncomeOperating,NetIncomeLoss,NoninterestExpense,NoninterestIncome,,,Assets,Deposits,StockholdersEquity,FinancingReceivableExcludingAccruedInterestAfterAllowanceForCreditLoss,real_public_sec_edgar_wide,20254
BAC,BANK OF AMERICA CORP /DE/,0000070858,2026Q1,2026-03-31,17614000000.0,7301000000.0,33359000000.0,8584000000.0,18531000000.0,14527000000.0,,,3496186000000.0,2037663000000.0,300668000000.0,1191887000000.0,InterestExpenseOperating,InterestExpenseDeposits,InterestAndDividendIncomeOperating,NetIncomeLoss,NoninterestExpense,NoninterestIncome,,,Assets,Deposits,StockholdersEquity,FinancingReceivableExcludingAccruedInterestAfterAllowanceForCreditLoss,real_public_sec_edgar_wide,20261
C,CITIGROUP INC,0000831001,2018Q2,2018-06-30,5885000000.0,2244000000.0,17550000000.0,4490000000.0,10712000000.0,6804000000.0,,,1912334000000.0,996730000000.0,200968000000.0,659054000000.0,InterestExpense,InterestExpenseDeposits,InterestAndDividendIncomeOperating,NetIncomeLoss,NoninterestExpense,NoninterestIncome,,,Assets,Deposits,StockholdersEquityIncludingPortionAttributableToNoncontrollingInterest,LoansAndLeasesReceivableNetReportedAmount,real_public_sec_edgar_wide,20182
C,CITIGROUP INC,0000831001,2018Q3,2018-09-30,6368000000.0,2580000000.0,18170000000.0,4622000000.0,10311000000.0,6587000000.0,,,1925165000000.0,1005176000000.0,197863000000.0,662573000000.0,InterestExpense,InterestExpenseDeposits,InterestAndDividendIncomeOperating,NetIncomeLoss,NoninterestExpense,NoninterestIncome,,,Assets,Deposits,StockholdersEquityIncludingPortionAttributableToNoncontrollingInterest,LoansAndLeasesReceivableNetReportedAmount,real_public_sec_edgar_wide,20183
C,CITIGROUP INC,0000831001,2018Q4,2018-12-31,6853000000.0,2795000000.0,18776000000.0,4313000000.0,9893000000.0,5201000000.0,,,1917383000000.0,1013170000000.0,197074000000.0,671881000000.0,InterestExpense,InterestExpenseDeposits,InterestAndDividendIncomeOperating,NetIncomeLoss,NoninterestExpense,NoninterestIncome,,,Assets,Deposits,StockholdersEquityIncludingPortionAttributableToNoncontrollingInterest,LoansAndLeasesReceivableNetReportedAmount,real_public_sec_edgar_wide,20184
C,CITIGROUP INC,0000831001,2019Q1,2019-03-31,7317000000.0,3027000000.0,19076000000.0,4710000000.0,10584000000.0,6817000000.0,,,1958413000000.0,1030355000000.0,197015000000.0,670017000000.0,InterestExpense,InterestExpenseDeposits,InterestAndDividendIncomeOperating,NetIncomeLoss,NoninterestExpense,NoninterestIncome,,,Assets,Deposits,StockholdersEquityIncludingPortionAttributableToNoncontrollingInterest,LoansAndLeasesReceivableNetReportedAmount,real_public_sec_edgar_wide,20191
C,CITIGROUP INC,0000831001,2019Q2,2019-06-30,7762000000.0,3284000000.0,19712000000.0,4799000000.0,10500000000.0,6808000000.0,,,1988226000000.0,1045607000000.0,198110000000.0,676204000000.0,InterestExpense,InterestExpenseDeposits,InterestAndDividendIncomeOperating,NetIncomeLoss,NoninterestExpense,NoninterestIncome,,,Assets,Deposits,StockholdersEquityIncludingPortionAttributableToNoncontrollingInterest,LoansAndLeasesReceivableNetReportedAmount,real_public_sec_edgar_wide,20192
C,CITIGROUP INC,0000831001,2019Q3,2019-09-30,7536000000.0,3369000000.0,19177000000.0,4913000000.0,10464000000.0,6933000000.0,,,2014802000000.0,1087769000000.0,197070000000.0,679213000000.0,InterestExpense,InterestExpenseDeposits,InterestAndDividendIncomeOperating,NetIncomeLoss,NoninterestExpense,NoninterestIncome,,,Assets,Deposits,StockholdersEquityIncludingPortionAttributableToNoncontrollingInterest,LoansAndLeasesReceivableNetReportedAmount,real_public_sec_edgar_wide,20193
C,CITIGROUP INC,0000831001,2019Q4,2019-12-31,,,,4979000000.0,10454000000.0,,,,1951158000000.0,1070590000000.0,193242000000.0,686700000000.0,,,,NetIncomeLoss,NoninterestExpense,,,,Assets,Deposits,StockholdersEquity,LoansAndLeasesReceivableNetReportedAmount,real_public_sec_edgar_wide,20194
C,CITIGROUP INC,0000831001,2020Q1,2020-03-31,5647000000.0,2614000000.0,17139000000.0,,,9239000000.0,,,2219770000000.0,1184911000000.0,193326000000.0,,InterestExpense,InterestExpenseDeposits,InterestAndDividendIncomeOperating,,,NoninterestIncome,,,Assets,Deposits,StockholdersEquityIncludingPortionAttributableToNoncontrollingInterest,,real_public_sec_edgar_wide,20201
C,CITIGROUP INC,0000831001,2020Q2,2020-06-30,3509000000.0,1469000000.0,14589000000.0,,,8686000000.0,,,2232715000000.0,1233660000000.0,192386000000.0,,InterestExpense,InterestExpenseDeposits,InterestAndDividendIncomeOperating,,,NoninterestIncome,,,Assets,Deposits,StockholdersEquityIncludingPortionAttributableToNoncontrollingInterest,,real_public_sec_edgar_wide,20202
C,CITIGROUP INC,0000831001,2020Q3,2020-09-30,2821000000.0,1293000000.0,13314000000.0,,,6809000000.0,,,2234459000000.0,1262623000000.0,194595000000.0,,InterestExpense,InterestExpenseDeposits,InterestAndDividendIncomeOperating,,,NoninterestIncome,,,Assets,Deposits,StockholdersEquityIncludingPortionAttributableToNoncontrollingInterest,,real_public_sec_edgar_wide,20203
C,CITIGROUP INC,0000831001,2020Q4,2020-12-31,1361000000.0,-42000000.0,13047000000.0,,,6016000000.0,,,2260000000000.0,,200200000000.0,,InterestExpense,InterestExpenseDeposits,InterestAndDividendIncomeOperating,,,NoninterestIncome,,,Assets,,StockholdersEquityIncludingPortionAttributableToNoncontrollingInterest,,real_public_sec_edgar_wide,20204
C,CITIGROUP INC,0000831001,2021Q1,2021-03-31,2028000000.0,712000000.0,12534000000.0,,,9161000000.0,,,2291000000000.0,1300975000000.0,203273000000.0,,InterestExpense,InterestExpenseDeposits,InterestAndDividendIncomeOperating,,,NoninterestIncome,,,Assets,Deposits,StockholdersEquityIncludingPortionAttributableToNoncontrollingInterest,,real_public_sec_edgar_wide,20211
C,CITIGROUP INC,0000831001,2021Q2,2021-06-30,1985000000.0,676000000.0,12463000000.0,6193000000.0,11471000000.0,7275000000.0,,,2291000000000.0,1310281000000.0,202910000000.0,,InterestExpense,InterestExpenseDeposits,InterestAndDividendIncomeOperating,NetIncomeLoss,NoninterestExpense,NoninterestIncome,,,Assets,Deposits,StockholdersEquityIncludingPortionAttributableToNoncontrollingInterest,,real_public_sec_edgar_wide,20212
C,CITIGROUP INC,0000831001,2021Q3,2021-09-30,1959000000.0,730000000.0,12650000000.0,4644000000.0,11777000000.0,6756000000.0,,,2361876000000.0,1347528000000.0,201610000000.0,,InterestExpense,InterestExpenseDeposits,InterestAndDividendIncomeOperating,NetIncomeLoss,NoninterestExpense,NoninterestIncome,,,Assets,Deposits,StockholdersEquityIncludingPortionAttributableToNoncontrollingInterest,,real_public_sec_edgar_wide,20213
C,CITIGROUP INC,0000831001,2021Q4,2021-12-31,2009000000.0,778000000.0,12828000000.0,,,6198000000.0,,,2291000000000.0,1317230000000.0,202672000000.0,,InterestExpense,InterestExpenseDeposits,InterestAndDividendIncomeOperating,,,NoninterestIncome,,,Assets,Deposits,StockholdersEquityIncludingPortionAttributableToNoncontrollingInterest,,real_public_sec_edgar_wide,20214
C,CITIGROUP INC,0000831001,2022Q1,2022-03-31,2280000000.0,871000000.0,13151000000.0,4306000000.0,13165000000.0,8315000000.0,,,2394105000000.0,1333711000000.0,198353000000.0,,InterestExpense,InterestExpenseDeposits,InterestAndDividendIncomeOperating,NetIncomeLoss,NoninterestExpense,NoninterestIncome,,,Assets,Deposits,StockholdersEquityIncludingPortionAttributableToNoncontrollingInterest,,real_public_sec_edgar_wide,20221
C,CITIGROUP INC,0000831001,2022Q2,2022-06-30,3666000000.0,1420000000.0,15630000000.0,4547000000.0,12393000000.0,7674000000.0,,,2380904000000.0,1321848000000.0,199626000000.0,,InterestExpense,InterestExpenseDeposits,InterestAndDividendIncomeOperating,NetIncomeLoss,NoninterestExpense,NoninterestIncome,,,Assets,Deposits,StockholdersEquityIncludingPortionAttributableToNoncontrollingInterest,,real_public_sec_edgar_wide,20222
C,CITIGROUP INC,0000831001,2022Q3,2022-09-30,7356000000.0,3270000000.0,19919000000.0,3479000000.0,12749000000.0,5945000000.0,,,2381064000000.0,1306486000000.0,199117000000.0,,InterestExpense,InterestExpenseDeposits,InterestAndDividendIncomeOperating,NetIncomeLoss,NoninterestExpense,NoninterestIncome,,,Assets,Deposits,StockholdersEquityIncludingPortionAttributableToNoncontrollingInterest,,real_public_sec_edgar_wide,20223
C,CITIGROUP INC,0000831001,2022Q4,2022-12-31,12438000000.0,5998000000.0,25708000000.0,2513000000.0,12985000000.0,4736000000.0,,,2417000000000.0,1365954000000.0,201838000000.0,640247000000.0,InterestExpense,InterestExpenseDeposits,InterestAndDividendIncomeOperating,NetIncomeLoss,NoninterestExpense,NoninterestIncome,,,Assets,Deposits,StockholdersEquityIncludingPortionAttributableToNoncontrollingInterest,FinancingReceivableExcludingAccruedInterestAfterAllowanceForCreditLoss,real_public_sec_edgar_wide,20224
C,CITIGROUP INC,0000831001,2023Q1,2023-03-31,16047000000.0,7708000000.0,29395000000.0,4606000000.0,13289000000.0,8099000000.0,,,2455113000000.0,1330459000000.0,209019000000.0,634826000000.0,InterestExpense,InterestExpenseDeposits,InterestAndDividendIncomeOperating,NetIncomeLoss,NoninterestExpense,NoninterestIncome,,,Assets,Deposits,StockholdersEquityIncludingPortionAttributableToNoncontrollingInterest,FinancingReceivableExcludingAccruedInterestAfterAllowanceForCreditLoss,real_public_sec_edgar_wide,20231
C,CITIGROUP INC,0000831001,2023Q2,2023-06-30,18747000000.0,8727000000.0,32647000000.0,2915000000.0,13570000000.0,5536000000.0,,,2423675000000.0,1319867000000.0,209422000000.0,643116000000.0,InterestExpense,InterestExpenseDeposits,InterestAndDividendIncomeOperating,NetIncomeLoss,NoninterestExpense,NoninterestIncome,,,Assets,Deposits,StockholdersEquityIncludingPortionAttributableToNoncontrollingInterest,FinancingReceivableExcludingAccruedInterestAfterAllowanceForCreditLoss,real_public_sec_edgar_wide,20232
C,CITIGROUP INC,0000831001,2023Q3,2023-09-30,21009000000.0,9630000000.0,34837000000.0,3546000000.0,13511000000.0,6311000000.0,,,2368477000000.0,1273506000000.0,210195000000.0,648719000000.0,InterestExpenseOperating,InterestExpenseDeposits,InterestAndDividendIncomeOperating,NetIncomeLoss,NoninterestExpense,NoninterestIncome,,,Assets,Deposits,StockholdersEquityIncludingPortionAttributableToNoncontrollingInterest,FinancingReceivableExcludingAccruedInterestAfterAllowanceForCreditLoss,real_public_sec_edgar_wide,20233
C,CITIGROUP INC,0000831001,2023Q4,2023-12-31,22555000000.0,10235000000.0,36379000000.0,-1839000000.0,15600000000.0,3220000000.0,,,2412000000000.0,1308681000000.0,206251000000.0,671217000000.0,InterestExpense,InterestExpenseDeposits,InterestAndDividendIncomeOperating,NetIncomeLoss,NoninterestExpense,NoninterestIncome,,,Assets,Deposits,StockholdersEquityIncludingPortionAttributableToNoncontrollingInterest,FinancingReceivableExcludingAccruedInterestAfterAllowanceForCreditLoss,real_public_sec_edgar_wide,20234
C,CITIGROUP INC,0000831001,2024Q1,2024-03-31,22716000000.0,10411000000.0,36223000000.0,3371000000.0,14107000000.0,7509000000.0,,,2432510000000.0,1307163000000.0,207398000000.0,656282000000.0,InterestExpenseOperating,InterestExpenseDeposits,InterestAndDividendIncomeOperating,NetIncomeLoss,NoninterestExpense,NoninterestIncome,,,Assets,Deposits,StockholdersEquityIncludingPortionAttributableToNoncontrollingInterest,FinancingReceivableExcludingAccruedInterestAfterAllowanceForCreditLoss,real_public_sec_edgar_wide,20241
C,CITIGROUP INC,0000831001,2024Q2,2024-06-30,22494000000.0,10235000000.0,35987000000.0,3217000000.0,13246000000.0,6539000000.0,,,2405686000000.0,1278137000000.0,209144000000.0,669506000000.0,InterestExpenseOperating,InterestExpenseDeposits,InterestAndDividendIncomeOperating,NetIncomeLoss,NoninterestExpense,NoninterestIncome,,,Assets,Deposits,StockholdersEquityIncludingPortionAttributableToNoncontrollingInterest,FinancingReceivableExcludingAccruedInterestAfterAllowanceForCreditLoss,real_public_sec_edgar_wide,20242
C,CITIGROUP INC,0000831001,2024Q3,2024-09-30,23094000000.0,10319000000.0,36456000000.0,3238000000.0,13144000000.0,6847000000.0,,,2430663000000.0,1309999000000.0,209902000000.0,670566000000.0,InterestExpenseOperating,InterestExpenseDeposits,InterestAndDividendIncomeOperating,NetIncomeLoss,NoninterestExpense,NoninterestIncome,,,Assets,Deposits,StockholdersEquityIncludingPortionAttributableToNoncontrollingInterest,FinancingReceivableExcludingAccruedInterestAfterAllowanceForCreditLoss,real_public_sec_edgar_wide,20243
C,CITIGROUP INC,0000831001,2024Q4,2024-12-31,21314000000.0,9361000000.0,35047000000.0,2856000000.0,13070000000.0,5732000000.0,,,2352945000000.0,1284458000000.0,209366000000.0,675914000000.0,InterestExpenseOperating,InterestExpenseDeposits,InterestAndDividendIncomeOperating,NetIncomeLoss,NoninterestExpense,NoninterestIncome,,,Assets,Deposits,StockholdersEquityIncludingPortionAttributableToNoncontrollingInterest,FinancingReceivableExcludingAccruedInterestAfterAllowanceForCreditLoss,real_public_sec_edgar_wide,20244
C,CITIGROUP INC,0000831001,2025Q1,2025-03-31,19654000000.0,8438000000.0,33666000000.0,4064000000.0,13425000000.0,7584000000.0,,,2571514000000.0,1316410000000.0,213258000000.0,683330000000.0,InterestExpenseOperating,InterestExpenseDeposits,InterestAndDividendIncomeOperating,NetIncomeLoss,NoninterestExpense,NoninterestIncome,,,Assets,Deposits,StockholdersEquityIncludingPortionAttributableToNoncontrollingInterest,FinancingReceivableExcludingAccruedInterestAfterAllowanceForCreditLoss,real_public_sec_edgar_wide,20251
C,CITIGROUP INC,0000831001,2025Q2,2025-06-30,20684000000.0,8685000000.0,35859000000.0,4019000000.0,13577000000.0,6493000000.0,,,2622772000000.0,1357733000000.0,214130000000.0,706222000000.0,InterestExpenseOperating,InterestExpenseDeposits,InterestAndDividendIncomeOperating,NetIncomeLoss,NoninterestExpense,NoninterestIncome,,,Assets,Deposits,StockholdersEquityIncludingPortionAttributableToNoncontrollingInterest,FinancingReceivableExcludingAccruedInterestAfterAllowanceForCreditLoss,real_public_sec_edgar_wide,20252
C,CITIGROUP INC,0000831001,2025Q3,2025-09-30,21750000000.0,9163000000.0,36690000000.0,3752000000.0,14290000000.0,7150000000.0,,,2642475000000.0,1383929000000.0,213877000000.0,714699000000.0,InterestExpenseOperating,InterestExpenseDeposits,InterestAndDividendIncomeOperating,NetIncomeLoss,NoninterestExpense,NoninterestIncome,,,Assets,Deposits,StockholdersEquityIncludingPortionAttributableToNoncontrollingInterest,FinancingReceivableExcludingAccruedInterestAfterAllowanceForCreditLoss,real_public_sec_edgar_wide,20253
C,CITIGROUP INC,0000831001,2025Q4,2025-12-31,20984000000.0,8680000000.0,36649000000.0,2471000000.0,13840000000.0,4206000000.0,,,2657202000000.0,1403573000000.0,213822000000.0,732983000000.0,InterestExpenseOperating,InterestExpenseDeposits,InterestAndDividendIncomeOperating,NetIncomeLoss,NoninterestExpense,NoninterestIncome,,,Assets,Deposits,StockholdersEquityIncludingPortionAttributableToNoncontrollingInterest,FinancingReceivableExcludingAccruedInterestAfterAllowanceForCreditLoss,real_public_sec_edgar_wide,20254
COF,CAPITAL ONE FINANCIAL CORP,0000927628,2018Q2,2018-06-30,1045000000.0,622000000.0,6596000000.0,1906000000.0,3424000000.0,1641000000.0,,,363989000000.0,248225000000.0,49926000000.0,228756000000.0,InterestExpense,InterestExpenseDeposits,InterestAndDividendIncomeOperating,NetIncomeLoss,NoninterestExpense,NoninterestIncome,,,Assets,Deposits,StockholdersEquity,LoansAndLeasesReceivableNetReportedAmount,real_public_sec_edgar_wide,20182
COF,CAPITAL ONE FINANCIAL CORP,0000927628,2018Q3,2018-09-30,1109000000.0,681000000.0,6895000000.0,1502000000.0,3773000000.0,1176000000.0,,,362909000000.0,247195000000.0,50638000000.0,231542000000.0,InterestExpense,InterestExpenseDeposits,InterestAndDividendIncomeOperating,NetIncomeLoss,NoninterestExpense,NoninterestIncome,,,Assets,Deposits,StockholdersEquity,LoansAndLeasesReceivableNetReportedAmount,real_public_sec_edgar_wide,20183
COF,CAPITAL ONE FINANCIAL CORP,0000927628,2018Q4,2018-12-31,1228000000.0,756000000.0,7048000000.0,1261000000.0,4132000000.0,1193000000.0,37431000000.0,0.127,372538000000.0,249764000000.0,51668000000.0,238679000000.0,InterestExpense,InterestExpenseDeposits,InterestAndDividendIncomeOperating,NetIncomeLoss,NoninterestExpense,NoninterestIncome,TierOneRiskBasedCapital,TierOneRiskBasedCapitalToRiskWeightedAssets,Assets,Deposits,StockholdersEquity,LoansAndLeasesReceivableNetReportedAmount,real_public_sec_edgar_wide,20184
COF,CAPITAL ONE FINANCIAL CORP,0000927628,2019Q1,2019-03-31,1301000000.0,817000000.0,7092000000.0,1412000000.0,3671000000.0,1292000000.0,,,373191000000.0,255107000000.0,53481000000.0,232960000000.0,InterestExpense,InterestExpenseDeposits,InterestAndDividendIncomeOperating,NetIncomeLoss,NoninterestExpense,NoninterestIncome,,,Assets,Deposits,StockholdersEquity,LoansAndLeasesReceivableNetReportedAmount,real_public_sec_edgar_wide,20191
COF,CAPITAL ONE FINANCIAL CORP,0000927628,2019Q2,2019-06-30,1330000000.0,870000000.0,7076000000.0,1625000000.0,3779000000.0,1378000000.0,,,373619000000.0,254535000000.0,55767000000.0,237327000000.0,InterestExpense,InterestExpenseDeposits,InterestAndDividendIncomeOperating,NetIncomeLoss,NoninterestExpense,NoninterestIncome,,,Assets,Deposits,StockholdersEquity,LoansAndLeasesReceivableNetReportedAmount,real_public_sec_edgar_wide,20192
COF,CAPITAL ONE FINANCIAL CORP,0000927628,2019Q3,2019-09-30,1338000000.0,901000000.0,7075000000.0,1333000000.0,3872000000.0,1222000000.0,,,378810000000.0,257148000000.0,58235000000.0,242318000000.0,InterestExpense,InterestExpenseDeposits,InterestAndDividendIncomeOperating,NetIncomeLoss,NoninterestExpense,NoninterestIncome,,,Assets,Deposits,StockholdersEquity,LoansAndLeasesReceivableNetReportedAmount,real_public_sec_edgar_wide,20193
COF,CAPITAL ONE FINANCIAL CORP,0000927628,2019Q4,2019-12-31,1204000000.0,832000000.0,7270000000.0,1176000000.0,4161000000.0,1361000000.0,43015000000.0,0.137,390365000000.0,262697000000.0,58011000000.0,258601000000.0,InterestExpense,InterestExpenseDeposits,InterestAndDividendIncomeOperating,NetIncomeLoss,NoninterestExpense,NoninterestIncome,TierOneRiskBasedCapital,TierOneRiskBasedCapitalToRiskWeightedAssets,Assets,Deposits,StockholdersEquity,LoansAndLeasesReceivableNetReportedAmount,real_public_sec_edgar_wide,20194
COF,CAPITAL ONE FINANCIAL CORP,0000927628,2020Q1,2020-03-31,1084000000.0,731000000.0,7109000000.0,-1340000000.0,3729000000.0,1224000000.0,,,396878000000.0,269689000000.0,56830000000.0,248917000000.0,InterestExpense,InterestExpenseDeposits,InterestAndDividendIncomeOperating,NetIncomeLoss,NoninterestExpense,NoninterestIncome,,,Assets,Deposits,StockholdersEquity,LoansAndLeasesReceivableNetReportedAmount,real_public_sec_edgar_wide,20201
COF,CAPITAL ONE FINANCIAL CORP,0000927628,2020Q2,2020-06-30,858000000.0,611000000.0,6318000000.0,-918000000.0,3770000000.0,1096000000.0,,,421296000000.0,304238000000.0,56045000000.0,234680000000.0,InterestExpense,InterestExpenseDeposits,InterestAndDividendIncomeOperating,NetIncomeLoss,NoninterestExpense,NoninterestIncome,,,Assets,Deposits,StockholdersEquity,LoansAndLeasesReceivableNetReportedAmount,real_public_sec_edgar_wide,20202
COF,CAPITAL ONE FINANCIAL CORP,0000927628,2020Q3,2020-09-30,660000000.0,476000000.0,6215000000.0,2406000000.0,3548000000.0,1826000000.0,,,421883000000.0,305725000000.0,58424000000.0,,InterestExpense,InterestExpenseDeposits,InterestAndDividendIncomeOperating,NetIncomeLoss,NoninterestExpense,NoninterestIncome,,,Assets,Deposits,StockholdersEquity,,real_public_sec_edgar_wide,20203
COF,CAPITAL ONE FINANCIAL CORP,0000927628,2020Q4,2020-12-31,518000000.0,347000000.0,6391000000.0,2566000000.0,4009000000.0,1464000000.0,45583000000.0,0.153,421602000000.0,305442000000.0,60204000000.0,251624000000.0,InterestExpense,InterestExpenseDeposits,InterestAndDividendIncomeOperating,NetIncomeLoss,NoninterestExpense,NoninterestIncome,TierOneRiskBasedCapital,TierOneRiskBasedCapitalToRiskWeightedAssets,Assets,Deposits,StockholdersEquity,FinancingReceivableExcludingAccruedInterestBeforeAllowanceForCreditLoss,real_public_sec_edgar_wide,20204
COF,CAPITAL ONE FINANCIAL CORP,0000927628,2021Q1,2021-03-31,439000000.0,269000000.0,6261000000.0,3325000000.0,3740000000.0,1291000000.0,,,425175000000.0,310328000000.0,61188000000.0,,InterestExpense,InterestExpenseDeposits,InterestAndDividendIncomeOperating,NetIncomeLoss,NoninterestExpense,NoninterestIncome,,,Assets,Deposits,StockholdersEquity,,real_public_sec_edgar_wide,20211
COF,CAPITAL ONE FINANCIAL CORP,0000927628,2021Q2,2021-06-30,396000000.0,237000000.0,6139000000.0,3536000000.0,3966000000.0,1631000000.0,,,423420000000.0,306308000000.0,64624000000.0,,InterestExpense,InterestExpenseDeposits,InterestAndDividendIncomeOperating,NetIncomeLoss,NoninterestExpense,NoninterestIncome,,,Assets,Deposits,StockholdersEquity,,real_public_sec_edgar_wide,20212
COF,CAPITAL ONE FINANCIAL CORP,0000927628,2021Q3,2021-09-30,382000000.0,228000000.0,6538000000.0,3104000000.0,4186000000.0,1674000000.0,,,425377000000.0,305938000000.0,63544000000.0,261390000000.0,InterestExpense,InterestExpenseDeposits,InterestAndDividendIncomeOperating,NetIncomeLoss,NoninterestExpense,NoninterestIncome,,,Assets,Deposits,StockholdersEquity,FinancingReceivableExcludingAccruedInterestBeforeAllowanceForCreditLoss,real_public_sec_edgar_wide,20213
COF,CAPITAL ONE FINANCIAL CORP,0000927628,2021Q4,2021-12-31,381000000.0,222000000.0,6831000000.0,2425000000.0,4678000000.0,1668000000.0,48346000000.0,0.145,432381000000.0,310980000000.0,61029000000.0,277340000000.0,InterestExpense,InterestExpenseDeposits,InterestAndDividendIncomeOperating,NetIncomeLoss,NoninterestExpense,NoninterestIncome,TierOneRiskBasedCapital,TierOneRiskBasedCapitalToRiskWeightedAssets,Assets,Deposits,StockholdersEquity,FinancingReceivableExcludingAccruedInterestBeforeAllowanceForCreditLoss,real_public_sec_edgar_wide,20214
COF,CAPITAL ONE FINANCIAL CORP,0000927628,2022Q1,2022-03-31,387000000.0,218000000.0,6784000000.0,2403000000.0,4551000000.0,1776000000.0,,,434195000000.0,313429000000.0,56345000000.0,280466000000.0,InterestExpense,InterestExpenseDeposits,InterestAndDividendIncomeOperating,NetIncomeLoss,NoninterestExpense,NoninterestIncome,,,Assets,Deposits,StockholdersEquity,FinancingReceivableExcludingAccruedInterestBeforeAllowanceForCreditLoss,real_public_sec_edgar_wide,20221
COF,CAPITAL ONE FINANCIAL CORP,0000927628,2022Q2,2022-06-30,578000000.0,293000000.0,7095000000.0,2031000000.0,4583000000.0,1715000000.0,,,440288000000.0,307885000000.0,53410000000.0,296384000000.0,InterestExpense,InterestExpenseDeposits,InterestAndDividendIncomeOperating,NetIncomeLoss,NoninterestExpense,NoninterestIncome,,,Assets,Deposits,StockholdersEquity,FinancingReceivableExcludingAccruedInterestBeforeAllowanceForCreditLoss,real_public_sec_edgar_wide,20222
COF,CAPITAL ONE FINANCIAL CORP,0000927628,2022Q3,2022-09-30,1197000000.0,689000000.0,8200000000.0,1694000000.0,4949000000.0,1802000000.0,,,444232000000.0,317193000000.0,50861000000.0,303943000000.0,InterestExpense,InterestExpenseDeposits,InterestAndDividendIncomeOperating,NetIncomeLoss,NoninterestExpense,NoninterestIncome,,,Assets,Deposits,StockholdersEquity,FinancingReceivableExcludingAccruedInterestBeforeAllowanceForCreditLoss,real_public_sec_edgar_wide,20223
COF,CAPITAL ONE FINANCIAL CORP,0000927628,2022Q4,2022-12-31,1961000000.0,1335000000.0,9158000000.0,1232000000.0,5080000000.0,1843000000.0,49576000000.0,0.139,455249000000.0,332992000000.0,52582000000.0,312331000000.0,InterestExpense,InterestExpenseDeposits,InterestAndDividendIncomeOperating,NetIncomeLoss,NoninterestExpense,NoninterestIncome,TierOneRiskBasedCapital,TierOneRiskBasedCapitalToRiskWeightedAssets,Assets,Deposits,StockholdersEquity,FinancingReceivableExcludingAccruedInterestBeforeAllowanceForCreditLoss,real_public_sec_edgar_wide,20224
COF,CAPITAL ONE FINANCIAL CORP,0000927628,2023Q1,2023-03-31,2568000000.0,1856000000.0,9754000000.0,960000000.0,4945000000.0,1717000000.0,,,471660000000.0,349827000000.0,54653000000.0,308836000000.0,InterestExpense,InterestExpenseDeposits,InterestAndDividendIncomeOperating,NetIncomeLoss,NoninterestExpense,NoninterestIncome,,,Assets,Deposits,StockholdersEquity,FinancingReceivableExcludingAccruedInterestBeforeAllowanceForCreditLoss,real_public_sec_edgar_wide,20231
COF,CAPITAL ONE FINANCIAL CORP,0000927628,2023Q2,2023-06-30,3053000000.0,2277000000.0,10166000000.0,1431000000.0,4794000000.0,1899000000.0,,,467800000000.0,343705000000.0,54559000000.0,311323000000.0,InterestExpenseOperating,InterestExpenseDeposits,InterestAndDividendIncomeOperating,NetIncomeLoss,NoninterestExpense,NoninterestIncome,,,Assets,Deposits,StockholdersEquity,FinancingReceivableExcludingAccruedInterestBeforeAllowanceForCreditLoss,real_public_sec_edgar_wide,20232
COF,CAPITAL ONE FINANCIAL CORP,0000927628,2023Q3,2023-09-30,3450000000.0,2611000000.0,10873000000.0,1790000000.0,4860000000.0,1943000000.0,,,471435000000.0,346011000000.0,53668000000.0,314780000000.0,InterestExpenseOperating,InterestExpenseDeposits,InterestAndDividendIncomeOperating,NetIncomeLoss,NoninterestExpense,NoninterestIncome,,,Assets,Deposits,StockholdersEquity,FinancingReceivableExcludingAccruedInterestBeforeAllowanceForCreditLoss,real_public_sec_edgar_wide,20233
COF,CAPITAL ONE FINANCIAL CORP,0000927628,2023Q4,2023-12-31,3626000000.0,2745000000.0,11145000000.0,706000000.0,5717000000.0,1987000000.0,52460000000.0,0.142,478464000000.0,348413000000.0,58089000000.0,320472000000.0,InterestExpense,InterestExpenseDeposits,InterestAndDividendIncomeOperating,NetIncomeLoss,NoninterestExpense,NoninterestIncome,TierOneRiskBasedCapital,TierOneRiskBasedCapitalToRiskWeightedAssets,Assets,Deposits,StockholdersEquity,FinancingReceivableExcludingAccruedInterestBeforeAllowanceForCreditLoss,real_public_sec_edgar_wide,20234
COF,CAPITAL ONE FINANCIAL CORP,0000927628,2024Q1,2024-03-31,3689000000.0,2812000000.0,11177000000.0,1280000000.0,5137000000.0,1914000000.0,,,481720000000.0,350969000000.0,57801000000.0,315154000000.0,InterestExpenseOperating,InterestExpenseDeposits,InterestAndDividendIncomeOperating,NetIncomeLoss,NoninterestExpense,NoninterestIncome,,,Assets,Deposits,StockholdersEquity,FinancingReceivableExcludingAccruedInterestBeforeAllowanceForCreditLoss,real_public_sec_edgar_wide,20241
COF,CAPITAL ONE FINANCIAL CORP,0000927628,2024Q2,2024-06-30,3734000000.0,2874000000.0,11280000000.0,597000000.0,4946000000.0,1960000000.0,,,480018000000.0,351442000000.0,57981000000.0,318186000000.0,InterestExpenseOperating,InterestExpenseDeposits,InterestAndDividendIncomeOperating,NetIncomeLoss,NoninterestExpense,NoninterestIncome,,,Assets,Deposits,StockholdersEquity,FinancingReceivableExcludingAccruedInterestBeforeAllowanceForCreditLoss,real_public_sec_edgar_wide,20242
COF,CAPITAL ONE FINANCIAL CORP,0000927628,2024Q3,2024-09-30,3784000000.0,2945000000.0,11860000000.0,1777000000.0,5314000000.0,1938000000.0,,,486433000000.0,353631000000.0,62925000000.0,320243000000.0,InterestExpenseOperating,InterestExpenseDeposits,InterestAndDividendIncomeOperating,NetIncomeLoss,NoninterestExpense,NoninterestIncome,,,Assets,Deposits,StockholdersEquity,FinancingReceivableExcludingAccruedInterestBeforeAllowanceForCreditLoss,real_public_sec_edgar_wide,20243
COF,CAPITAL ONE FINANCIAL CORP,0000927628,2024Q4,2024-12-31,3619000000.0,2862000000.0,11717000000.0,1096000000.0,6089000000.0,2092000000.0,55652000000.0,0.148,490144000000.0,362707000000.0,60784000000.0,327775000000.0,InterestExpenseOperating,InterestExpenseDeposits,InterestAndDividendIncomeOperating,NetIncomeLoss,NoninterestExpense,NoninterestIncome,TierOneRiskBasedCapital,TierOneRiskBasedCapitalToRiskWeightedAssets,Assets,Deposits,StockholdersEquity,FinancingReceivableExcludingAccruedInterestBeforeAllowanceForCreditLoss,real_public_sec_edgar_wide,20244
COF,CAPITAL ONE FINANCIAL CORP,0000927628,2025Q1,2025-03-31,3405000000.0,2715000000.0,11418000000.0,1404000000.0,5902000000.0,1987000000.0,,,493604000000.0,367464000000.0,63542000000.0,323598000000.0,InterestExpenseOperating,InterestExpenseDeposits,InterestAndDividendIncomeOperating,NetIncomeLoss,NoninterestExpense,NoninterestIncome,,,Assets,Deposits,StockholdersEquity,FinancingReceivableExcludingAccruedInterestBeforeAllowanceForCreditLoss,real_public_sec_edgar_wide,20251
COF,CAPITAL ONE FINANCIAL CORP,0000927628,2025Q2,2025-06-30,3833000000.0,3120000000.0,13828000000.0,-4277000000.0,6991000000.0,2497000000.0,,,658968000000.0,468110000000.0,110956000000.0,439297000000.0,InterestExpenseOperating,InterestExpenseDeposits,InterestAndDividendIncomeOperating,NetIncomeLoss,NoninterestExpense,NoninterestIncome,,,Assets,Deposits,StockholdersEquity,FinancingReceivableExcludingAccruedInterestBeforeAllowanceForCreditLoss,real_public_sec_edgar_wide,20252
COF,CAPITAL ONE FINANCIAL CORP,0000927628,2025Q3,2025-09-30,4359000000.0,3597000000.0,16763000000.0,3192000000.0,8263000000.0,2955000000.0,,,661877000000.0,468785000000.0,113813000000.0,443159000000.0,InterestExpenseOperating,InterestExpenseDeposits,InterestAndDividendIncomeOperating,NetIncomeLoss,NoninterestExpense,NoninterestIncome,,,Assets,Deposits,StockholdersEquity,FinancingReceivableExcludingAccruedInterestBeforeAllowanceForCreditLoss,real_public_sec_edgar_wide,20253
COF,CAPITAL ONE FINANCIAL CORP,0000927628,2025Q4,2025-12-31,4221000000.0,3493000000.0,16687000000.0,2134000000.0,9342000000.0,3117000000.0,78454000000.0,0.153,669009000000.0,475771000000.0,113616000000.0,453622000000.0,InterestExpenseOperating,InterestExpenseDeposits,InterestAndDividendIncomeOperating,NetIncomeLoss,NoninterestExpense,NoninterestIncome,TierOneRiskBasedCapital,TierOneRiskBasedCapitalToRiskWeightedAssets,Assets,Deposits,StockholdersEquity,FinancingReceivableExcludingAccruedInterestBeforeAllowanceForCreditLoss,real_public_sec_edgar_wide,20254
COF,CAPITAL ONE FINANCIAL CORP,0000927628,2026Q1,2026-03-31,4086000000.0,3387000000.0,16231000000.0,2174000000.0,8464000000.0,3086000000.0,,,682905000000.0,489053000000.0,112261000000.0,447754000000.0,InterestExpenseOperating,InterestExpenseDeposits,InterestAndDividendIncomeOperating,NetIncomeLoss,NoninterestExpense,NoninterestIncome,,,Assets,Deposits,StockholdersEquity,FinancingReceivableExcludingAccruedInterestBeforeAllowanceForCreditLoss,real_public_sec_edgar_wide,20261
JPM,JPMORGAN CHASE & CO,0000019617,2018Q2,2018-06-30,5081000000.0,1340000000.0,18566000000.0,8316000000.0,15971000000.0,14268000000.0,,,2590050000000.0,1452122000000.0,257458000000.0,940440000000.0,InterestExpense,InterestExpenseDeposits,InterestIncomeOperating,NetIncomeLoss,NoninterestExpense,NoninterestIncome,,,Assets,Deposits,StockholdersEquity,LoansAndLeasesReceivableNetOfDeferredIncome,real_public_sec_edgar_wide,20182
JPM,JPMORGAN CHASE & CO,0000019617,2018Q3,2018-09-30,5531000000.0,1621000000.0,19439000000.0,8380000000.0,15623000000.0,13352000000.0,,,2615183000000.0,1458762000000.0,258956000000.0,947651000000.0,InterestExpense,InterestExpenseDeposits,InterestIncomeOperating,NetIncomeLoss,NoninterestExpense,NoninterestIncome,,,Assets,Deposits,StockholdersEquity,LoansAndLeasesReceivableNetOfDeferredIncome,real_public_sec_edgar_wide,20183
JPM,JPMORGAN CHASE & CO,0000019617,2018Q4,2018-12-31,6046000000.0,1952000000.0,20400000000.0,7066000000.0,15474000000.0,11509000000.0,,,2622532000000.0,1470666000000.0,256515000000.0,969415000000.0,InterestExpense,InterestExpenseDeposits,InterestIncomeOperating,NetIncomeLoss,NoninterestExpense,NoninterestIncome,,,Assets,Deposits,StockholdersEquity,LoansAndLeasesReceivableNetOfDeferredIncome,real_public_sec_edgar_wide,20184
JPM,JPMORGAN CHASE & CO,0000019617,2019Q1,2019-03-31,6936000000.0,2188000000.0,21389000000.0,9179000000.0,16395000000.0,14670000000.0,,,2737188000000.0,1493441000000.0,259837000000.0,943841000000.0,InterestExpense,InterestExpenseDeposits,InterestIncomeOperating,NetIncomeLoss,NoninterestExpense,NoninterestIncome,,,Assets,Deposits,StockholdersEquity,LoansAndLeasesReceivableNetOfDeferredIncome,real_public_sec_edgar_wide,20191
JPM,JPMORGAN CHASE & CO,0000019617,2019Q2,2019-06-30,7205000000.0,2413000000.0,21603000000.0,9652000000.0,16256000000.0,14349000000.0,,,2727379000000.0,1524361000000.0,263215000000.0,947728000000.0,InterestExpense,InterestExpenseDeposits,InterestIncomeOperating,NetIncomeLoss,NoninterestExpense,NoninterestIncome,,,Assets,Deposits,StockholdersEquity,LoansAndLeasesReceivableNetOfDeferredIncome,real_public_sec_edgar_wide,20192
JPM,JPMORGAN CHASE & CO,0000019617,2019Q3,2019-09-30,6893000000.0,2409000000.0,21121000000.0,9080000000.0,16372000000.0,15063000000.0,,,2764661000000.0,1525261000000.0,264348000000.0,928887000000.0,InterestExpense,InterestExpenseDeposits,InterestIncomeOperating,NetIncomeLoss,NoninterestExpense,NoninterestIncome,,,Assets,Deposits,StockholdersEquity,LoansAndLeasesReceivableNetOfDeferredIncome,real_public_sec_edgar_wide,20193
JPM,JPMORGAN CHASE & CO,0000019617,2019Q4,2019-12-31,5761000000.0,1947000000.0,19927000000.0,8520000000.0,16246000000.0,14393000000.0,,,2686477000000.0,1562431000000.0,261330000000.0,945601000000.0,InterestExpense,InterestExpenseDeposits,InterestIncomeOperating,NetIncomeLoss,NoninterestExpense,NoninterestIncome,,,Assets,Deposits,StockholdersEquity,LoansAndLeasesReceivableNetOfDeferredIncome,real_public_sec_edgar_wide,20194
JPM,JPMORGAN CHASE & CO,0000019617,2020Q1,2020-03-31,4722000000.0,1575000000.0,19161000000.0,2865000000.0,16791000000.0,13847000000.0,,,3138530000000.0,1836009000000.0,261262000000.0,,InterestExpense,InterestExpenseDeposits,InterestIncomeOperating,NetIncomeLoss,NoninterestExpense,NoninterestIncome,,,Assets,Deposits,StockholdersEquity,,real_public_sec_edgar_wide,20201
JPM,JPMORGAN CHASE & CO,0000019617,2020Q2,2020-06-30,2259000000.0,349000000.0,16112000000.0,4687000000.0,16942000000.0,19222000000.0,,,3212643000000.0,1931029000000.0,264466000000.0,,InterestExpense,InterestExpenseDeposits,InterestIncomeOperating,NetIncomeLoss,NoninterestExpense,NoninterestIncome,,,Assets,Deposits,StockholdersEquity,,real_public_sec_edgar_wide,20202
JPM,JPMORGAN CHASE & CO,0000019617,2020Q3,2020-09-30,1687000000.0,245000000.0,14700000000.0,9443000000.0,16875000000.0,16242000000.0,,,3245061000000.0,2001416000000.0,271113000000.0,945537000000.0,InterestExpense,InterestExpenseDeposits,InterestIncomeOperating,NetIncomeLoss,NoninterestExpense,NoninterestIncome,,,Assets,Deposits,StockholdersEquity,FinancingReceivableExcludingAccruedInterestBeforeAllowanceForCreditLoss,real_public_sec_edgar_wide,20203
JPM,JPMORGAN CHASE & CO,0000019617,2020Q4,2020-12-31,1292000000.0,188000000.0,14550000000.0,12136000000.0,16048000000.0,16077000000.0,,,3384757000000.0,2144257000000.0,279354000000.0,984525000000.0,InterestExpense,InterestExpenseDeposits,InterestIncomeOperating,NetIncomeLoss,NoninterestExpense,NoninterestIncome,,,Assets,Deposits,StockholdersEquity,FinancingReceivableExcludingAccruedInterestAfterAllowanceForCreditLoss,real_public_sec_edgar_wide,20204
JPM,JPMORGAN CHASE & CO,0000019617,2021Q1,2021-03-31,1382000000.0,146000000.0,14271000000.0,14300000000.0,18725000000.0,19377000000.0,,,3689336000000.0,2278112000000.0,280714000000.0,948642000000.0,InterestExpense,InterestExpenseDeposits,InterestIncomeOperating,NetIncomeLoss,NoninterestExpense,NoninterestIncome,,,Assets,Deposits,StockholdersEquity,FinancingReceivableExcludingAccruedInterestBeforeAllowanceForCreditLoss,real_public_sec_edgar_wide,20211
JPM,JPMORGAN CHASE & CO,0000019617,2021Q2,2021-06-30,1353000000.0,132000000.0,14094000000.0,11948000000.0,17667000000.0,17738000000.0,,,3684256000000.0,2305217000000.0,286386000000.0,963665000000.0,InterestExpense,InterestExpenseDeposits,InterestIncomeOperating,NetIncomeLoss,NoninterestExpense,NoninterestIncome,,,Assets,Deposits,StockholdersEquity,FinancingReceivableExcludingAccruedInterestBeforeAllowanceForCreditLoss,real_public_sec_edgar_wide,20212
JPM,JPMORGAN CHASE & CO,0000019617,2021Q3,2021-09-30,1400000000.0,126000000.0,14480000000.0,11687000000.0,17063000000.0,16567000000.0,,,3757576000000.0,2402353000000.0,290041000000.0,1026465000000.0,InterestExpense,InterestExpenseDeposits,InterestIncomeOperating,NetIncomeLoss,NoninterestExpense,NoninterestIncome,,,Assets,Deposits,StockholdersEquity,FinancingReceivableExcludingAccruedInterestAfterAllowanceForCreditLoss,real_public_sec_edgar_wide,20213
JPM,JPMORGAN CHASE & CO,0000019617,2021Q4,2021-12-31,1418000000.0,127000000.0,15019000000.0,,17888000000.0,15656000000.0,,,3743567000000.0,2462303000000.0,294127000000.0,1061328000000.0,InterestExpense,InterestExpenseDeposits,InterestIncomeOperating,,NoninterestExpense,NoninterestIncome,,,Assets,Deposits,StockholdersEquity,FinancingReceivableExcludingAccruedInterestAfterAllowanceForCreditLoss,real_public_sec_edgar_wide,20214
JPM,JPMORGAN CHASE & CO,0000019617,2022Q1,2022-03-31,1624000000.0,182000000.0,15496000000.0,8282000000.0,19191000000.0,16845000000.0,,,3954687000000.0,2561207000000.0,285899000000.0,1056093000000.0,InterestExpense,InterestExpenseDeposits,InterestIncomeOperating,NetIncomeLoss,NoninterestExpense,NoninterestIncome,,,Assets,Deposits,StockholdersEquity,FinancingReceivableExcludingAccruedInterestAfterAllowanceForCreditLoss,real_public_sec_edgar_wide,20221
JPM,JPMORGAN CHASE & CO,0000019617,2022Q2,2022-06-30,3518000000.0,898000000.0,18646000000.0,8649000000.0,18749000000.0,15587000000.0,,,3841314000000.0,2471544000000.0,286143000000.0,1086405000000.0,InterestExpense,InterestExpenseDeposits,InterestIncomeOperating,NetIncomeLoss,NoninterestExpense,NoninterestIncome,,,Assets,Deposits,StockholdersEquity,FinancingReceivableExcludingAccruedInterestAfterAllowanceForCreditLoss,real_public_sec_edgar_wide,20222
JPM,JPMORGAN CHASE & CO,0000019617,2022Q3,2022-09-30,8093000000.0,3159000000.0,25611000000.0,9737000000.0,19178000000.0,15198000000.0,,,3773884000000.0,2408615000000.0,288018000000.0,1094448000000.0,InterestExpense,InterestExpenseDeposits,InterestIncomeOperating,NetIncomeLoss,NoninterestExpense,NoninterestIncome,,,Assets,Deposits,StockholdersEquity,FinancingReceivableExcludingAccruedInterestAfterAllowanceForCreditLoss,real_public_sec_edgar_wide,20223
JPM,JPMORGAN CHASE & CO,0000019617,2022Q4,2022-12-31,12862000000.0,5843000000.0,33054000000.0,,19022000000.0,14355000000.0,,,3665743000000.0,2340179000000.0,292332000000.0,1115921000000.0,InterestExpense,InterestExpenseDeposits,InterestIncomeOperating,,NoninterestExpense,NoninterestIncome,,,Assets,Deposits,StockholdersEquity,FinancingReceivableExcludingAccruedInterestAfterAllowanceForCreditLoss,real_public_sec_edgar_wide,20224
JPM,JPMORGAN CHASE & CO,0000019617,2023Q1,2023-03-31,16293000000.0,7637000000.0,37004000000.0,12622000000.0,20107000000.0,17638000000.0,,,3744305000000.0,2377253000000.0,303082000000.0,1108843000000.0,InterestExpense,InterestExpenseDeposits,InterestIncomeOperating,NetIncomeLoss,NoninterestExpense,NoninterestIncome,,,Assets,Deposits,StockholdersEquity,FinancingReceivableExcludingAccruedInterestAfterAllowanceForCreditLoss,real_public_sec_edgar_wide,20231
JPM,JPMORGAN CHASE & CO,0000019617,2023Q2,2023-06-30,19865000000.0,9591000000.0,41644000000.0,14472000000.0,20822000000.0,19528000000.0,,,3868240000000.0,2398962000000.0,312516000000.0,1278089000000.0,InterestExpenseOperating,InterestExpenseDeposits,InterestIncomeOperating,NetIncomeLoss,NoninterestExpense,NoninterestIncome,,,Assets,Deposits,StockholdersEquity,FinancingReceivableExcludingAccruedInterestAfterAllowanceForCreditLoss,real_public_sec_edgar_wide,20232
JPM,JPMORGAN CHASE & CO,0000019617,2023Q3,2023-09-30,21830000000.0,10796000000.0,44556000000.0,13151000000.0,21757000000.0,17148000000.0,,,3898333000000.0,2379526000000.0,317371000000.0,1288113000000.0,InterestExpenseOperating,InterestExpenseDeposits,InterestIncomeOperating,NetIncomeLoss,NoninterestExpense,NoninterestIncome,,,Assets,Deposits,StockholdersEquity,FinancingReceivableExcludingAccruedInterestAfterAllowanceForCreditLoss,real_public_sec_edgar_wide,20233
JPM,JPMORGAN CHASE & CO,0000019617,2023Q4,2023-12-31,23333000000.0,11992000000.0,47384000000.0,,24486000000.0,14523000000.0,,,3875393000000.0,2400688000000.0,327878000000.0,1301286000000.0,InterestExpense,InterestExpenseDeposits,InterestIncomeOperating,,NoninterestExpense,NoninterestIncome,,,Assets,Deposits,StockholdersEquity,FinancingReceivableExcludingAccruedInterestAfterAllowanceForCreditLoss,real_public_sec_edgar_wide,20234
JPM,JPMORGAN CHASE & CO,0000019617,2024Q1,2024-03-31,24356000000.0,12234000000.0,47438000000.0,13419000000.0,22757000000.0,18852000000.0,,,4090727000000.0,2428409000000.0,336637000000.0,1287265000000.0,InterestExpenseOperating,InterestExpenseDeposits,InterestIncomeOperating,NetIncomeLoss,NoninterestExpense,NoninterestIncome,,,Assets,Deposits,StockholdersEquity,FinancingReceivableExcludingAccruedInterestAfterAllowanceForCreditLoss,real_public_sec_edgar_wide,20241
JPM,JPMORGAN CHASE & CO,0000019617,2024Q2,2024-06-30,25767000000.0,12421000000.0,48513000000.0,18149000000.0,23713000000.0,27454000000.0,,,4143003000000.0,2396530000000.0,340552000000.0,1297709000000.0,InterestExpenseOperating,InterestExpenseDeposits,InterestIncomeOperating,NetIncomeLoss,NoninterestExpense,NoninterestIncome,,,Assets,Deposits,StockholdersEquity,FinancingReceivableExcludingAccruedInterestAfterAllowanceForCreditLoss,real_public_sec_edgar_wide,20242
JPM,JPMORGAN CHASE & CO,0000019617,2024Q3,2024-09-30,27011000000.0,12914000000.0,50416000000.0,12898000000.0,22565000000.0,19249000000.0,,,4210048000000.0,2430772000000.0,345836000000.0,1316062000000.0,InterestExpenseOperating,InterestExpenseDeposits,InterestIncomeOperating,NetIncomeLoss,NoninterestExpense,NoninterestIncome,,,Assets,Deposits,StockholdersEquity,FinancingReceivableExcludingAccruedInterestAfterAllowanceForCreditLoss,real_public_sec_edgar_wide,20243
JPM,JPMORGAN CHASE & CO,0000019617,2024Q4,2024-12-31,24216000000.0,11990000000.0,47566000000.0,,22762000000.0,19418000000.0,,,4002814000000.0,2406032000000.0,344758000000.0,1323643000000.0,InterestExpenseOperating,InterestExpenseDeposits,InterestIncomeOperating,,NoninterestExpense,NoninterestIncome,,,Assets,Deposits,StockholdersEquity,FinancingReceivableExcludingAccruedInterestAfterAllowanceForCreditLoss,real_public_sec_edgar_wide,20244
JPM,JPMORGAN CHASE & CO,0000019617,2025Q1,2025-03-31,23580000000.0,11077000000.0,46853000000.0,14643000000.0,23597000000.0,22037000000.0,,,4357856000000.0,2495877000000.0,351420000000.0,1330487000000.0,InterestExpenseOperating,InterestExpenseDeposits,InterestIncomeOperating,NetIncomeLoss,NoninterestExpense,NoninterestIncome,,,Assets,Deposits,StockholdersEquity,FinancingReceivableExcludingAccruedInterestAfterAllowanceForCreditLoss,real_public_sec_edgar_wide,20251
JPM,JPMORGAN CHASE & CO,0000019617,2025Q2,2025-06-30,25032000000.0,11401000000.0,48241000000.0,14987000000.0,23779000000.0,21703000000.0,,,4552482000000.0,2562380000000.0,356924000000.0,1387039000000.0,InterestExpenseOperating,InterestExpenseDeposits,InterestIncomeOperating,NetIncomeLoss,NoninterestExpense,NoninterestIncome,,,Assets,Deposits,StockholdersEquity,FinancingReceivableExcludingAccruedInterestAfterAllowanceForCreditLoss,real_public_sec_edgar_wide,20252
JPM,JPMORGAN CHASE & CO,0000019617,2025Q3,2025-09-30,25473000000.0,11633000000.0,49439000000.0,14393000000.0,24281000000.0,22461000000.0,,,4560205000000.0,2548476000000.0,360212000000.0,1409511000000.0,InterestExpenseOperating,InterestExpenseDeposits,InterestIncomeOperating,NetIncomeLoss,NoninterestExpense,NoninterestIncome,,,Assets,Deposits,StockholdersEquity,FinancingReceivableExcludingAccruedInterestAfterAllowanceForCreditLoss,real_public_sec_edgar_wide,20253
JPM,JPMORGAN CHASE & CO,0000019617,2025Q4,2025-12-31,23813000000.0,11001000000.0,48808000000.0,,23983000000.0,20803000000.0,,,4424900000000.0,2559320000000.0,362438000000.0,1467664000000.0,InterestExpenseOperating,InterestExpenseDeposits,InterestIncomeOperating,,NoninterestExpense,NoninterestIncome,,,Assets,Deposits,StockholdersEquity,FinancingReceivableExcludingAccruedInterestAfterAllowanceForCreditLoss,real_public_sec_edgar_wide,20254
JPM,JPMORGAN CHASE & CO,0000019617,2026Q1,2026-03-31,23825000000.0,10284000000.0,49191000000.0,16494000000.0,26850000000.0,24470000000.0,,,4900475000000.0,2675520000000.0,364038000000.0,1477592000000.0,InterestExpenseOperating,InterestExpenseDeposits,InterestIncomeOperating,NetIncomeLoss,NoninterestExpense,NoninterestIncome,,,Assets,Deposits,StockholdersEquity,FinancingReceivableExcludingAccruedInterestAfterAllowanceForCreditLoss,real_public_sec_edgar_wide,20261
PNC,"PNC FINANCIAL SERVICES GROUP, INC.",0000713676,2018Q2,2018-06-30,669000000.0,261000000.0,3082000000.0,,2584000000.0,1911000000.0,,,380711000000.0,264885000000.0,46975000000.0,220274000000.0,InterestExpense,InterestExpenseDeposits,InterestAndDividendIncomeOperating,,NoninterestExpense,NoninterestIncome,,,Assets,Deposits,StockholdersEquityIncludingPortionAttributableToNoncontrollingInterest,LoansAndLeasesReceivableNetReportedAmount,real_public_sec_edgar_wide,20182
PNC,"PNC FINANCIAL SERVICES GROUP, INC.",0000713676,2018Q3,2018-09-30,757000000.0,336000000.0,3223000000.0,,2608000000.0,1891000000.0,,,380080000000.0,264884000000.0,47102000000.0,220469000000.0,InterestExpense,InterestExpenseDeposits,InterestAndDividendIncomeOperating,,NoninterestExpense,NoninterestIncome,,,Assets,Deposits,StockholdersEquityIncludingPortionAttributableToNoncontrollingInterest,LoansAndLeasesReceivableNetReportedAmount,real_public_sec_edgar_wide,20183
PNC,"PNC FINANCIAL SERVICES GROUP, INC.",0000713676,2018Q4,2018-12-31,878000000.0,419000000.0,3359000000.0,,2577000000.0,917000000.0,,,,,47770000000.0,,InterestExpense,InterestExpenseDeposits,InterestAndDividendIncomeOperating,,NoninterestExpense,NoninterestIncome,,,,,StockholdersEquityIncludingPortionAttributableToNoncontrollingInterest,,real_public_sec_edgar_wide,20184
PNC,"PNC FINANCIAL SERVICES GROUP, INC.",0000713676,2019Q1,2019-03-31,953000000.0,472000000.0,3428000000.0,,2578000000.0,1811000000.0,,,392837000000.0,271221000000.0,48575000000.0,229601000000.0,InterestExpense,InterestExpenseDeposits,InterestAndDividendIncomeOperating,,NoninterestExpense,NoninterestIncome,,,Assets,Deposits,StockholdersEquityIncludingPortionAttributableToNoncontrollingInterest,LoansAndLeasesReceivableNetReportedAmount,real_public_sec_edgar_wide,20191
PNC,"PNC FINANCIAL SERVICES GROUP, INC.",0000713676,2019Q2,2019-06-30,999000000.0,515000000.0,3497000000.0,,2611000000.0,1717000000.0,,,405761000000.0,273260000000.0,49381000000.0,234494000000.0,InterestExpense,InterestExpenseDeposits,InterestAndDividendIncomeOperating,,NoninterestExpense,NoninterestIncome,,,Assets,Deposits,StockholdersEquityIncludingPortionAttributableToNoncontrollingInterest,LoansAndLeasesReceivableNetReportedAmount,real_public_sec_edgar_wide,20192
PNC,"PNC FINANCIAL SERVICES GROUP, INC.",0000713676,2019Q3,2019-09-30,999000000.0,531000000.0,3503000000.0,,2623000000.0,1738000000.0,,,408916000000.0,285583000000.0,49455000000.0,234639000000.0,InterestExpense,InterestExpenseDeposits,InterestAndDividendIncomeOperating,,NoninterestExpense,NoninterestIncome,,,Assets,Deposits,StockholdersEquityIncludingPortionAttributableToNoncontrollingInterest,LoansAndLeasesReceivableNetReportedAmount,real_public_sec_edgar_wide,20193
PNC,"PNC FINANCIAL SERVICES GROUP, INC.",0000713676,2019Q4,2019-12-31,846000000.0,468000000.0,3334000000.0,,2762000000.0,1608000000.0,,,410295000000.0,288540000000.0,49343000000.0,239843000000.0,InterestExpense,InterestExpenseDeposits,InterestAndDividendIncomeOperating,,NoninterestExpense,NoninterestIncome,,,Assets,Deposits,StockholdersEquityIncludingPortionAttributableToNoncontrollingInterest,FinancingReceivableExcludingAccruedInterestBeforeAllowanceForCreditLoss,real_public_sec_edgar_wide,20194
PNC,"PNC FINANCIAL SERVICES GROUP, INC.",0000713676,2020Q1,2020-03-31,689000000.0,375000000.0,3200000000.0,,2543000000.0,1825000000.0,,,445493000000.0,305204000000.0,49290000000.0,,InterestExpense,InterestExpenseDeposits,InterestAndDividendIncomeOperating,,NoninterestExpense,NoninterestIncome,,,Assets,Deposits,StockholdersEquityIncludingPortionAttributableToNoncontrollingInterest,,real_public_sec_edgar_wide,20201
PNC,"PNC FINANCIAL SERVICES GROUP, INC.",0000713676,2020Q2,2020-06-30,328000000.0,141000000.0,2855000000.0,,2515000000.0,1549000000.0,,,458978000000.0,345997000000.0,52948000000.0,,InterestExpense,InterestExpenseDeposits,InterestAndDividendIncomeOperating,,NoninterestExpense,NoninterestIncome,,,Assets,Deposits,StockholdersEquityIncludingPortionAttributableToNoncontrollingInterest,,real_public_sec_edgar_wide,20202
PNC,"PNC FINANCIAL SERVICES GROUP, INC.",0000713676,2020Q3,2020-09-30,192000000.0,74000000.0,2676000000.0,,2531000000.0,1797000000.0,,,461817000000.0,355079000000.0,53310000000.0,,InterestExpense,InterestExpenseDeposits,InterestAndDividendIncomeOperating,,NoninterestExpense,NoninterestIncome,,,Assets,Deposits,StockholdersEquityIncludingPortionAttributableToNoncontrollingInterest,,real_public_sec_edgar_wide,20203
PNC,"PNC FINANCIAL SERVICES GROUP, INC.",0000713676,2020Q4,2020-12-31,152000000.0,53000000.0,2576000000.0,,2708000000.0,1784000000.0,,,466679000000.0,365345000000.0,54041000000.0,236567000000.0,InterestExpense,InterestExpenseDeposits,InterestAndDividendIncomeOperating,,NoninterestExpense,NoninterestIncome,,,Assets,Deposits,StockholdersEquityIncludingPortionAttributableToNoncontrollingInterest,FinancingReceivableExcludingAccruedInterestAfterAllowanceForCreditLoss,real_public_sec_edgar_wide,20204
PNC,"PNC FINANCIAL SERVICES GROUP, INC.",0000713676,2021Q1,2021-03-31,135000000.0,40000000.0,2483000000.0,,2574000000.0,1872000000.0,,,474414000000.0,375067000000.0,53879000000.0,,InterestExpense,InterestExpenseDeposits,InterestAndDividendIncomeOperating,,NoninterestExpense,NoninterestIncome,,,Assets,Deposits,StockholdersEquityIncludingPortionAttributableToNoncontrollingInterest,,real_public_sec_edgar_wide,20211
PNC,"PNC FINANCIAL SERVICES GROUP, INC.",0000713676,2021Q2,2021-06-30,120000000.0,30000000.0,2701000000.0,,3050000000.0,2086000000.0,,,554212000000.0,452883000000.0,54685000000.0,,InterestExpense,InterestExpenseDeposits,InterestAndDividendIncomeOperating,,NoninterestExpense,NoninterestIncome,,,Assets,Deposits,StockholdersEquityIncludingPortionAttributableToNoncontrollingInterest,,real_public_sec_edgar_wide,20212
PNC,"PNC FINANCIAL SERVICES GROUP, INC.",0000713676,2021Q3,2021-09-30,119000000.0,29000000.0,2975000000.0,,3587000000.0,2341000000.0,,,553515000000.0,448902000000.0,56297000000.0,,InterestExpense,InterestExpenseDeposits,InterestAndDividendIncomeOperating,,NoninterestExpense,NoninterestIncome,,,Assets,Deposits,StockholdersEquityIncludingPortionAttributableToNoncontrollingInterest,,real_public_sec_edgar_wide,20213
PNC,"PNC FINANCIAL SERVICES GROUP, INC.",0000713676,2021Q4,2021-12-31,113000000.0,27000000.0,2975000000.0,,3791000000.0,2265000000.0,,,557191000000.0,457278000000.0,55726000000.0,283504000000.0,InterestExpense,InterestExpenseDeposits,InterestAndDividendIncomeOperating,,NoninterestExpense,NoninterestIncome,,,Assets,Deposits,StockholdersEquityIncludingPortionAttributableToNoncontrollingInterest,FinancingReceivableExcludingAccruedInterestAfterAllowanceForCreditLoss,real_public_sec_edgar_wide,20214
PNC,"PNC FINANCIAL SERVICES GROUP, INC.",0000713676,2022Q1,2022-03-31,110000000.0,27000000.0,2914000000.0,,3172000000.0,1888000000.0,,,541246000000.0,450197000000.0,49216000000.0,289899000000.0,InterestExpense,InterestExpenseDeposits,InterestAndDividendIncomeOperating,,NoninterestExpense,NoninterestIncome,,,Assets,Deposits,StockholdersEquityIncludingPortionAttributableToNoncontrollingInterest,FinancingReceivableExcludingAccruedInterestAfterAllowanceForCreditLoss,real_public_sec_edgar_wide,20221
PNC,"PNC FINANCIAL SERVICES GROUP, INC.",0000713676,2022Q2,2022-06-30,230000000.0,88000000.0,3281000000.0,,3244000000.0,2065000000.0,,,540786000000.0,440811000000.0,47688000000.0,306338000000.0,InterestExpense,InterestExpenseDeposits,InterestAndDividendIncomeOperating,,NoninterestExpense,NoninterestIncome,,,Assets,Deposits,StockholdersEquityIncludingPortionAttributableToNoncontrollingInterest,FinancingReceivableExcludingAccruedInterestAfterAllowanceForCreditLoss,real_public_sec_edgar_wide,20222
PNC,"PNC FINANCIAL SERVICES GROUP, INC.",0000713676,2022Q3,2022-09-30,657000000.0,340000000.0,4132000000.0,,3280000000.0,2074000000.0,,,559477000000.0,438194000000.0,46723000000.0,310819000000.0,InterestExpense,InterestExpenseDeposits,InterestAndDividendIncomeOperating,,NoninterestExpense,NoninterestIncome,,,Assets,Deposits,StockholdersEquityIncludingPortionAttributableToNoncontrollingInterest,FinancingReceivableExcludingAccruedInterestAfterAllowanceForCreditLoss,real_public_sec_edgar_wide,20223
PNC,"PNC FINANCIAL SERVICES GROUP, INC.",0000713676,2022Q4,2022-12-31,1425000000.0,812000000.0,5109000000.0,,3474000000.0,2079000000.0,,,557263000000.0,436282000000.0,45812000000.0,321284000000.0,InterestExpense,InterestExpenseDeposits,InterestAndDividendIncomeOperating,,NoninterestExpense,NoninterestIncome,,,Assets,Deposits,StockholdersEquityIncludingPortionAttributableToNoncontrollingInterest,FinancingReceivableExcludingAccruedInterestAfterAllowanceForCreditLoss,real_public_sec_edgar_wide,20224
PNC,"PNC FINANCIAL SERVICES GROUP, INC.",0000713676,2023Q1,2023-03-31,2074000000.0,1291000000.0,5659000000.0,,3321000000.0,2018000000.0,,,561777000000.0,436833000000.0,49074000000.0,321734000000.0,InterestExpense,InterestExpenseDeposits,InterestAndDividendIncomeOperating,,NoninterestExpense,NoninterestIncome,,,Assets,Deposits,StockholdersEquityIncludingPortionAttributableToNoncontrollingInterest,FinancingReceivableExcludingAccruedInterestAfterAllowanceForCreditLoss,real_public_sec_edgar_wide,20231
PNC,"PNC FINANCIAL SERVICES GROUP, INC.",0000713676,2023Q2,2023-06-30,2434000000.0,1531000000.0,5944000000.0,,3372000000.0,1783000000.0,,,558207000000.0,427489000000.0,49346000000.0,317024000000.0,InterestExpenseOperating,InterestExpenseDeposits,InterestAndDividendIncomeOperating,,NoninterestExpense,NoninterestIncome,,,Assets,Deposits,StockholdersEquityIncludingPortionAttributableToNoncontrollingInterest,FinancingReceivableExcludingAccruedInterestAfterAllowanceForCreditLoss,real_public_sec_edgar_wide,20232
PNC,"PNC FINANCIAL SERVICES GROUP, INC.",0000713676,2023Q3,2023-09-30,2785000000.0,1792000000.0,6203000000.0,,3245000000.0,1815000000.0,,,557334000000.0,423609000000.0,49481000000.0,313649000000.0,InterestExpenseOperating,InterestExpenseDeposits,InterestAndDividendIncomeOperating,,NoninterestExpense,NoninterestIncome,,,Assets,Deposits,StockholdersEquityIncludingPortionAttributableToNoncontrollingInterest,FinancingReceivableExcludingAccruedInterestAfterAllowanceForCreditLoss,real_public_sec_edgar_wide,20233
PNC,"PNC FINANCIAL SERVICES GROUP, INC.",0000713676,2023Q4,2023-12-31,3099000000.0,1995000000.0,6502000000.0,,4074000000.0,1958000000.0,,,561580000000.0,421418000000.0,51141000000.0,316717000000.0,InterestExpense,InterestExpenseDeposits,InterestAndDividendIncomeOperating,,NoninterestExpense,NoninterestIncome,,,Assets,Deposits,StockholdersEquityIncludingPortionAttributableToNoncontrollingInterest,FinancingReceivableExcludingAccruedInterestAfterAllowanceForCreditLoss,real_public_sec_edgar_wide,20234
PNC,"PNC FINANCIAL SERVICES GROUP, INC.",0000713676,2024Q1,2024-03-31,3236000000.0,2077000000.0,6500000000.0,,3334000000.0,1881000000.0,,,566162000000.0,425624000000.0,51374000000.0,315088000000.0,InterestExpenseOperating,InterestExpenseDeposits,InterestAndDividendIncomeOperating,,NoninterestExpense,NoninterestIncome,,,Assets,Deposits,StockholdersEquityIncludingPortionAttributableToNoncontrollingInterest,FinancingReceivableExcludingAccruedInterestAfterAllowanceForCreditLoss,real_public_sec_edgar_wide,20241
PNC,"PNC FINANCIAL SERVICES GROUP, INC.",0000713676,2024Q2,2024-06-30,3266000000.0,2084000000.0,6568000000.0,,3357000000.0,2109000000.0,,,556519000000.0,416391000000.0,52681000000.0,316793000000.0,InterestExpenseOperating,InterestExpenseDeposits,InterestAndDividendIncomeOperating,,NoninterestExpense,NoninterestIncome,,,Assets,Deposits,StockholdersEquityIncludingPortionAttributableToNoncontrollingInterest,FinancingReceivableExcludingAccruedInterestAfterAllowanceForCreditLoss,real_public_sec_edgar_wide,20242
PNC,"PNC FINANCIAL SERVICES GROUP, INC.",0000713676,2024Q3,2024-09-30,3412000000.0,2230000000.0,6822000000.0,,3327000000.0,2022000000.0,,,564881000000.0,423966000000.0,55729000000.0,316792000000.0,InterestExpenseOperating,InterestExpenseDeposits,InterestAndDividendIncomeOperating,,NoninterestExpense,NoninterestIncome,,,Assets,Deposits,StockholdersEquityIncludingPortionAttributableToNoncontrollingInterest,FinancingReceivableExcludingAccruedInterestAfterAllowanceForCreditLoss,real_public_sec_edgar_wide,20243
PNC,"PNC FINANCIAL SERVICES GROUP, INC.",0000713676,2024Q4,2024-12-31,2971000000.0,2010000000.0,6494000000.0,,3506000000.0,2044000000.0,,,560038000000.0,426738000000.0,54469000000.0,311981000000.0,InterestExpenseOperating,InterestExpenseDeposits,InterestAndDividendIncomeOperating,,NoninterestExpense,NoninterestIncome,,,Assets,Deposits,StockholdersEquityIncludingPortionAttributableToNoncontrollingInterest,FinancingReceivableExcludingAccruedInterestAfterAllowanceForCreditLoss,real_public_sec_edgar_wide,20244
PNC,"PNC FINANCIAL SERVICES GROUP, INC.",0000713676,2025Q1,2025-03-31,2654000000.0,1808000000.0,6130000000.0,,3387000000.0,1976000000.0,,,554722000000.0,422915000000.0,56451000000.0,314306000000.0,InterestExpenseOperating,InterestExpenseDeposits,InterestAndDividendIncomeOperating,,NoninterestExpense,NoninterestIncome,,,Assets,Deposits,StockholdersEquityIncludingPortionAttributableToNoncontrollingInterest,FinancingReceivableExcludingAccruedInterestAfterAllowanceForCreditLoss,real_public_sec_edgar_wide,20251
PNC,"PNC FINANCIAL SERVICES GROUP, INC.",0000713676,2025Q2,2025-06-30,2715000000.0,1845000000.0,6270000000.0,,3383000000.0,2106000000.0,,,559107000000.0,426696000000.0,57655000000.0,321817000000.0,InterestExpenseOperating,InterestExpenseDeposits,InterestAndDividendIncomeOperating,,NoninterestExpense,NoninterestIncome,,,Assets,Deposits,StockholdersEquityIncludingPortionAttributableToNoncontrollingInterest,FinancingReceivableExcludingAccruedInterestAfterAllowanceForCreditLoss,real_public_sec_edgar_wide,20252
PNC,"PNC FINANCIAL SERVICES GROUP, INC.",0000713676,2025Q3,2025-09-30,2879000000.0,1980000000.0,6527000000.0,,3461000000.0,2267000000.0,,,568767000000.0,432749000000.0,59038000000.0,322138000000.0,InterestExpenseOperating,InterestExpenseDeposits,InterestAndDividendIncomeOperating,,NoninterestExpense,NoninterestIncome,,,Assets,Deposits,StockholdersEquityIncludingPortionAttributableToNoncontrollingInterest,FinancingReceivableExcludingAccruedInterestAfterAllowanceForCreditLoss,real_public_sec_edgar_wide,20253
PNC,"PNC FINANCIAL SERVICES GROUP, INC.",0000713676,2025Q4,2025-12-31,2649000000.0,1864000000.0,6380000000.0,,3603000000.0,2340000000.0,,,573572000000.0,440866000000.0,60636000000.0,327071000000.0,InterestExpenseOperating,InterestExpenseDeposits,InterestAndDividendIncomeOperating,,NoninterestExpense,NoninterestIncome,,,Assets,Deposits,StockholdersEquityIncludingPortionAttributableToNoncontrollingInterest,FinancingReceivableExcludingAccruedInterestAfterAllowanceForCreditLoss,real_public_sec_edgar_wide,20254
PNC,"PNC FINANCIAL SERVICES GROUP, INC.",0000713676,2026Q1,2026-03-31,2483000000.0,1735000000.0,6444000000.0,,3768000000.0,2204000000.0,,,603028000000.0,457648000000.0,63676000000.0,356260000000.0,InterestExpenseOperating,InterestExpenseDeposits,InterestAndDividendIncomeOperating,,NoninterestExpense,NoninterestIncome,,,Assets,Deposits,StockholdersEquityIncludingPortionAttributableToNoncontrollingInterest,FinancingReceivableExcludingAccruedInterestAfterAllowanceForCreditLoss,real_public_sec_edgar_wide,20261
TFC,TRUIST FINANCIAL CORP,0000092230,2018Q2,2018-06-30,337000000.0,148000000.0,1994000000.0,,1720000000.0,1222000000.0,,,222681000000.0,159475000000.0,29832000000.0,144653000000.0,InterestExpense,InterestExpenseDeposits,InterestAndDividendIncomeOperating,,NoninterestExpense,NoninterestIncome,,,Assets,Deposits,StockholdersEquityIncludingPortionAttributableToNoncontrollingInterest,LoansAndLeasesReceivableNetReportedAmount,real_public_sec_edgar_wide,20182
TFC,TRUIST FINANCIAL CORP,0000092230,2018Q3,2018-09-30,382000000.0,172000000.0,2069000000.0,,1742000000.0,1239000000.0,,,222885000000.0,154556000000.0,30007000000.0,145152000000.0,InterestExpense,InterestExpenseDeposits,InterestAndDividendIncomeOperating,,NoninterestExpense,NoninterestIncome,,,Assets,Deposits,StockholdersEquityIncludingPortionAttributableToNoncontrollingInterest,LoansAndLeasesReceivableNetReportedAmount,real_public_sec_edgar_wide,20183
TFC,TRUIST FINANCIAL CORP,0000092230,2018Q4,2018-12-31,431000000.0,206000000.0,2136000000.0,,1784000000.0,1235000000.0,,,225697000000.0,161199000000.0,30178000000.0,147455000000.0,InterestExpense,InterestExpenseDeposits,InterestAndDividendIncomeOperating,,NoninterestExpense,NoninterestIncome,,,Assets,Deposits,StockholdersEquityIncludingPortionAttributableToNoncontrollingInterest,LoansAndLeasesReceivableNetReportedAmount,real_public_sec_edgar_wide,20184
TFC,TRUIST FINANCIAL CORP,0000092230,2019Q1,2019-03-31,477000000.0,253000000.0,2173000000.0,,1768000000.0,1202000000.0,,,227683000000.0,159766000000.0,30883000000.0,147496000000.0,InterestExpense,InterestExpenseDeposits,InterestAndDividendIncomeOperating,,NoninterestExpense,NoninterestIncome,,,Assets,Deposits,StockholdersEquityIncludingPortionAttributableToNoncontrollingInterest,LoansAndLeasesReceivableNetReportedAmount,real_public_sec_edgar_wide,20191
TFC,TRUIST FINANCIAL CORP,0000092230,2019Q2,2019-06-30,516000000.0,273000000.0,2206000000.0,,1751000000.0,1352000000.0,,,230872000000.0,159521000000.0,31764000000.0,150991000000.0,InterestExpense,InterestExpenseDeposits,InterestAndDividendIncomeOperating,,NoninterestExpense,NoninterestIncome,,,Assets,Deposits,StockholdersEquityIncludingPortionAttributableToNoncontrollingInterest,LoansAndLeasesReceivableNetReportedAmount,real_public_sec_edgar_wide,20192
TFC,TRUIST FINANCIAL CORP,0000092230,2019Q3,2019-09-30,518000000.0,271000000.0,2218000000.0,,1840000000.0,1303000000.0,,,236750000000.0,162280000000.0,32303000000.0,147840000000.0,InterestExpense,InterestExpenseDeposits,InterestAndDividendIncomeOperating,,NoninterestExpense,NoninterestIncome,,,Assets,Deposits,StockholdersEquityIncludingPortionAttributableToNoncontrollingInterest,LoansAndLeasesReceivableNetReportedAmount,real_public_sec_edgar_wide,20193
TFC,TRUIST FINANCIAL CORP,0000092230,2019Q4,2019-12-31,585000000.0,304000000.0,2812000000.0,,2575000000.0,1398000000.0,,,473078000000.0,334727000000.0,66558000000.0,298293000000.0,InterestExpense,InterestExpenseDeposits,InterestAndDividendIncomeOperating,,NoninterestExpense,NoninterestIncome,,,Assets,Deposits,StockholdersEquityIncludingPortionAttributableToNoncontrollingInterest,LoansAndLeasesReceivableNetReportedAmount,real_public_sec_edgar_wide,20194
TFC,TRUIST FINANCIAL CORP,0000092230,2020Q1,2020-03-31,776000000.0,421000000.0,4426000000.0,,3431000000.0,1961000000.0,,,506229000000.0,,66061000000.0,314018000000.0,InterestExpense,InterestExpenseDeposits,InterestAndDividendIncomeOperating,,NoninterestExpense,NoninterestIncome,,,Assets,,StockholdersEquityIncludingPortionAttributableToNoncontrollingInterest,LoansAndLeasesReceivableNetReportedAmount,real_public_sec_edgar_wide,20201
TFC,TRUIST FINANCIAL CORP,0000092230,2020Q2,2020-06-30,440000000.0,201000000.0,3888000000.0,,3878000000.0,2423000000.0,,,504336000000.0,,68883000000.0,309123000000.0,InterestExpense,InterestExpenseDeposits,InterestAndDividendIncomeOperating,,NoninterestExpense,NoninterestIncome,,,Assets,,StockholdersEquityIncludingPortionAttributableToNoncontrollingInterest,LoansAndLeasesReceivableNetReportedAmount,real_public_sec_edgar_wide,20202
TFC,TRUIST FINANCIAL CORP,0000092230,2020Q3,2020-09-30,261000000.0,96000000.0,3623000000.0,,3755000000.0,2210000000.0,,,499183000000.0,,69973000000.0,300764000000.0,InterestExpense,InterestExpenseDeposits,InterestAndDividendIncomeOperating,,NoninterestExpense,NoninterestIncome,,,Assets,,StockholdersEquityIncludingPortionAttributableToNoncontrollingInterest,LoansAndLeasesReceivableNetReportedAmount,real_public_sec_edgar_wide,20203
TFC,TRUIST FINANCIAL CORP,0000092230,2020Q4,2020-12-31,245000000.0,67000000.0,3611000000.0,,3833000000.0,2285000000.0,,,509228000000.0,381077000000.0,,293899000000.0,InterestExpense,InterestExpenseDeposits,InterestAndDividendIncomeOperating,,NoninterestExpense,NoninterestIncome,,,Assets,Deposits,,LoansAndLeasesReceivableNetReportedAmount,real_public_sec_edgar_wide,20204
TFC,TRUIST FINANCIAL CORP,0000092230,2021Q1,2021-03-31,209000000.0,47000000.0,3494000000.0,,3610000000.0,2197000000.0,,,517537000000.0,,67876000000.0,285849000000.0,InterestExpense,InterestExpenseDeposits,InterestAndDividendIncomeOperating,,NoninterestExpense,NoninterestIncome,,,Assets,,StockholdersEquityIncludingPortionAttributableToNoncontrollingInterest,LoansAndLeasesReceivableNetReportedAmount,real_public_sec_edgar_wide,20211
TFC,TRUIST FINANCIAL CORP,0000092230,2021Q2,2021-06-30,198000000.0,36000000.0,3443000000.0,,4011000000.0,2405000000.0,,,521964000000.0,,68336000000.0,281364000000.0,InterestExpense,InterestExpenseDeposits,InterestAndDividendIncomeOperating,,NoninterestExpense,NoninterestIncome,,,Assets,,StockholdersEquityIncludingPortionAttributableToNoncontrollingInterest,LoansAndLeasesReceivableNetReportedAmount,real_public_sec_edgar_wide,20212
TFC,TRUIST FINANCIAL CORP,0000092230,2021Q3,2021-09-30,193000000.0,33000000.0,3426000000.0,,3795000000.0,2365000000.0,,,529884000000.0,,68900000000.0,280820000000.0,InterestExpense,InterestExpenseDeposits,InterestAndDividendIncomeOperating,,NoninterestExpense,NoninterestIncome,,,Assets,,StockholdersEquityIncludingPortionAttributableToNoncontrollingInterest,LoansAndLeasesReceivableNetReportedAmount,real_public_sec_edgar_wide,20213
TFC,TRUIST FINANCIAL CORP,0000092230,2021Q4,2021-12-31,,,,,,,,,541241000000.0,416488000000.0,69271000000.0,285078000000.0,,,,,,,,,Assets,Deposits,StockholdersEquityIncludingPortionAttributableToNoncontrollingInterest,LoansAndLeasesReceivableNetReportedAmount,real_public_sec_edgar_wide,20214
TFC,TRUIST FINANCIAL CORP,0000092230,2022Q1,2022-03-31,174000000.0,32000000.0,3357000000.0,,3674000000.0,2142000000.0,,,543979000000.0,,65044000000.0,285911000000.0,InterestExpense,InterestExpenseDeposits,InterestAndDividendIncomeOperating,,NoninterestExpense,NoninterestIncome,,,Assets,,StockholdersEquityIncludingPortionAttributableToNoncontrollingInterest,LoansAndLeasesReceivableNetReportedAmount,real_public_sec_edgar_wide,20221
TFC,TRUIST FINANCIAL CORP,0000092230,2022Q2,2022-06-30,266000000.0,99000000.0,3673000000.0,,3580000000.0,2248000000.0,,,545123000000.0,,62999000000.0,299475000000.0,InterestExpense,InterestExpenseDeposits,InterestAndDividendIncomeOperating,,NoninterestExpense,NoninterestIncome,,,Assets,,StockholdersEquityIncludingPortionAttributableToNoncontrollingInterest,LoansAndLeasesReceivableNetReportedAmount,real_public_sec_edgar_wide,20222
TFC,TRUIST FINANCIAL CORP,0000092230,2022Q3,2022-09-30,624000000.0,331000000.0,4369000000.0,,3613000000.0,2102000000.0,,,548438000000.0,,60811000000.0,310130000000.0,InterestExpense,InterestExpenseDeposits,InterestAndDividendIncomeOperating,,NoninterestExpense,NoninterestIncome,,,Assets,,StockholdersEquityIncludingPortionAttributableToNoncontrollingInterest,LoansAndLeasesReceivableNetReportedAmount,real_public_sec_edgar_wide,20223
TFC,TRUIST FINANCIAL CORP,0000092230,2022Q4,2022-12-31,,683000000.0,5235000000.0,,1300000000.0,-832000000.0,,,,,60537000000.0,,,InterestExpenseDeposits,InterestAndDividendIncomeOperating,,NoninterestExpense,NoninterestIncome,,,,,StockholdersEquityIncludingPortionAttributableToNoncontrollingInterest,,real_public_sec_edgar_wide,20224
TFC,TRUIST FINANCIAL CORP,0000092230,2023Q1,2023-03-31,1917000000.0,1125000000.0,5784000000.0,,3015000000.0,1421000000.0,,,574354000000.0,,62394000000.0,323194000000.0,InterestExpense,InterestExpenseDeposits,InterestAndDividendIncomeOperating,,NoninterestExpense,NoninterestIncome,,,Assets,,StockholdersEquityIncludingPortionAttributableToNoncontrollingInterest,LoansAndLeasesReceivableNetReportedAmount,real_public_sec_edgar_wide,20231
TFC,TRUIST FINANCIAL CORP,0000092230,2023Q2,2023-06-30,2572000000.0,1527000000.0,6175000000.0,,3046000000.0,1380000000.0,,,554549000000.0,,63681000000.0,317486000000.0,InterestExpense,InterestExpenseDeposits,InterestAndDividendIncomeOperating,,NoninterestExpense,NoninterestIncome,,,Assets,,StockholdersEquityIncludingPortionAttributableToNoncontrollingInterest,LoansAndLeasesReceivableNetReportedAmount,real_public_sec_edgar_wide,20232
TFC,TRUIST FINANCIAL CORP,0000092230,2023Q3,2023-09-30,2692000000.0,1858000000.0,6227000000.0,,3060000000.0,1334000000.0,,,542707000000.0,,62007000000.0,311006000000.0,InterestExpenseOperating,InterestExpenseDeposits,InterestAndDividendIncomeOperating,,NoninterestExpense,NoninterestIncome,,,Assets,,StockholdersEquityIncludingPortionAttributableToNoncontrollingInterest,LoansAndLeasesReceivableNetReportedAmount,real_public_sec_edgar_wide,20233
TFC,TRUIST FINANCIAL CORP,0000092230,2023Q4,2023-12-31,,1917000000.0,6266000000.0,,9557000000.0,1363000000.0,,,535349000000.0,395865000000.0,59253000000.0,307263000000.0,,InterestExpenseDeposits,InterestAndDividendIncomeOperating,,NoninterestExpense,NoninterestIncome,,,Assets,Deposits,StockholdersEquityIncludingPortionAttributableToNoncontrollingInterest,FinancingReceivableExcludingAccruedInterestAfterAllowanceForCreditLoss,real_public_sec_edgar_wide,20234
TFC,TRUIST FINANCIAL CORP,0000092230,2024Q1,2024-03-31,2812000000.0,1964000000.0,6184000000.0,,2953000000.0,1446000000.0,,,534959000000.0,,59053000000.0,302421000000.0,InterestExpenseOperating,InterestExpenseDeposits,InterestAndDividendIncomeOperating,,NoninterestExpense,NoninterestIncome,,,Assets,,StockholdersEquityIncludingPortionAttributableToNoncontrollingInterest,LoansAndLeasesReceivableNetReportedAmount,real_public_sec_edgar_wide,20241
TFC,TRUIST FINANCIAL CORP,0000092230,2024Q2,2024-06-30,2824000000.0,2016000000.0,6351000000.0,,3094000000.0,-5212000000.0,,,519853000000.0,,63827000000.0,300884000000.0,InterestExpenseOperating,InterestExpenseDeposits,InterestAndDividendIncomeOperating,,NoninterestExpense,NoninterestIncome,,,Assets,,StockholdersEquityIncludingPortionAttributableToNoncontrollingInterest,LoansAndLeasesReceivableNetReportedAmount,real_public_sec_edgar_wide,20242
TFC,TRUIST FINANCIAL CORP,0000092230,2024Q3,2024-09-30,2750000000.0,2014000000.0,6352000000.0,,2927000000.0,1483000000.0,,,523434000000.0,,65696000000.0,298242000000.0,InterestExpenseOperating,InterestExpenseDeposits,InterestAndDividendIncomeOperating,,NoninterestExpense,NoninterestIncome,,,Assets,,StockholdersEquityIncludingPortionAttributableToNoncontrollingInterest,LoansAndLeasesReceivableNetReportedAmount,real_public_sec_edgar_wide,20243
TFC,TRUIST FINANCIAL CORP,0000092230,2024Q4,2024-12-31,2589000000.0,1855000000.0,6179000000.0,,3035000000.0,1470000000.0,,,531176000000.0,390524000000.0,63679000000.0,301526000000.0,InterestExpenseOperating,InterestExpenseDeposits,InterestAndDividendIncomeOperating,,NoninterestExpense,NoninterestIncome,,,Assets,Deposits,StockholdersEquityIncludingPortionAttributableToNoncontrollingInterest,FinancingReceivableExcludingAccruedInterestAfterAllowanceForCreditLoss,real_public_sec_edgar_wide,20244
TFC,TRUIST FINANCIAL CORP,0000092230,2025Q1,2025-03-31,2481000000.0,1736000000.0,5988000000.0,,2906000000.0,1392000000.0,,,535899000000.0,,64635000000.0,303768000000.0,InterestExpenseOperating,InterestExpenseDeposits,InterestAndDividendIncomeOperating,,NoninterestExpense,NoninterestIncome,,,Assets,,StockholdersEquityIncludingPortionAttributableToNoncontrollingInterest,FinancingReceivableExcludingAccruedInterestAfterAllowanceForCreditLoss,real_public_sec_edgar_wide,20251
TFC,TRUIST FINANCIAL CORP,0000092230,2025Q2,2025-06-30,2567000000.0,1844000000.0,6154000000.0,,2986000000.0,1400000000.0,,,543833000000.0,,64840000000.0,313897000000.0,InterestExpenseOperating,InterestExpenseDeposits,InterestAndDividendIncomeOperating,,NoninterestExpense,NoninterestIncome,,,Assets,,StockholdersEquityIncludingPortionAttributableToNoncontrollingInterest,FinancingReceivableExcludingAccruedInterestAfterAllowanceForCreditLoss,real_public_sec_edgar_wide,20252
TFC,TRUIST FINANCIAL CORP,0000092230,2025Q3,2025-09-30,2657000000.0,1835000000.0,6286000000.0,,3014000000.0,1558000000.0,,,543851000000.0,,65646000000.0,318750000000.0,InterestExpenseOperating,InterestExpenseDeposits,InterestAndDividendIncomeOperating,,NoninterestExpense,NoninterestIncome,,,Assets,,StockholdersEquityIncludingPortionAttributableToNoncontrollingInterest,FinancingReceivableExcludingAccruedInterestAfterAllowanceForCreditLoss,real_public_sec_edgar_wide,20253
TFC,TRUIST FINANCIAL CORP,0000092230,2025Q4,2025-12-31,2414000000.0,1633000000.0,6114000000.0,,3170000000.0,1546000000.0,,,547538000000.0,400398000000.0,65189000000.0,323565000000.0,InterestExpenseOperating,InterestExpenseDeposits,InterestAndDividendIncomeOperating,,NoninterestExpense,NoninterestIncome,,,Assets,Deposits,StockholdersEquityIncludingPortionAttributableToNoncontrollingInterest,FinancingReceivableExcludingAccruedInterestAfterAllowanceForCreditLoss,real_public_sec_edgar_wide,20254
TFC,TRUIST FINANCIAL CORP,0000092230,2026Q1,2026-03-31,2256000000.0,1525000000.0,5855000000.0,,2983000000.0,1553000000.0,,,548975000000.0,,64214000000.0,324212000000.0,InterestExpenseOperating,InterestExpenseDeposits,InterestAndDividendIncomeOperating,,NoninterestExpense,NoninterestIncome,,,Assets,,StockholdersEquityIncludingPortionAttributableToNoncontrollingInterest,FinancingReceivableExcludingAccruedInterestAfterAllowanceForCreditLoss,real_public_sec_edgar_wide,20261
USB,US BANCORP DE,0000036104,2018Q2,2018-06-30,751000000.0,427000000.0,3948000000.0,1750000000.0,3085000000.0,2414000000.0,,,461329000000.0,340080000000.0,50257000000.0,277354000000.0,InterestExpense,InterestExpenseDeposits,InterestAndDividendIncomeOperating,NetIncomeLoss,NoninterestExpense,NoninterestIncome,,,Assets,Deposits,StockholdersEquityIncludingPortionAttributableToNoncontrollingInterest,LoansAndLeasesReceivableNetOfDeferredIncome,real_public_sec_edgar_wide,20182
USB,US BANCORP DE,0000036104,2018Q3,2018-09-30,872000000.0,491000000.0,4123000000.0,1815000000.0,3044000000.0,2418000000.0,,,464607000000.0,331178000000.0,51007000000.0,280061000000.0,InterestExpense,InterestExpenseDeposits,InterestAndDividendIncomeOperating,NetIncomeLoss,NoninterestExpense,NoninterestIncome,,,Assets,Deposits,StockholdersEquityIncludingPortionAttributableToNoncontrollingInterest,LoansAndLeasesReceivableNetOfDeferredIncome,real_public_sec_edgar_wide,20183
USB,US BANCORP DE,0000036104,2018Q4,2018-12-31,1008000000.0,606000000.0,4311000000.0,1856000000.0,3280000000.0,2498000000.0,,,467374000000.0,345475000000.0,51657000000.0,282837000000.0,InterestExpense,InterestExpenseDeposits,InterestAndDividendIncomeOperating,NetIncomeLoss,NoninterestExpense,NoninterestIncome,,,Assets,Deposits,StockholdersEquityIncludingPortionAttributableToNoncontrollingInterest,LoansAndLeasesReceivableNetReportedAmount,real_public_sec_edgar_wide,20184
USB,US BANCORP DE,0000036104,2019Q1,2019-03-31,1092000000.0,695000000.0,4351000000.0,1699000000.0,3087000000.0,2291000000.0,,,475775000000.0,348087000000.0,52686000000.0,283709000000.0,InterestExpense,InterestExpenseDeposits,InterestAndDividendIncomeOperating,NetIncomeLoss,NoninterestExpense,NoninterestIncome,,,Assets,Deposits,StockholdersEquityIncludingPortionAttributableToNoncontrollingInterest,LoansAndLeasesReceivableNetReportedAmount,real_public_sec_edgar_wide,20191
USB,US BANCORP DE,0000036104,2019Q2,2019-06-30,1146000000.0,762000000.0,4451000000.0,1821000000.0,3153000000.0,2490000000.0,,,481719000000.0,353177000000.0,53540000000.0,288009000000.0,InterestExpense,InterestExpenseDeposits,InterestAndDividendIncomeOperating,NetIncomeLoss,NoninterestExpense,NoninterestIncome,,,Assets,Deposits,StockholdersEquityIncludingPortionAttributableToNoncontrollingInterest,LoansAndLeasesReceivableNetReportedAmount,real_public_sec_edgar_wide,20192
USB,US BANCORP DE,0000036104,2019Q3,2019-09-30,1156000000.0,744000000.0,4437000000.0,1908000000.0,3144000000.0,2614000000.0,,,487671000000.0,359715000000.0,54147000000.0,290631000000.0,InterestExpense,InterestExpenseDeposits,InterestAndDividendIncomeOperating,NetIncomeLoss,NoninterestExpense,NoninterestIncome,,,Assets,Deposits,StockholdersEquityIncludingPortionAttributableToNoncontrollingInterest,LoansAndLeasesReceivableNetReportedAmount,real_public_sec_edgar_wide,20193
USB,US BANCORP DE,0000036104,2019Q4,2019-12-31,1048000000.0,654000000.0,4255000000.0,1486000000.0,3401000000.0,2436000000.0,,,495426000000.0,361916000000.0,52483000000.0,292082000000.0,InterestExpense,InterestExpenseDeposits,InterestAndDividendIncomeOperating,NetIncomeLoss,NoninterestExpense,NoninterestIncome,,,Assets,Deposits,StockholdersEquityIncludingPortionAttributableToNoncontrollingInterest,LoansAndLeasesReceivableNetReportedAmount,real_public_sec_edgar_wide,20194
USB,US BANCORP DE,0000036104,2020Q1,2020-03-31,893000000.0,525000000.0,4116000000.0,1171000000.0,3316000000.0,2525000000.0,,,542909000000.0,394854000000.0,52162000000.0,312089000000.0,InterestExpense,InterestExpenseDeposits,InterestAndDividendIncomeOperating,NetIncomeLoss,NoninterestExpense,NoninterestIncome,,,Assets,Deposits,StockholdersEquityIncludingPortionAttributableToNoncontrollingInterest,LoansAndLeasesReceivableNetReportedAmount,real_public_sec_edgar_wide,20201
USB,US BANCORP DE,0000036104,2020Q2,2020-06-30,472000000.0,194000000.0,3672000000.0,689000000.0,3318000000.0,2614000000.0,,,546652000000.0,413306000000.0,52480000000.0,302952000000.0,InterestExpense,InterestExpenseDeposits,InterestAndDividendIncomeOperating,NetIncomeLoss,NoninterestExpense,NoninterestIncome,,,Assets,Deposits,StockholdersEquityIncludingPortionAttributableToNoncontrollingInterest,LoansAndLeasesReceivableNetReportedAmount,real_public_sec_edgar_wide,20202
USB,US BANCORP DE,0000036104,2020Q3,2020-09-30,346000000.0,130000000.0,3573000000.0,1580000000.0,3371000000.0,2712000000.0,,,540455000000.0,413217000000.0,53195000000.0,299578000000.0,InterestExpense,InterestExpenseDeposits,InterestAndDividendIncomeOperating,NetIncomeLoss,NoninterestExpense,NoninterestIncome,,,Assets,Deposits,StockholdersEquityIncludingPortionAttributableToNoncontrollingInterest,LoansAndLeasesReceivableNetReportedAmount,real_public_sec_edgar_wide,20203
USB,US BANCORP DE,0000036104,2020Q4,2020-12-31,304000000.0,101000000.0,3479000000.0,1519000000.0,3364000000.0,2550000000.0,,,553905000000.0,429770000000.0,53725000000.0,290393000000.0,InterestExpense,InterestExpenseDeposits,InterestAndDividendIncomeOperating,NetIncomeLoss,NoninterestExpense,NoninterestIncome,,,Assets,Deposits,StockholdersEquityIncludingPortionAttributableToNoncontrollingInterest,LoansAndLeasesReceivableNetReportedAmount,real_public_sec_edgar_wide,20204
USB,US BANCORP DE,0000036104,2021Q1,2021-03-31,278000000.0,85000000.0,3341000000.0,2280000000.0,3379000000.0,2381000000.0,,,553375000000.0,433761000000.0,52308000000.0,288084000000.0,InterestExpense,InterestExpenseDeposits,InterestAndDividendIncomeOperating,NetIncomeLoss,NoninterestExpense,NoninterestIncome,,,Assets,Deposits,StockholdersEquityIncludingPortionAttributableToNoncontrollingInterest,LoansAndLeasesReceivableNetReportedAmount,real_public_sec_edgar_wide,20211
USB,US BANCORP DE,0000036104,2021Q2,2021-06-30,245000000.0,82000000.0,3382000000.0,1982000000.0,3387000000.0,2619000000.0,,,558886000000.0,437182000000.0,53674000000.0,290886000000.0,InterestExpense,InterestExpenseDeposits,InterestAndDividendIncomeOperating,NetIncomeLoss,NoninterestExpense,NoninterestIncome,,,Assets,Deposits,StockholdersEquityIncludingPortionAttributableToNoncontrollingInterest,LoansAndLeasesReceivableNetReportedAmount,real_public_sec_edgar_wide,20212
USB,US BANCORP DE,0000036104,2021Q3,2021-09-30,238000000.0,78000000.0,3409000000.0,2028000000.0,3429000000.0,2693000000.0,,,567495000000.0,442902000000.0,54378000000.0,291816000000.0,InterestExpense,InterestExpenseDeposits,InterestAndDividendIncomeOperating,NetIncomeLoss,NoninterestExpense,NoninterestIncome,,,Assets,Deposits,StockholdersEquityIncludingPortionAttributableToNoncontrollingInterest,LoansAndLeasesReceivableNetReportedAmount,real_public_sec_edgar_wide,20213
USB,US BANCORP DE,0000036104,2021Q4,2021-12-31,232000000.0,75000000.0,3355000000.0,1673000000.0,3533000000.0,2534000000.0,,,573284000000.0,456083000000.0,55387000000.0,306304000000.0,InterestExpense,InterestExpenseDeposits,InterestAndDividendIncomeOperating,NetIncomeLoss,NoninterestExpense,NoninterestIncome,,,Assets,Deposits,StockholdersEquityIncludingPortionAttributableToNoncontrollingInterest,LoansAndLeasesReceivableNetReportedAmount,real_public_sec_edgar_wide,20214
USB,US BANCORP DE,0000036104,2022Q1,2022-03-31,245000000.0,80000000.0,3418000000.0,1557000000.0,3502000000.0,2396000000.0,,,586517000000.0,461546000000.0,51668000000.0,313270000000.0,InterestExpense,InterestExpenseDeposits,InterestAndDividendIncomeOperating,NetIncomeLoss,NoninterestExpense,NoninterestIncome,,,Assets,Deposits,StockholdersEquityIncludingPortionAttributableToNoncontrollingInterest,LoansAndLeasesReceivableNetReportedAmount,real_public_sec_edgar_wide,20221
USB,US BANCORP DE,0000036104,2022Q2,2022-06-30,390000000.0,177000000.0,3825000000.0,1531000000.0,3724000000.0,2548000000.0,,,591381000000.0,467102000000.0,49069000000.0,326537000000.0,InterestExpense,InterestExpenseDeposits,InterestAndDividendIncomeOperating,NetIncomeLoss,NoninterestExpense,NoninterestIncome,,,Assets,Deposits,StockholdersEquityIncludingPortionAttributableToNoncontrollingInterest,LoansAndLeasesReceivableNetReportedAmount,real_public_sec_edgar_wide,20222
USB,US BANCORP DE,0000036104,2022Q3,2022-09-30,901000000.0,534000000.0,4728000000.0,1812000000.0,3637000000.0,2469000000.0,,,600973000000.0,471148000000.0,47978000000.0,336691000000.0,InterestExpense,InterestExpenseDeposits,InterestAndDividendIncomeOperating,NetIncomeLoss,NoninterestExpense,NoninterestIncome,,,Assets,Deposits,StockholdersEquityIncludingPortionAttributableToNoncontrollingInterest,LoansAndLeasesReceivableNetReportedAmount,real_public_sec_edgar_wide,20223
USB,US BANCORP DE,0000036104,2022Q4,2022-12-31,1681000000.0,1081000000.0,5974000000.0,925000000.0,4043000000.0,2043000000.0,,,674805000000.0,524976000000.0,51232000000.0,381277000000.0,InterestExpense,InterestExpenseDeposits,InterestAndDividendIncomeOperating,NetIncomeLoss,NoninterestExpense,NoninterestIncome,,,Assets,Deposits,StockholdersEquityIncludingPortionAttributableToNoncontrollingInterest,FinancingReceivableExcludingAccruedInterestAfterAllowanceForCreditLoss,real_public_sec_edgar_wide,20224
USB,US BANCORP DE,0000036104,2023Q1,2023-03-31,2330000000.0,1505000000.0,6964000000.0,1698000000.0,4555000000.0,2507000000.0,,,682377000000.0,505339000000.0,53454000000.0,380846000000.0,InterestExpense,InterestExpenseDeposits,InterestAndDividendIncomeOperating,NetIncomeLoss,NoninterestExpense,NoninterestIncome,,,Assets,Deposits,StockholdersEquityIncludingPortionAttributableToNoncontrollingInterest,LoansAndLeasesReceivableNetReportedAmount,real_public_sec_edgar_wide,20231
USB,US BANCORP DE,0000036104,2023Q2,2023-06-30,3111000000.0,1939000000.0,7526000000.0,1361000000.0,4569000000.0,2726000000.0,,,680825000000.0,521600000000.0,53484000000.0,372264000000.0,InterestExpenseOperating,InterestExpenseDeposits,InterestAndDividendIncomeOperating,NetIncomeLoss,NoninterestExpense,NoninterestIncome,,,Assets,Deposits,StockholdersEquityIncludingPortionAttributableToNoncontrollingInterest,LoansAndLeasesReceivableNetReportedAmount,real_public_sec_edgar_wide,20232
USB,US BANCORP DE,0000036104,2023Q3,2023-09-30,3518000000.0,2580000000.0,7754000000.0,1523000000.0,4530000000.0,2764000000.0,,,668039000000.0,518358000000.0,53578000000.0,368016000000.0,InterestExpenseOperating,InterestExpenseDeposits,InterestAndDividendIncomeOperating,NetIncomeLoss,NoninterestExpense,NoninterestIncome,,,Assets,Deposits,StockholdersEquityIncludingPortionAttributableToNoncontrollingInterest,LoansAndLeasesReceivableNetReportedAmount,real_public_sec_edgar_wide,20233
USB,US BANCORP DE,0000036104,2023Q4,2023-12-31,3652000000.0,2751000000.0,7763000000.0,847000000.0,5219000000.0,2620000000.0,,,663491000000.0,512312000000.0,55771000000.0,366456000000.0,InterestExpense,InterestExpenseDeposits,InterestAndDividendIncomeOperating,NetIncomeLoss,NoninterestExpense,NoninterestIncome,,,Assets,Deposits,StockholdersEquityIncludingPortionAttributableToNoncontrollingInterest,FinancingReceivableExcludingAccruedInterestAfterAllowanceForCreditLoss,real_public_sec_edgar_wide,20234
USB,US BANCORP DE,0000036104,2024Q1,2024-03-31,3779000000.0,2884000000.0,7764000000.0,1319000000.0,4459000000.0,2700000000.0,,,683606000000.0,528063000000.0,56033000000.0,367074000000.0,InterestExpenseOperating,InterestExpenseDeposits,InterestAndDividendIncomeOperating,NetIncomeLoss,NoninterestExpense,NoninterestIncome,,,Assets,Deposits,StockholdersEquityIncludingPortionAttributableToNoncontrollingInterest,FinancingReceivableExcludingAccruedInterestAfterAllowanceForCreditLoss,real_public_sec_edgar_wide,20241
USB,US BANCORP DE,0000036104,2024Q2,2024-06-30,3962000000.0,3028000000.0,7985000000.0,1603000000.0,4214000000.0,2815000000.0,,,680058000000.0,523785000000.0,56885000000.0,368584000000.0,InterestExpenseOperating,InterestExpenseDeposits,InterestAndDividendIncomeOperating,NetIncomeLoss,NoninterestExpense,NoninterestIncome,,,Assets,Deposits,StockholdersEquityIncludingPortionAttributableToNoncontrollingInterest,FinancingReceivableExcludingAccruedInterestAfterAllowanceForCreditLoss,real_public_sec_edgar_wide,20242
USB,US BANCORP DE,0000036104,2024Q3,2024-09-30,3951000000.0,3004000000.0,8086000000.0,1714000000.0,4204000000.0,2698000000.0,,,686469000000.0,521131000000.0,59321000000.0,366604000000.0,InterestExpenseOperating,InterestExpenseDeposits,InterestAndDividendIncomeOperating,NetIncomeLoss,NoninterestExpense,NoninterestIncome,,,Assets,Deposits,StockholdersEquityIncludingPortionAttributableToNoncontrollingInterest,FinancingReceivableExcludingAccruedInterestAfterAllowanceForCreditLoss,real_public_sec_edgar_wide,20243
USB,US BANCORP DE,0000036104,2024Q4,2024-12-31,3685000000.0,2772000000.0,7831000000.0,1663000000.0,4311000000.0,2833000000.0,,,678318000000.0,518309000000.0,59040000000.0,372249000000.0,InterestExpenseOperating,InterestExpenseDeposits,InterestAndDividendIncomeOperating,NetIncomeLoss,NoninterestExpense,NoninterestIncome,,,Assets,Deposits,StockholdersEquityIncludingPortionAttributableToNoncontrollingInterest,FinancingReceivableExcludingAccruedInterestAfterAllowanceForCreditLoss,real_public_sec_edgar_wide,20244
USB,US BANCORP DE,0000036104,2025Q1,2025-03-31,3424000000.0,2511000000.0,7516000000.0,1709000000.0,4232000000.0,2836000000.0,,,676489000000.0,512525000000.0,60558000000.0,374235000000.0,InterestExpenseOperating,InterestExpenseDeposits,InterestAndDividendIncomeOperating,NetIncomeLoss,NoninterestExpense,NoninterestIncome,,,Assets,Deposits,StockholdersEquityIncludingPortionAttributableToNoncontrollingInterest,FinancingReceivableExcludingAccruedInterestAfterAllowanceForCreditLoss,real_public_sec_edgar_wide,20251
USB,US BANCORP DE,0000036104,2025Q2,2025-06-30,3553000000.0,2541000000.0,7604000000.0,1815000000.0,4181000000.0,2924000000.0,,,686370000000.0,518717000000.0,61896000000.0,372706000000.0,InterestExpenseOperating,InterestExpenseDeposits,InterestAndDividendIncomeOperating,NetIncomeLoss,NoninterestExpense,NoninterestIncome,,,Assets,Deposits,StockholdersEquityIncludingPortionAttributableToNoncontrollingInterest,FinancingReceivableExcludingAccruedInterestAfterAllowanceForCreditLoss,real_public_sec_edgar_wide,20252
USB,US BANCORP DE,0000036104,2025Q3,2025-09-30,3705000000.0,2648000000.0,7927000000.0,2001000000.0,4197000000.0,3078000000.0,,,695357000000.0,526149000000.0,63798000000.0,374960000000.0,InterestExpenseOperating,InterestExpenseDeposits,InterestAndDividendIncomeOperating,NetIncomeLoss,NoninterestExpense,NoninterestIncome,,,Assets,Deposits,StockholdersEquityIncludingPortionAttributableToNoncontrollingInterest,FinancingReceivableExcludingAccruedInterestAfterAllowanceForCreditLoss,real_public_sec_edgar_wide,20253
USB,US BANCORP DE,0000036104,2025Q4,2025-12-31,3639000000.0,2451000000.0,7923000000.0,2045000000.0,4227000000.0,3053000000.0,,,692345000000.0,522216000000.0,65651000000.0,383730000000.0,InterestExpenseOperating,InterestExpenseDeposits,InterestAndDividendIncomeOperating,NetIncomeLoss,NoninterestExpense,NoninterestIncome,,,Assets,Deposits,StockholdersEquityIncludingPortionAttributableToNoncontrollingInterest,FinancingReceivableExcludingAccruedInterestAfterAllowanceForCreditLoss,real_public_sec_edgar_wide,20254
USB,US BANCORP DE,0000036104,2026Q1,2026-03-31,3575000000.0,2284000000.0,7838000000.0,1945000000.0,4265000000.0,2997000000.0,,,700998000000.0,528178000000.0,66247000000.0,392150000000.0,InterestExpenseOperating,InterestExpenseDeposits,InterestAndDividendIncomeOperating,NetIncomeLoss,NoninterestExpense,NoninterestIncome,,,Assets,Deposits,StockholdersEquityIncludingPortionAttributableToNoncontrollingInterest,FinancingReceivableExcludingAccruedInterestAfterAllowanceForCreditLoss,real_public_sec_edgar_wide,20261
WFC,WELLS FARGO & COMPANY/MN,0000072971,2018Q2,2018-06-30,3474000000.0,1268000000.0,16015000000.0,5186000000.0,13982000000.0,9012000000.0,,,1879700000000.0,1268864000000.0,206069000000.0,934072000000.0,InterestExpense,InterestExpenseDeposits,InterestAndDividendIncomeOperating,NetIncomeLoss,NoninterestExpense,NoninterestIncome,,,Assets,Deposits,StockholdersEquityIncludingPortionAttributableToNoncontrollingInterest,LoansAndLeasesReceivableNetReportedAmount,real_public_sec_edgar_wide,20182
WFC,WELLS FARGO & COMPANY/MN,0000072971,2018Q3,2018-09-30,3792000000.0,1499000000.0,16364000000.0,6007000000.0,13763000000.0,9369000000.0,,,1872981000000.0,1266594000000.0,199679000000.0,932279000000.0,InterestExpense,InterestExpenseDeposits,InterestAndDividendIncomeOperating,NetIncomeLoss,NoninterestExpense,NoninterestIncome,,,Assets,Deposits,StockholdersEquityIncludingPortionAttributableToNoncontrollingInterest,LoansAndLeasesReceivableNetReportedAmount,real_public_sec_edgar_wide,20183
WFC,WELLS FARGO & COMPANY/MN,0000072971,2018Q4,2018-12-31,4277000000.0,1765000000.0,16921000000.0,6064000000.0,13339000000.0,8336000000.0,,,1895883000000.0,1286170000000.0,197066000000.0,943335000000.0,InterestExpense,InterestExpenseDeposits,InterestAndDividendIncomeOperating,NetIncomeLoss,NoninterestExpense,NoninterestIncome,,,Assets,Deposits,StockholdersEquityIncludingPortionAttributableToNoncontrollingInterest,LoansAndLeasesReceivableNetReportedAmount,real_public_sec_edgar_wide,20184
WFC,WELLS FARGO & COMPANY/MN,0000072971,2019Q1,2019-03-31,4692000000.0,2026000000.0,17003000000.0,5860000000.0,13916000000.0,9298000000.0,,,1887792000000.0,1264013000000.0,198733000000.0,938349000000.0,InterestExpense,InterestExpenseDeposits,InterestAndDividendIncomeOperating,NetIncomeLoss,NoninterestExpense,NoninterestIncome,,,Assets,Deposits,StockholdersEquityIncludingPortionAttributableToNoncontrollingInterest,LoansAndLeasesReceivableNetReportedAmount,real_public_sec_edgar_wide,20191
WFC,WELLS FARGO & COMPANY/MN,0000072971,2019Q2,2019-06-30,4891000000.0,2213000000.0,16986000000.0,6206000000.0,13449000000.0,9489000000.0,,,1923388000000.0,1288426000000.0,200037000000.0,940186000000.0,InterestExpense,InterestExpenseDeposits,InterestAndDividendIncomeOperating,NetIncomeLoss,NoninterestExpense,NoninterestIncome,,,Assets,Deposits,StockholdersEquityIncludingPortionAttributableToNoncontrollingInterest,LoansAndLeasesReceivableNetReportedAmount,real_public_sec_edgar_wide,20192
WFC,WELLS FARGO & COMPANY/MN,0000072971,2019Q3,2019-09-30,4874000000.0,2324000000.0,16499000000.0,4610000000.0,15199000000.0,10385000000.0,,,1943950000000.0,1308495000000.0,194416000000.0,945200000000.0,InterestExpense,InterestExpenseDeposits,InterestAndDividendIncomeOperating,NetIncomeLoss,NoninterestExpense,NoninterestIncome,,,Assets,Deposits,StockholdersEquityIncludingPortionAttributableToNoncontrollingInterest,LoansAndLeasesReceivableNetReportedAmount,real_public_sec_edgar_wide,20193
WFC,WELLS FARGO & COMPANY/MN,0000072971,2019Q4,2019-12-31,4395000000.0,2072000000.0,15667000000.0,3039000000.0,15614000000.0,10357000000.0,,,1927555000000.0,1322626000000.0,187702000000.0,952714000000.0,InterestExpense,InterestExpenseDeposits,InterestAndDividendIncomeOperating,NetIncomeLoss,NoninterestExpense,NoninterestIncome,,,Assets,Deposits,StockholdersEquityIncludingPortionAttributableToNoncontrollingInterest,LoansAndLeasesReceivableNetReportedAmount,real_public_sec_edgar_wide,20194
WFC,WELLS FARGO & COMPANY/MN,0000072971,2020Q1,2020-03-31,3415000000.0,1742000000.0,14727000000.0,653000000.0,13048000000.0,6405000000.0,,,1981349000000.0,1376532000000.0,183310000000.0,998580000000.0,InterestExpense,InterestExpenseDeposits,InterestAndDividendIncomeOperating,NetIncomeLoss,NoninterestExpense,NoninterestIncome,,,Assets,Deposits,StockholdersEquityIncludingPortionAttributableToNoncontrollingInterest,LoansAndLeasesReceivableNetReportedAmount,real_public_sec_edgar_wide,20201
WFC,WELLS FARGO & COMPANY/MN,0000072971,2020Q2,2020-06-30,1921000000.0,585000000.0,11813000000.0,-3846000000.0,14551000000.0,8394000000.0,,,1967048000000.0,1410711000000.0,178635000000.0,916229000000.0,InterestExpense,InterestExpenseDeposits,InterestAndDividendIncomeOperating,NetIncomeLoss,NoninterestExpense,NoninterestIncome,,,Assets,Deposits,StockholdersEquityIncludingPortionAttributableToNoncontrollingInterest,LoansAndLeasesReceivableNetReportedAmount,real_public_sec_edgar_wide,20202
WFC,WELLS FARGO & COMPANY/MN,0000072971,2020Q3,2020-09-30,1432000000.0,314000000.0,10811000000.0,3216000000.0,15229000000.0,9937000000.0,,,1920399000000.0,1383215000000.0,181727000000.0,900619000000.0,InterestExpense,InterestExpenseDeposits,InterestAndDividendIncomeOperating,NetIncomeLoss,NoninterestExpense,NoninterestIncome,,,Assets,Deposits,StockholdersEquityIncludingPortionAttributableToNoncontrollingInterest,LoansAndLeasesReceivableNetReportedAmount,real_public_sec_edgar_wide,20203
WFC,WELLS FARGO & COMPANY/MN,0000072971,2020Q4,2020-12-31,1195000000.0,163000000.0,10568000000.0,3354000000.0,14802000000.0,9572000000.0,,,1952911000000.0,1404381000000.0,184994000000.0,869121000000.0,InterestExpense,InterestExpenseDeposits,InterestAndDividendIncomeOperating,NetIncomeLoss,NoninterestExpense,NoninterestIncome,,,Assets,Deposits,StockholdersEquityIncludingPortionAttributableToNoncontrollingInterest,LoansAndLeasesReceivableNetReportedAmount,real_public_sec_edgar_wide,20204
WFC,WELLS FARGO & COMPANY/MN,0000072971,2021Q1,2021-03-31,1238000000.0,112000000.0,10046000000.0,4636000000.0,13989000000.0,9724000000.0,,,1957264000000.0,1437119000000.0,188034000000.0,844644000000.0,InterestExpense,InterestExpenseDeposits,InterestAndDividendIncomeOperating,NetIncomeLoss,NoninterestExpense,NoninterestIncome,,,Assets,Deposits,StockholdersEquityIncludingPortionAttributableToNoncontrollingInterest,LoansAndLeasesReceivableNetReportedAmount,real_public_sec_edgar_wide,20211
WFC,WELLS FARGO & COMPANY/MN,0000072971,2021Q2,2021-06-30,893000000.0,92000000.0,9693000000.0,6040000000.0,13341000000.0,11470000000.0,,,1945996000000.0,1440472000000.0,193127000000.0,837152000000.0,InterestExpense,InterestExpenseDeposits,InterestAndDividendIncomeOperating,NetIncomeLoss,NoninterestExpense,NoninterestIncome,,,Assets,Deposits,StockholdersEquityIncludingPortionAttributableToNoncontrollingInterest,LoansAndLeasesReceivableNetReportedAmount,real_public_sec_edgar_wide,20212
WFC,WELLS FARGO & COMPANY/MN,0000072971,2021Q3,2021-09-30,925000000.0,99000000.0,9834000000.0,5122000000.0,13303000000.0,9925000000.0,,,1954901000000.0,1470379000000.0,191071000000.0,849310000000.0,InterestExpense,InterestExpenseDeposits,InterestAndDividendIncomeOperating,NetIncomeLoss,NoninterestExpense,NoninterestIncome,,,Assets,Deposits,StockholdersEquityIncludingPortionAttributableToNoncontrollingInterest,LoansAndLeasesReceivableNetReportedAmount,real_public_sec_edgar_wide,20213
WFC,WELLS FARGO & COMPANY/MN,0000072971,2021Q4,2021-12-31,859000000.0,85000000.0,10121000000.0,6311000000.0,13125000000.0,12268000000.0,,,1948068000000.0,1482479000000.0,189889000000.0,882904000000.0,InterestExpense,InterestExpenseDeposits,InterestAndDividendIncomeOperating,NetIncomeLoss,NoninterestExpense,NoninterestIncome,,,Assets,Deposits,StockholdersEquityIncludingPortionAttributableToNoncontrollingInterest,LoansAndLeasesReceivableNetReportedAmount,real_public_sec_edgar_wide,20214
WFC,WELLS FARGO & COMPANY/MN,0000072971,2022Q1,2022-03-31,960000000.0,83000000.0,10181000000.0,3788000000.0,13851000000.0,8507000000.0,,,1939709000000.0,1481354000000.0,181597000000.0,900303000000.0,InterestExpense,InterestExpenseDeposits,InterestAndDividendIncomeOperating,NetIncomeLoss,NoninterestExpense,NoninterestIncome,,,Assets,Deposits,StockholdersEquityIncludingPortionAttributableToNoncontrollingInterest,LoansAndLeasesReceivableNetReportedAmount,real_public_sec_edgar_wide,20221
WFC,WELLS FARGO & COMPANY/MN,0000072971,2022Q2,2022-06-30,1358000000.0,158000000.0,11556000000.0,3142000000.0,12862000000.0,6842000000.0,,,1881141000000.0,1425153000000.0,179798000000.0,931948000000.0,InterestExpense,InterestExpenseDeposits,InterestAndDividendIncomeOperating,NetIncomeLoss,NoninterestExpense,NoninterestIncome,,,Assets,Deposits,StockholdersEquityIncludingPortionAttributableToNoncontrollingInterest,LoansAndLeasesReceivableNetReportedAmount,real_public_sec_edgar_wide,20222
WFC,WELLS FARGO & COMPANY/MN,0000072971,2022Q3,2022-09-30,2396000000.0,513000000.0,14494000000.0,3592000000.0,14306000000.0,7468000000.0,,,1877719000000.0,1398151000000.0,178478000000.0,,InterestExpense,InterestExpenseDeposits,InterestAndDividendIncomeOperating,NetIncomeLoss,NoninterestExpense,NoninterestIncome,,,Assets,Deposits,StockholdersEquityIncludingPortionAttributableToNoncontrollingInterest,,real_public_sec_edgar_wide,20223
WFC,WELLS FARGO & COMPANY/MN,0000072971,2022Q4,2022-12-31,4360000000.0,1595000000.0,17793000000.0,3155000000.0,16186000000.0,6601000000.0,,,1881020000000.0,1383985000000.0,182213000000.0,,InterestExpense,InterestExpenseDeposits,InterestAndDividendIncomeOperating,NetIncomeLoss,NoninterestExpense,NoninterestIncome,,,Assets,Deposits,StockholdersEquityIncludingPortionAttributableToNoncontrollingInterest,,real_public_sec_edgar_wide,20224
WFC,WELLS FARGO & COMPANY/MN,0000072971,2023Q1,2023-03-31,6020000000.0,2761000000.0,19356000000.0,4991000000.0,13676000000.0,7393000000.0,,,1886400000000.0,1362629000000.0,183220000000.0,,InterestExpense,InterestExpenseDeposits,InterestAndDividendIncomeOperating,NetIncomeLoss,NoninterestExpense,NoninterestIncome,,,Assets,Deposits,StockholdersEquityIncludingPortionAttributableToNoncontrollingInterest,,real_public_sec_edgar_wide,20231
WFC,WELLS FARGO & COMPANY/MN,0000072971,2023Q2,2023-06-30,7667000000.0,3805000000.0,20830000000.0,4938000000.0,12987000000.0,7370000000.0,,,1876320000000.0,1344584000000.0,181952000000.0,,InterestExpense,InterestExpenseDeposits,InterestAndDividendIncomeOperating,NetIncomeLoss,NoninterestExpense,NoninterestIncome,,,Assets,Deposits,StockholdersEquityIncludingPortionAttributableToNoncontrollingInterest,,real_public_sec_edgar_wide,20232
WFC,WELLS FARGO & COMPANY/MN,0000072971,2023Q3,2023-09-30,8988000000.0,4608000000.0,22093000000.0,5767000000.0,13113000000.0,7752000000.0,,,1909261000000.0,1354010000000.0,182373000000.0,,InterestExpenseOperating,InterestExpenseDeposits,InterestAndDividendIncomeOperating,NetIncomeLoss,NoninterestExpense,NoninterestIncome,,,Assets,Deposits,StockholdersEquityIncludingPortionAttributableToNoncontrollingInterest,,real_public_sec_edgar_wide,20233
WFC,WELLS FARGO & COMPANY/MN,0000072971,2023Q4,2023-12-31,10068000000.0,5329000000.0,22839000000.0,3446000000.0,15786000000.0,7707000000.0,,,1932468000000.0,1358173000000.0,187443000000.0,,InterestExpense,InterestExpenseDeposits,InterestAndDividendIncomeOperating,NetIncomeLoss,NoninterestExpense,NoninterestIncome,,,Assets,Deposits,StockholdersEquityIncludingPortionAttributableToNoncontrollingInterest,,real_public_sec_edgar_wide,20234
WFC,WELLS FARGO & COMPANY/MN,0000072971,2024Q1,2024-03-31,10613000000.0,5811000000.0,22840000000.0,4619000000.0,14338000000.0,8636000000.0,,,1959153000000.0,1383147000000.0,182674000000.0,,InterestExpenseOperating,InterestExpenseDeposits,InterestAndDividendIncomeOperating,NetIncomeLoss,NoninterestExpense,NoninterestIncome,,,Assets,Deposits,StockholdersEquityIncludingPortionAttributableToNoncontrollingInterest,,real_public_sec_edgar_wide,20241
WFC,WELLS FARGO & COMPANY/MN,0000072971,2024Q2,2024-06-30,10961000000.0,6149000000.0,22884000000.0,4910000000.0,13293000000.0,8766000000.0,,,1940073000000.0,1365894000000.0,178148000000.0,,InterestExpenseOperating,InterestExpenseDeposits,InterestAndDividendIncomeOperating,NetIncomeLoss,NoninterestExpense,NoninterestIncome,,,Assets,Deposits,StockholdersEquityIncludingPortionAttributableToNoncontrollingInterest,,real_public_sec_edgar_wide,20242
WFC,WELLS FARGO & COMPANY/MN,0000072971,2024Q3,2024-09-30,11308000000.0,6445000000.0,22998000000.0,5114000000.0,13067000000.0,8676000000.0,,,1922125000000.0,1349646000000.0,185011000000.0,,InterestExpenseOperating,InterestExpenseDeposits,InterestAndDividendIncomeOperating,NetIncomeLoss,NoninterestExpense,NoninterestIncome,,,Assets,Deposits,StockholdersEquityIncludingPortionAttributableToNoncontrollingInterest,,real_public_sec_edgar_wide,20243
WFC,WELLS FARGO & COMPANY/MN,0000072971,2024Q4,2024-12-31,10219000000.0,5877000000.0,22055000000.0,5079000000.0,13900000000.0,8542000000.0,,,1929845000000.0,1371804000000.0,181066000000.0,,InterestExpenseOperating,InterestExpenseDeposits,InterestAndDividendIncomeOperating,NetIncomeLoss,NoninterestExpense,NoninterestIncome,,,Assets,Deposits,StockholdersEquityIncludingPortionAttributableToNoncontrollingInterest,,real_public_sec_edgar_wide,20244
WFC,WELLS FARGO & COMPANY/MN,0000072971,2025Q1,2025-03-31,9478000000.0,5209000000.0,20973000000.0,4894000000.0,13891000000.0,8654000000.0,,,1950311000000.0,1361728000000.0,182906000000.0,,InterestExpenseOperating,InterestExpenseDeposits,InterestAndDividendIncomeOperating,NetIncomeLoss,NoninterestExpense,NoninterestIncome,,,Assets,Deposits,StockholdersEquityIncludingPortionAttributableToNoncontrollingInterest,,real_public_sec_edgar_wide,20251
WFC,WELLS FARGO & COMPANY/MN,0000072971,2025Q2,2025-06-30,9612000000.0,5061000000.0,21320000000.0,5494000000.0,13379000000.0,9114000000.0,,,1981269000000.0,1340703000000.0,182954000000.0,,InterestExpenseOperating,InterestExpenseDeposits,InterestAndDividendIncomeOperating,NetIncomeLoss,NoninterestExpense,NoninterestIncome,,,Assets,Deposits,StockholdersEquityIncludingPortionAttributableToNoncontrollingInterest,,real_public_sec_edgar_wide,20252
WFC,WELLS FARGO & COMPANY/MN,0000072971,2025Q3,2025-09-30,10469000000.0,5188000000.0,22419000000.0,5589000000.0,13846000000.0,9486000000.0,,,2062926000000.0,1367361000000.0,183012000000.0,,InterestExpenseOperating,InterestExpenseDeposits,InterestAndDividendIncomeOperating,NetIncomeLoss,NoninterestExpense,NoninterestIncome,,,Assets,Deposits,StockholdersEquityIncludingPortionAttributableToNoncontrollingInterest,,real_public_sec_edgar_wide,20253
WFC,WELLS FARGO & COMPANY/MN,0000072971,2025Q4,2025-12-31,10271000000.0,4991000000.0,22602000000.0,5361000000.0,13726000000.0,8961000000.0,,,2148631000000.0,1426207000000.0,183038000000.0,,InterestExpenseOperating,InterestExpenseDeposits,InterestAndDividendIncomeOperating,NetIncomeLoss,NoninterestExpense,NoninterestIncome,,,Assets,Deposits,StockholdersEquityIncludingPortionAttributableToNoncontrollingInterest,,real_public_sec_edgar_wide,20254
WFC,WELLS FARGO & COMPANY/MN,0000072971,2026Q1,2026-03-31,10349000000.0,4974000000.0,22445000000.0,5253000000.0,14330000000.0,9350000000.0,,,2205752000000.0,1454939000000.0,180313000000.0,,InterestExpenseOperating,InterestExpenseDeposits,InterestAndDividendIncomeOperating,NetIncomeLoss,NoninterestExpense,NoninterestIncome,,,Assets,Deposits,StockholdersEquityIncludingPortionAttributableToNoncontrollingInterest,,real_public_sec_edgar_wide,20261
