date,period,series_id,indicator,category,frequency,value,units,source_url,data_type,period_sort
2018-05-01,2018Q2,CPIAUCSL,Consumer Price Index for All Urban Consumers,macro_indicator,Monthly,250.792,Index 1982-1984=100,https://fred.stlouisfed.org/series/CPIAUCSL,real_public_fred,20182
2018-06-01,2018Q2,CPIAUCSL,Consumer Price Index for All Urban Consumers,macro_indicator,Monthly,251.018,Index 1982-1984=100,https://fred.stlouisfed.org/series/CPIAUCSL,real_public_fred,20182
2018-07-01,2018Q3,CPIAUCSL,Consumer Price Index for All Urban Consumers,macro_indicator,Monthly,251.214,Index 1982-1984=100,https://fred.stlouisfed.org/series/CPIAUCSL,real_public_fred,20183
2018-08-01,2018Q3,CPIAUCSL,Consumer Price Index for All Urban Consumers,macro_indicator,Monthly,251.663,Index 1982-1984=100,https://fred.stlouisfed.org/series/CPIAUCSL,real_public_fred,20183
2018-09-01,2018Q3,CPIAUCSL,Consumer Price Index for All Urban Consumers,macro_indicator,Monthly,252.182,Index 1982-1984=100,https://fred.stlouisfed.org/series/CPIAUCSL,real_public_fred,20183
2018-10-01,2018Q4,CPIAUCSL,Consumer Price Index for All Urban Consumers,macro_indicator,Monthly,252.772,Index 1982-1984=100,https://fred.stlouisfed.org/series/CPIAUCSL,real_public_fred,20184
2018-11-01,2018Q4,CPIAUCSL,Consumer Price Index for All Urban Consumers,macro_indicator,Monthly,252.594,Index 1982-1984=100,https://fred.stlouisfed.org/series/CPIAUCSL,real_public_fred,20184
2018-12-01,2018Q4,CPIAUCSL,Consumer Price Index for All Urban Consumers,macro_indicator,Monthly,252.767,Index 1982-1984=100,https://fred.stlouisfed.org/series/CPIAUCSL,real_public_fred,20184
2019-01-01,2019Q1,CPIAUCSL,Consumer Price Index for All Urban Consumers,macro_indicator,Monthly,252.561,Index 1982-1984=100,https://fred.stlouisfed.org/series/CPIAUCSL,real_public_fred,20191
2019-02-01,2019Q1,CPIAUCSL,Consumer Price Index for All Urban Consumers,macro_indicator,Monthly,253.319,Index 1982-1984=100,https://fred.stlouisfed.org/series/CPIAUCSL,real_public_fred,20191
2019-03-01,2019Q1,CPIAUCSL,Consumer Price Index for All Urban Consumers,macro_indicator,Monthly,254.277,Index 1982-1984=100,https://fred.stlouisfed.org/series/CPIAUCSL,real_public_fred,20191
2019-04-01,2019Q2,CPIAUCSL,Consumer Price Index for All Urban Consumers,macro_indicator,Monthly,255.233,Index 1982-1984=100,https://fred.stlouisfed.org/series/CPIAUCSL,real_public_fred,20192
2019-05-01,2019Q2,CPIAUCSL,Consumer Price Index for All Urban Consumers,macro_indicator,Monthly,255.296,Index 1982-1984=100,https://fred.stlouisfed.org/series/CPIAUCSL,real_public_fred,20192
2019-06-01,2019Q2,CPIAUCSL,Consumer Price Index for All Urban Consumers,macro_indicator,Monthly,255.213,Index 1982-1984=100,https://fred.stlouisfed.org/series/CPIAUCSL,real_public_fred,20192
2019-07-01,2019Q3,CPIAUCSL,Consumer Price Index for All Urban Consumers,macro_indicator,Monthly,255.802,Index 1982-1984=100,https://fred.stlouisfed.org/series/CPIAUCSL,real_public_fred,20193
2019-08-01,2019Q3,CPIAUCSL,Consumer Price Index for All Urban Consumers,macro_indicator,Monthly,256.036,Index 1982-1984=100,https://fred.stlouisfed.org/series/CPIAUCSL,real_public_fred,20193
2019-09-01,2019Q3,CPIAUCSL,Consumer Price Index for All Urban Consumers,macro_indicator,Monthly,256.43,Index 1982-1984=100,https://fred.stlouisfed.org/series/CPIAUCSL,real_public_fred,20193
2019-10-01,2019Q4,CPIAUCSL,Consumer Price Index for All Urban Consumers,macro_indicator,Monthly,257.155,Index 1982-1984=100,https://fred.stlouisfed.org/series/CPIAUCSL,real_public_fred,20194
2019-11-01,2019Q4,CPIAUCSL,Consumer Price Index for All Urban Consumers,macro_indicator,Monthly,257.879,Index 1982-1984=100,https://fred.stlouisfed.org/series/CPIAUCSL,real_public_fred,20194
2019-12-01,2019Q4,CPIAUCSL,Consumer Price Index for All Urban Consumers,macro_indicator,Monthly,258.63,Index 1982-1984=100,https://fred.stlouisfed.org/series/CPIAUCSL,real_public_fred,20194
2020-01-01,2020Q1,CPIAUCSL,Consumer Price Index for All Urban Consumers,macro_indicator,Monthly,259.127,Index 1982-1984=100,https://fred.stlouisfed.org/series/CPIAUCSL,real_public_fred,20201
2020-02-01,2020Q1,CPIAUCSL,Consumer Price Index for All Urban Consumers,macro_indicator,Monthly,259.25,Index 1982-1984=100,https://fred.stlouisfed.org/series/CPIAUCSL,real_public_fred,20201
2020-03-01,2020Q1,CPIAUCSL,Consumer Price Index for All Urban Consumers,macro_indicator,Monthly,258.076,Index 1982-1984=100,https://fred.stlouisfed.org/series/CPIAUCSL,real_public_fred,20201
2020-04-01,2020Q2,CPIAUCSL,Consumer Price Index for All Urban Consumers,macro_indicator,Monthly,256.032,Index 1982-1984=100,https://fred.stlouisfed.org/series/CPIAUCSL,real_public_fred,20202
2020-05-01,2020Q2,CPIAUCSL,Consumer Price Index for All Urban Consumers,macro_indicator,Monthly,255.802,Index 1982-1984=100,https://fred.stlouisfed.org/series/CPIAUCSL,real_public_fred,20202
2020-06-01,2020Q2,CPIAUCSL,Consumer Price Index for All Urban Consumers,macro_indicator,Monthly,257.042,Index 1982-1984=100,https://fred.stlouisfed.org/series/CPIAUCSL,real_public_fred,20202
2020-07-01,2020Q3,CPIAUCSL,Consumer Price Index for All Urban Consumers,macro_indicator,Monthly,258.352,Index 1982-1984=100,https://fred.stlouisfed.org/series/CPIAUCSL,real_public_fred,20203
2020-08-01,2020Q3,CPIAUCSL,Consumer Price Index for All Urban Consumers,macro_indicator,Monthly,259.316,Index 1982-1984=100,https://fred.stlouisfed.org/series/CPIAUCSL,real_public_fred,20203
2020-09-01,2020Q3,CPIAUCSL,Consumer Price Index for All Urban Consumers,macro_indicator,Monthly,259.997,Index 1982-1984=100,https://fred.stlouisfed.org/series/CPIAUCSL,real_public_fred,20203
2020-10-01,2020Q4,CPIAUCSL,Consumer Price Index for All Urban Consumers,macro_indicator,Monthly,260.319,Index 1982-1984=100,https://fred.stlouisfed.org/series/CPIAUCSL,real_public_fred,20204
2020-11-01,2020Q4,CPIAUCSL,Consumer Price Index for All Urban Consumers,macro_indicator,Monthly,260.911,Index 1982-1984=100,https://fred.stlouisfed.org/series/CPIAUCSL,real_public_fred,20204
2020-12-01,2020Q4,CPIAUCSL,Consumer Price Index for All Urban Consumers,macro_indicator,Monthly,262.045,Index 1982-1984=100,https://fred.stlouisfed.org/series/CPIAUCSL,real_public_fred,20204
2021-01-01,2021Q1,CPIAUCSL,Consumer Price Index for All Urban Consumers,macro_indicator,Monthly,262.687,Index 1982-1984=100,https://fred.stlouisfed.org/series/CPIAUCSL,real_public_fred,20211
2021-02-01,2021Q1,CPIAUCSL,Consumer Price Index for All Urban Consumers,macro_indicator,Monthly,263.579,Index 1982-1984=100,https://fred.stlouisfed.org/series/CPIAUCSL,real_public_fred,20211
2021-03-01,2021Q1,CPIAUCSL,Consumer Price Index for All Urban Consumers,macro_indicator,Monthly,264.961,Index 1982-1984=100,https://fred.stlouisfed.org/series/CPIAUCSL,real_public_fred,20211
2021-04-01,2021Q2,CPIAUCSL,Consumer Price Index for All Urban Consumers,macro_indicator,Monthly,266.614,Index 1982-1984=100,https://fred.stlouisfed.org/series/CPIAUCSL,real_public_fred,20212
2021-05-01,2021Q2,CPIAUCSL,Consumer Price Index for All Urban Consumers,macro_indicator,Monthly,268.383,Index 1982-1984=100,https://fred.stlouisfed.org/series/CPIAUCSL,real_public_fred,20212
2021-06-01,2021Q2,CPIAUCSL,Consumer Price Index for All Urban Consumers,macro_indicator,Monthly,270.654,Index 1982-1984=100,https://fred.stlouisfed.org/series/CPIAUCSL,real_public_fred,20212
2021-07-01,2021Q3,CPIAUCSL,Consumer Price Index for All Urban Consumers,macro_indicator,Monthly,271.903,Index 1982-1984=100,https://fred.stlouisfed.org/series/CPIAUCSL,real_public_fred,20213
2021-08-01,2021Q3,CPIAUCSL,Consumer Price Index for All Urban Consumers,macro_indicator,Monthly,272.676,Index 1982-1984=100,https://fred.stlouisfed.org/series/CPIAUCSL,real_public_fred,20213
2021-09-01,2021Q3,CPIAUCSL,Consumer Price Index for All Urban Consumers,macro_indicator,Monthly,273.91,Index 1982-1984=100,https://fred.stlouisfed.org/series/CPIAUCSL,real_public_fred,20213
2021-10-01,2021Q4,CPIAUCSL,Consumer Price Index for All Urban Consumers,macro_indicator,Monthly,276.55,Index 1982-1984=100,https://fred.stlouisfed.org/series/CPIAUCSL,real_public_fred,20214
2021-11-01,2021Q4,CPIAUCSL,Consumer Price Index for All Urban Consumers,macro_indicator,Monthly,278.919,Index 1982-1984=100,https://fred.stlouisfed.org/series/CPIAUCSL,real_public_fred,20214
2021-12-01,2021Q4,CPIAUCSL,Consumer Price Index for All Urban Consumers,macro_indicator,Monthly,280.845,Index 1982-1984=100,https://fred.stlouisfed.org/series/CPIAUCSL,real_public_fred,20214
2022-01-01,2022Q1,CPIAUCSL,Consumer Price Index for All Urban Consumers,macro_indicator,Monthly,282.543,Index 1982-1984=100,https://fred.stlouisfed.org/series/CPIAUCSL,real_public_fred,20221
2022-02-01,2022Q1,CPIAUCSL,Consumer Price Index for All Urban Consumers,macro_indicator,Monthly,284.5,Index 1982-1984=100,https://fred.stlouisfed.org/series/CPIAUCSL,real_public_fred,20221
2022-03-01,2022Q1,CPIAUCSL,Consumer Price Index for All Urban Consumers,macro_indicator,Monthly,287.674,Index 1982-1984=100,https://fred.stlouisfed.org/series/CPIAUCSL,real_public_fred,20221
2022-04-01,2022Q2,CPIAUCSL,Consumer Price Index for All Urban Consumers,macro_indicator,Monthly,288.561,Index 1982-1984=100,https://fred.stlouisfed.org/series/CPIAUCSL,real_public_fred,20222
2022-05-01,2022Q2,CPIAUCSL,Consumer Price Index for All Urban Consumers,macro_indicator,Monthly,291.298,Index 1982-1984=100,https://fred.stlouisfed.org/series/CPIAUCSL,real_public_fred,20222
2022-06-01,2022Q2,CPIAUCSL,Consumer Price Index for All Urban Consumers,macro_indicator,Monthly,294.957,Index 1982-1984=100,https://fred.stlouisfed.org/series/CPIAUCSL,real_public_fred,20222
2022-07-01,2022Q3,CPIAUCSL,Consumer Price Index for All Urban Consumers,macro_indicator,Monthly,294.913,Index 1982-1984=100,https://fred.stlouisfed.org/series/CPIAUCSL,real_public_fred,20223
2022-08-01,2022Q3,CPIAUCSL,Consumer Price Index for All Urban Consumers,macro_indicator,Monthly,295.097,Index 1982-1984=100,https://fred.stlouisfed.org/series/CPIAUCSL,real_public_fred,20223
2022-09-01,2022Q3,CPIAUCSL,Consumer Price Index for All Urban Consumers,macro_indicator,Monthly,296.349,Index 1982-1984=100,https://fred.stlouisfed.org/series/CPIAUCSL,real_public_fred,20223
2022-10-01,2022Q4,CPIAUCSL,Consumer Price Index for All Urban Consumers,macro_indicator,Monthly,298.007,Index 1982-1984=100,https://fred.stlouisfed.org/series/CPIAUCSL,real_public_fred,20224
2022-11-01,2022Q4,CPIAUCSL,Consumer Price Index for All Urban Consumers,macro_indicator,Monthly,298.786,Index 1982-1984=100,https://fred.stlouisfed.org/series/CPIAUCSL,real_public_fred,20224
2022-12-01,2022Q4,CPIAUCSL,Consumer Price Index for All Urban Consumers,macro_indicator,Monthly,298.832,Index 1982-1984=100,https://fred.stlouisfed.org/series/CPIAUCSL,real_public_fred,20224
2023-01-01,2023Q1,CPIAUCSL,Consumer Price Index for All Urban Consumers,macro_indicator,Monthly,300.42,Index 1982-1984=100,https://fred.stlouisfed.org/series/CPIAUCSL,real_public_fred,20231
2023-02-01,2023Q1,CPIAUCSL,Consumer Price Index for All Urban Consumers,macro_indicator,Monthly,301.45,Index 1982-1984=100,https://fred.stlouisfed.org/series/CPIAUCSL,real_public_fred,20231
2023-03-01,2023Q1,CPIAUCSL,Consumer Price Index for All Urban Consumers,macro_indicator,Monthly,301.821,Index 1982-1984=100,https://fred.stlouisfed.org/series/CPIAUCSL,real_public_fred,20231
2023-04-01,2023Q2,CPIAUCSL,Consumer Price Index for All Urban Consumers,macro_indicator,Monthly,302.845,Index 1982-1984=100,https://fred.stlouisfed.org/series/CPIAUCSL,real_public_fred,20232
2023-05-01,2023Q2,CPIAUCSL,Consumer Price Index for All Urban Consumers,macro_indicator,Monthly,303.334,Index 1982-1984=100,https://fred.stlouisfed.org/series/CPIAUCSL,real_public_fred,20232
2023-06-01,2023Q2,CPIAUCSL,Consumer Price Index for All Urban Consumers,macro_indicator,Monthly,304.014,Index 1982-1984=100,https://fred.stlouisfed.org/series/CPIAUCSL,real_public_fred,20232
2023-07-01,2023Q3,CPIAUCSL,Consumer Price Index for All Urban Consumers,macro_indicator,Monthly,304.609,Index 1982-1984=100,https://fred.stlouisfed.org/series/CPIAUCSL,real_public_fred,20233
2023-08-01,2023Q3,CPIAUCSL,Consumer Price Index for All Urban Consumers,macro_indicator,Monthly,306.082,Index 1982-1984=100,https://fred.stlouisfed.org/series/CPIAUCSL,real_public_fred,20233
2023-09-01,2023Q3,CPIAUCSL,Consumer Price Index for All Urban Consumers,macro_indicator,Monthly,307.276,Index 1982-1984=100,https://fred.stlouisfed.org/series/CPIAUCSL,real_public_fred,20233
2023-10-01,2023Q4,CPIAUCSL,Consumer Price Index for All Urban Consumers,macro_indicator,Monthly,307.696,Index 1982-1984=100,https://fred.stlouisfed.org/series/CPIAUCSL,real_public_fred,20234
2023-11-01,2023Q4,CPIAUCSL,Consumer Price Index for All Urban Consumers,macro_indicator,Monthly,308.148,Index 1982-1984=100,https://fred.stlouisfed.org/series/CPIAUCSL,real_public_fred,20234
2023-12-01,2023Q4,CPIAUCSL,Consumer Price Index for All Urban Consumers,macro_indicator,Monthly,308.741,Index 1982-1984=100,https://fred.stlouisfed.org/series/CPIAUCSL,real_public_fred,20234
2024-01-01,2024Q1,CPIAUCSL,Consumer Price Index for All Urban Consumers,macro_indicator,Monthly,309.698,Index 1982-1984=100,https://fred.stlouisfed.org/series/CPIAUCSL,real_public_fred,20241
2024-02-01,2024Q1,CPIAUCSL,Consumer Price Index for All Urban Consumers,macro_indicator,Monthly,310.967,Index 1982-1984=100,https://fred.stlouisfed.org/series/CPIAUCSL,real_public_fred,20241
2024-03-01,2024Q1,CPIAUCSL,Consumer Price Index for All Urban Consumers,macro_indicator,Monthly,312.345,Index 1982-1984=100,https://fred.stlouisfed.org/series/CPIAUCSL,real_public_fred,20241
2024-04-01,2024Q2,CPIAUCSL,Consumer Price Index for All Urban Consumers,macro_indicator,Monthly,313.023,Index 1982-1984=100,https://fred.stlouisfed.org/series/CPIAUCSL,real_public_fred,20242
2024-05-01,2024Q2,CPIAUCSL,Consumer Price Index for All Urban Consumers,macro_indicator,Monthly,313.175,Index 1982-1984=100,https://fred.stlouisfed.org/series/CPIAUCSL,real_public_fred,20242
2024-06-01,2024Q2,CPIAUCSL,Consumer Price Index for All Urban Consumers,macro_indicator,Monthly,313.044,Index 1982-1984=100,https://fred.stlouisfed.org/series/CPIAUCSL,real_public_fred,20242
2024-07-01,2024Q3,CPIAUCSL,Consumer Price Index for All Urban Consumers,macro_indicator,Monthly,313.569,Index 1982-1984=100,https://fred.stlouisfed.org/series/CPIAUCSL,real_public_fred,20243
2024-08-01,2024Q3,CPIAUCSL,Consumer Price Index for All Urban Consumers,macro_indicator,Monthly,314.062,Index 1982-1984=100,https://fred.stlouisfed.org/series/CPIAUCSL,real_public_fred,20243
2024-09-01,2024Q3,CPIAUCSL,Consumer Price Index for All Urban Consumers,macro_indicator,Monthly,314.732,Index 1982-1984=100,https://fred.stlouisfed.org/series/CPIAUCSL,real_public_fred,20243
2024-10-01,2024Q4,CPIAUCSL,Consumer Price Index for All Urban Consumers,macro_indicator,Monthly,315.631,Index 1982-1984=100,https://fred.stlouisfed.org/series/CPIAUCSL,real_public_fred,20244
2024-11-01,2024Q4,CPIAUCSL,Consumer Price Index for All Urban Consumers,macro_indicator,Monthly,316.528,Index 1982-1984=100,https://fred.stlouisfed.org/series/CPIAUCSL,real_public_fred,20244
2024-12-01,2024Q4,CPIAUCSL,Consumer Price Index for All Urban Consumers,macro_indicator,Monthly,317.604,Index 1982-1984=100,https://fred.stlouisfed.org/series/CPIAUCSL,real_public_fred,20244
2025-01-01,2025Q1,CPIAUCSL,Consumer Price Index for All Urban Consumers,macro_indicator,Monthly,318.961,Index 1982-1984=100,https://fred.stlouisfed.org/series/CPIAUCSL,real_public_fred,20251
2025-02-01,2025Q1,CPIAUCSL,Consumer Price Index for All Urban Consumers,macro_indicator,Monthly,319.679,Index 1982-1984=100,https://fred.stlouisfed.org/series/CPIAUCSL,real_public_fred,20251
2025-03-01,2025Q1,CPIAUCSL,Consumer Price Index for All Urban Consumers,macro_indicator,Monthly,319.785,Index 1982-1984=100,https://fred.stlouisfed.org/series/CPIAUCSL,real_public_fred,20251
2025-04-01,2025Q2,CPIAUCSL,Consumer Price Index for All Urban Consumers,macro_indicator,Monthly,320.302,Index 1982-1984=100,https://fred.stlouisfed.org/series/CPIAUCSL,real_public_fred,20252
2025-05-01,2025Q2,CPIAUCSL,Consumer Price Index for All Urban Consumers,macro_indicator,Monthly,320.62,Index 1982-1984=100,https://fred.stlouisfed.org/series/CPIAUCSL,real_public_fred,20252
2025-06-01,2025Q2,CPIAUCSL,Consumer Price Index for All Urban Consumers,macro_indicator,Monthly,321.435,Index 1982-1984=100,https://fred.stlouisfed.org/series/CPIAUCSL,real_public_fred,20252
2025-07-01,2025Q3,CPIAUCSL,Consumer Price Index for All Urban Consumers,macro_indicator,Monthly,322.169,Index 1982-1984=100,https://fred.stlouisfed.org/series/CPIAUCSL,real_public_fred,20253
2025-08-01,2025Q3,CPIAUCSL,Consumer Price Index for All Urban Consumers,macro_indicator,Monthly,323.291,Index 1982-1984=100,https://fred.stlouisfed.org/series/CPIAUCSL,real_public_fred,20253
2025-09-01,2025Q3,CPIAUCSL,Consumer Price Index for All Urban Consumers,macro_indicator,Monthly,324.245,Index 1982-1984=100,https://fred.stlouisfed.org/series/CPIAUCSL,real_public_fred,20253
2025-11-01,2025Q4,CPIAUCSL,Consumer Price Index for All Urban Consumers,macro_indicator,Monthly,325.063,Index 1982-1984=100,https://fred.stlouisfed.org/series/CPIAUCSL,real_public_fred,20254
2025-12-01,2025Q4,CPIAUCSL,Consumer Price Index for All Urban Consumers,macro_indicator,Monthly,326.031,Index 1982-1984=100,https://fred.stlouisfed.org/series/CPIAUCSL,real_public_fred,20254
2026-01-01,2026Q1,CPIAUCSL,Consumer Price Index for All Urban Consumers,macro_indicator,Monthly,326.588,Index 1982-1984=100,https://fred.stlouisfed.org/series/CPIAUCSL,real_public_fred,20261
2026-02-01,2026Q1,CPIAUCSL,Consumer Price Index for All Urban Consumers,macro_indicator,Monthly,327.46,Index 1982-1984=100,https://fred.stlouisfed.org/series/CPIAUCSL,real_public_fred,20261
2026-03-01,2026Q1,CPIAUCSL,Consumer Price Index for All Urban Consumers,macro_indicator,Monthly,330.293,Index 1982-1984=100,https://fred.stlouisfed.org/series/CPIAUCSL,real_public_fred,20261
2026-04-01,2026Q2,CPIAUCSL,Consumer Price Index for All Urban Consumers,macro_indicator,Monthly,332.407,Index 1982-1984=100,https://fred.stlouisfed.org/series/CPIAUCSL,real_public_fred,20262
2018-05-01,2018Q2,UNRATE,Unemployment Rate,macro_indicator,Monthly,3.8,Percent,https://fred.stlouisfed.org/series/UNRATE,real_public_fred,20182
2018-06-01,2018Q2,UNRATE,Unemployment Rate,macro_indicator,Monthly,4.0,Percent,https://fred.stlouisfed.org/series/UNRATE,real_public_fred,20182
2018-07-01,2018Q3,UNRATE,Unemployment Rate,macro_indicator,Monthly,3.8,Percent,https://fred.stlouisfed.org/series/UNRATE,real_public_fred,20183
2018-08-01,2018Q3,UNRATE,Unemployment Rate,macro_indicator,Monthly,3.8,Percent,https://fred.stlouisfed.org/series/UNRATE,real_public_fred,20183
2018-09-01,2018Q3,UNRATE,Unemployment Rate,macro_indicator,Monthly,3.7,Percent,https://fred.stlouisfed.org/series/UNRATE,real_public_fred,20183
2018-10-01,2018Q4,UNRATE,Unemployment Rate,macro_indicator,Monthly,3.8,Percent,https://fred.stlouisfed.org/series/UNRATE,real_public_fred,20184
2018-11-01,2018Q4,UNRATE,Unemployment Rate,macro_indicator,Monthly,3.8,Percent,https://fred.stlouisfed.org/series/UNRATE,real_public_fred,20184
2018-12-01,2018Q4,UNRATE,Unemployment Rate,macro_indicator,Monthly,3.9,Percent,https://fred.stlouisfed.org/series/UNRATE,real_public_fred,20184
2019-01-01,2019Q1,UNRATE,Unemployment Rate,macro_indicator,Monthly,4.0,Percent,https://fred.stlouisfed.org/series/UNRATE,real_public_fred,20191
2019-02-01,2019Q1,UNRATE,Unemployment Rate,macro_indicator,Monthly,3.8,Percent,https://fred.stlouisfed.org/series/UNRATE,real_public_fred,20191
2019-03-01,2019Q1,UNRATE,Unemployment Rate,macro_indicator,Monthly,3.8,Percent,https://fred.stlouisfed.org/series/UNRATE,real_public_fred,20191
2019-04-01,2019Q2,UNRATE,Unemployment Rate,macro_indicator,Monthly,3.7,Percent,https://fred.stlouisfed.org/series/UNRATE,real_public_fred,20192
2019-05-01,2019Q2,UNRATE,Unemployment Rate,macro_indicator,Monthly,3.6,Percent,https://fred.stlouisfed.org/series/UNRATE,real_public_fred,20192
2019-06-01,2019Q2,UNRATE,Unemployment Rate,macro_indicator,Monthly,3.6,Percent,https://fred.stlouisfed.org/series/UNRATE,real_public_fred,20192
2019-07-01,2019Q3,UNRATE,Unemployment Rate,macro_indicator,Monthly,3.7,Percent,https://fred.stlouisfed.org/series/UNRATE,real_public_fred,20193
2019-08-01,2019Q3,UNRATE,Unemployment Rate,macro_indicator,Monthly,3.6,Percent,https://fred.stlouisfed.org/series/UNRATE,real_public_fred,20193
2019-09-01,2019Q3,UNRATE,Unemployment Rate,macro_indicator,Monthly,3.5,Percent,https://fred.stlouisfed.org/series/UNRATE,real_public_fred,20193
2019-10-01,2019Q4,UNRATE,Unemployment Rate,macro_indicator,Monthly,3.6,Percent,https://fred.stlouisfed.org/series/UNRATE,real_public_fred,20194
2019-11-01,2019Q4,UNRATE,Unemployment Rate,macro_indicator,Monthly,3.6,Percent,https://fred.stlouisfed.org/series/UNRATE,real_public_fred,20194
2019-12-01,2019Q4,UNRATE,Unemployment Rate,macro_indicator,Monthly,3.6,Percent,https://fred.stlouisfed.org/series/UNRATE,real_public_fred,20194
2020-01-01,2020Q1,UNRATE,Unemployment Rate,macro_indicator,Monthly,3.6,Percent,https://fred.stlouisfed.org/series/UNRATE,real_public_fred,20201
2020-02-01,2020Q1,UNRATE,Unemployment Rate,macro_indicator,Monthly,3.5,Percent,https://fred.stlouisfed.org/series/UNRATE,real_public_fred,20201
2020-03-01,2020Q1,UNRATE,Unemployment Rate,macro_indicator,Monthly,4.4,Percent,https://fred.stlouisfed.org/series/UNRATE,real_public_fred,20201
2020-04-01,2020Q2,UNRATE,Unemployment Rate,macro_indicator,Monthly,14.8,Percent,https://fred.stlouisfed.org/series/UNRATE,real_public_fred,20202
2020-05-01,2020Q2,UNRATE,Unemployment Rate,macro_indicator,Monthly,13.2,Percent,https://fred.stlouisfed.org/series/UNRATE,real_public_fred,20202
2020-06-01,2020Q2,UNRATE,Unemployment Rate,macro_indicator,Monthly,11.0,Percent,https://fred.stlouisfed.org/series/UNRATE,real_public_fred,20202
2020-07-01,2020Q3,UNRATE,Unemployment Rate,macro_indicator,Monthly,10.2,Percent,https://fred.stlouisfed.org/series/UNRATE,real_public_fred,20203
2020-08-01,2020Q3,UNRATE,Unemployment Rate,macro_indicator,Monthly,8.4,Percent,https://fred.stlouisfed.org/series/UNRATE,real_public_fred,20203
2020-09-01,2020Q3,UNRATE,Unemployment Rate,macro_indicator,Monthly,7.8,Percent,https://fred.stlouisfed.org/series/UNRATE,real_public_fred,20203
2020-10-01,2020Q4,UNRATE,Unemployment Rate,macro_indicator,Monthly,6.9,Percent,https://fred.stlouisfed.org/series/UNRATE,real_public_fred,20204
2020-11-01,2020Q4,UNRATE,Unemployment Rate,macro_indicator,Monthly,6.7,Percent,https://fred.stlouisfed.org/series/UNRATE,real_public_fred,20204
2020-12-01,2020Q4,UNRATE,Unemployment Rate,macro_indicator,Monthly,6.7,Percent,https://fred.stlouisfed.org/series/UNRATE,real_public_fred,20204
2021-01-01,2021Q1,UNRATE,Unemployment Rate,macro_indicator,Monthly,6.4,Percent,https://fred.stlouisfed.org/series/UNRATE,real_public_fred,20211
2021-02-01,2021Q1,UNRATE,Unemployment Rate,macro_indicator,Monthly,6.2,Percent,https://fred.stlouisfed.org/series/UNRATE,real_public_fred,20211
2021-03-01,2021Q1,UNRATE,Unemployment Rate,macro_indicator,Monthly,6.1,Percent,https://fred.stlouisfed.org/series/UNRATE,real_public_fred,20211
2021-04-01,2021Q2,UNRATE,Unemployment Rate,macro_indicator,Monthly,6.1,Percent,https://fred.stlouisfed.org/series/UNRATE,real_public_fred,20212
2021-05-01,2021Q2,UNRATE,Unemployment Rate,macro_indicator,Monthly,5.8,Percent,https://fred.stlouisfed.org/series/UNRATE,real_public_fred,20212
2021-06-01,2021Q2,UNRATE,Unemployment Rate,macro_indicator,Monthly,5.9,Percent,https://fred.stlouisfed.org/series/UNRATE,real_public_fred,20212
2021-07-01,2021Q3,UNRATE,Unemployment Rate,macro_indicator,Monthly,5.4,Percent,https://fred.stlouisfed.org/series/UNRATE,real_public_fred,20213
2021-08-01,2021Q3,UNRATE,Unemployment Rate,macro_indicator,Monthly,5.1,Percent,https://fred.stlouisfed.org/series/UNRATE,real_public_fred,20213
2021-09-01,2021Q3,UNRATE,Unemployment Rate,macro_indicator,Monthly,4.7,Percent,https://fred.stlouisfed.org/series/UNRATE,real_public_fred,20213
2021-10-01,2021Q4,UNRATE,Unemployment Rate,macro_indicator,Monthly,4.5,Percent,https://fred.stlouisfed.org/series/UNRATE,real_public_fred,20214
2021-11-01,2021Q4,UNRATE,Unemployment Rate,macro_indicator,Monthly,4.1,Percent,https://fred.stlouisfed.org/series/UNRATE,real_public_fred,20214
2021-12-01,2021Q4,UNRATE,Unemployment Rate,macro_indicator,Monthly,3.9,Percent,https://fred.stlouisfed.org/series/UNRATE,real_public_fred,20214
2022-01-01,2022Q1,UNRATE,Unemployment Rate,macro_indicator,Monthly,4.0,Percent,https://fred.stlouisfed.org/series/UNRATE,real_public_fred,20221
2022-02-01,2022Q1,UNRATE,Unemployment Rate,macro_indicator,Monthly,3.9,Percent,https://fred.stlouisfed.org/series/UNRATE,real_public_fred,20221
2022-03-01,2022Q1,UNRATE,Unemployment Rate,macro_indicator,Monthly,3.7,Percent,https://fred.stlouisfed.org/series/UNRATE,real_public_fred,20221
2022-04-01,2022Q2,UNRATE,Unemployment Rate,macro_indicator,Monthly,3.7,Percent,https://fred.stlouisfed.org/series/UNRATE,real_public_fred,20222
2022-05-01,2022Q2,UNRATE,Unemployment Rate,macro_indicator,Monthly,3.6,Percent,https://fred.stlouisfed.org/series/UNRATE,real_public_fred,20222
2022-06-01,2022Q2,UNRATE,Unemployment Rate,macro_indicator,Monthly,3.6,Percent,https://fred.stlouisfed.org/series/UNRATE,real_public_fred,20222
2022-07-01,2022Q3,UNRATE,Unemployment Rate,macro_indicator,Monthly,3.5,Percent,https://fred.stlouisfed.org/series/UNRATE,real_public_fred,20223
2022-08-01,2022Q3,UNRATE,Unemployment Rate,macro_indicator,Monthly,3.6,Percent,https://fred.stlouisfed.org/series/UNRATE,real_public_fred,20223
2022-09-01,2022Q3,UNRATE,Unemployment Rate,macro_indicator,Monthly,3.5,Percent,https://fred.stlouisfed.org/series/UNRATE,real_public_fred,20223
2022-10-01,2022Q4,UNRATE,Unemployment Rate,macro_indicator,Monthly,3.6,Percent,https://fred.stlouisfed.org/series/UNRATE,real_public_fred,20224
2022-11-01,2022Q4,UNRATE,Unemployment Rate,macro_indicator,Monthly,3.6,Percent,https://fred.stlouisfed.org/series/UNRATE,real_public_fred,20224
2022-12-01,2022Q4,UNRATE,Unemployment Rate,macro_indicator,Monthly,3.5,Percent,https://fred.stlouisfed.org/series/UNRATE,real_public_fred,20224
2023-01-01,2023Q1,UNRATE,Unemployment Rate,macro_indicator,Monthly,3.5,Percent,https://fred.stlouisfed.org/series/UNRATE,real_public_fred,20231
2023-02-01,2023Q1,UNRATE,Unemployment Rate,macro_indicator,Monthly,3.6,Percent,https://fred.stlouisfed.org/series/UNRATE,real_public_fred,20231
2023-03-01,2023Q1,UNRATE,Unemployment Rate,macro_indicator,Monthly,3.5,Percent,https://fred.stlouisfed.org/series/UNRATE,real_public_fred,20231
2023-04-01,2023Q2,UNRATE,Unemployment Rate,macro_indicator,Monthly,3.4,Percent,https://fred.stlouisfed.org/series/UNRATE,real_public_fred,20232
2023-05-01,2023Q2,UNRATE,Unemployment Rate,macro_indicator,Monthly,3.6,Percent,https://fred.stlouisfed.org/series/UNRATE,real_public_fred,20232
2023-06-01,2023Q2,UNRATE,Unemployment Rate,macro_indicator,Monthly,3.6,Percent,https://fred.stlouisfed.org/series/UNRATE,real_public_fred,20232
2023-07-01,2023Q3,UNRATE,Unemployment Rate,macro_indicator,Monthly,3.5,Percent,https://fred.stlouisfed.org/series/UNRATE,real_public_fred,20233
2023-08-01,2023Q3,UNRATE,Unemployment Rate,macro_indicator,Monthly,3.7,Percent,https://fred.stlouisfed.org/series/UNRATE,real_public_fred,20233
2023-09-01,2023Q3,UNRATE,Unemployment Rate,macro_indicator,Monthly,3.7,Percent,https://fred.stlouisfed.org/series/UNRATE,real_public_fred,20233
2023-10-01,2023Q4,UNRATE,Unemployment Rate,macro_indicator,Monthly,3.9,Percent,https://fred.stlouisfed.org/series/UNRATE,real_public_fred,20234
2023-11-01,2023Q4,UNRATE,Unemployment Rate,macro_indicator,Monthly,3.7,Percent,https://fred.stlouisfed.org/series/UNRATE,real_public_fred,20234
2023-12-01,2023Q4,UNRATE,Unemployment Rate,macro_indicator,Monthly,3.8,Percent,https://fred.stlouisfed.org/series/UNRATE,real_public_fred,20234
2024-01-01,2024Q1,UNRATE,Unemployment Rate,macro_indicator,Monthly,3.7,Percent,https://fred.stlouisfed.org/series/UNRATE,real_public_fred,20241
2024-02-01,2024Q1,UNRATE,Unemployment Rate,macro_indicator,Monthly,3.9,Percent,https://fred.stlouisfed.org/series/UNRATE,real_public_fred,20241
2024-03-01,2024Q1,UNRATE,Unemployment Rate,macro_indicator,Monthly,3.9,Percent,https://fred.stlouisfed.org/series/UNRATE,real_public_fred,20241
2024-04-01,2024Q2,UNRATE,Unemployment Rate,macro_indicator,Monthly,3.9,Percent,https://fred.stlouisfed.org/series/UNRATE,real_public_fred,20242
2024-05-01,2024Q2,UNRATE,Unemployment Rate,macro_indicator,Monthly,3.9,Percent,https://fred.stlouisfed.org/series/UNRATE,real_public_fred,20242
2024-06-01,2024Q2,UNRATE,Unemployment Rate,macro_indicator,Monthly,4.1,Percent,https://fred.stlouisfed.org/series/UNRATE,real_public_fred,20242
2024-07-01,2024Q3,UNRATE,Unemployment Rate,macro_indicator,Monthly,4.2,Percent,https://fred.stlouisfed.org/series/UNRATE,real_public_fred,20243
2024-08-01,2024Q3,UNRATE,Unemployment Rate,macro_indicator,Monthly,4.2,Percent,https://fred.stlouisfed.org/series/UNRATE,real_public_fred,20243
2024-09-01,2024Q3,UNRATE,Unemployment Rate,macro_indicator,Monthly,4.1,Percent,https://fred.stlouisfed.org/series/UNRATE,real_public_fred,20243
2024-10-01,2024Q4,UNRATE,Unemployment Rate,macro_indicator,Monthly,4.1,Percent,https://fred.stlouisfed.org/series/UNRATE,real_public_fred,20244
2024-11-01,2024Q4,UNRATE,Unemployment Rate,macro_indicator,Monthly,4.2,Percent,https://fred.stlouisfed.org/series/UNRATE,real_public_fred,20244
2024-12-01,2024Q4,UNRATE,Unemployment Rate,macro_indicator,Monthly,4.1,Percent,https://fred.stlouisfed.org/series/UNRATE,real_public_fred,20244
2025-01-01,2025Q1,UNRATE,Unemployment Rate,macro_indicator,Monthly,4.0,Percent,https://fred.stlouisfed.org/series/UNRATE,real_public_fred,20251
2025-02-01,2025Q1,UNRATE,Unemployment Rate,macro_indicator,Monthly,4.2,Percent,https://fred.stlouisfed.org/series/UNRATE,real_public_fred,20251
2025-03-01,2025Q1,UNRATE,Unemployment Rate,macro_indicator,Monthly,4.2,Percent,https://fred.stlouisfed.org/series/UNRATE,real_public_fred,20251
2025-04-01,2025Q2,UNRATE,Unemployment Rate,macro_indicator,Monthly,4.2,Percent,https://fred.stlouisfed.org/series/UNRATE,real_public_fred,20252
2025-05-01,2025Q2,UNRATE,Unemployment Rate,macro_indicator,Monthly,4.3,Percent,https://fred.stlouisfed.org/series/UNRATE,real_public_fred,20252
2025-06-01,2025Q2,UNRATE,Unemployment Rate,macro_indicator,Monthly,4.1,Percent,https://fred.stlouisfed.org/series/UNRATE,real_public_fred,20252
2025-07-01,2025Q3,UNRATE,Unemployment Rate,macro_indicator,Monthly,4.3,Percent,https://fred.stlouisfed.org/series/UNRATE,real_public_fred,20253
2025-08-01,2025Q3,UNRATE,Unemployment Rate,macro_indicator,Monthly,4.3,Percent,https://fred.stlouisfed.org/series/UNRATE,real_public_fred,20253
2025-09-01,2025Q3,UNRATE,Unemployment Rate,macro_indicator,Monthly,4.4,Percent,https://fred.stlouisfed.org/series/UNRATE,real_public_fred,20253
2025-11-01,2025Q4,UNRATE,Unemployment Rate,macro_indicator,Monthly,4.5,Percent,https://fred.stlouisfed.org/series/UNRATE,real_public_fred,20254
2025-12-01,2025Q4,UNRATE,Unemployment Rate,macro_indicator,Monthly,4.4,Percent,https://fred.stlouisfed.org/series/UNRATE,real_public_fred,20254
2026-01-01,2026Q1,UNRATE,Unemployment Rate,macro_indicator,Monthly,4.3,Percent,https://fred.stlouisfed.org/series/UNRATE,real_public_fred,20261
2026-02-01,2026Q1,UNRATE,Unemployment Rate,macro_indicator,Monthly,4.4,Percent,https://fred.stlouisfed.org/series/UNRATE,real_public_fred,20261
2026-03-01,2026Q1,UNRATE,Unemployment Rate,macro_indicator,Monthly,4.3,Percent,https://fred.stlouisfed.org/series/UNRATE,real_public_fred,20261
2026-04-01,2026Q2,UNRATE,Unemployment Rate,macro_indicator,Monthly,4.3,Percent,https://fred.stlouisfed.org/series/UNRATE,real_public_fred,20262
2018-07-01,2018Q3,GDP,Gross Domestic Product,macro_indicator,Quarterly,20798.73,Billions of dollars,https://fred.stlouisfed.org/series/GDP,real_public_fred,20183
2018-10-01,2018Q4,GDP,Gross Domestic Product,macro_indicator,Quarterly,20917.867,Billions of dollars,https://fred.stlouisfed.org/series/GDP,real_public_fred,20184
2019-01-01,2019Q1,GDP,Gross Domestic Product,macro_indicator,Quarterly,21111.6,Billions of dollars,https://fred.stlouisfed.org/series/GDP,real_public_fred,20191
2019-04-01,2019Q2,GDP,Gross Domestic Product,macro_indicator,Quarterly,21397.938,Billions of dollars,https://fred.stlouisfed.org/series/GDP,real_public_fred,20192
2019-07-01,2019Q3,GDP,Gross Domestic Product,macro_indicator,Quarterly,21717.171,Billions of dollars,https://fred.stlouisfed.org/series/GDP,real_public_fred,20193
2019-10-01,2019Q4,GDP,Gross Domestic Product,macro_indicator,Quarterly,21933.217,Billions of dollars,https://fred.stlouisfed.org/series/GDP,real_public_fred,20194
2020-01-01,2020Q1,GDP,Gross Domestic Product,macro_indicator,Quarterly,21751.238,Billions of dollars,https://fred.stlouisfed.org/series/GDP,real_public_fred,20201
2020-04-01,2020Q2,GDP,Gross Domestic Product,macro_indicator,Quarterly,19958.291,Billions of dollars,https://fred.stlouisfed.org/series/GDP,real_public_fred,20202
2020-07-01,2020Q3,GDP,Gross Domestic Product,macro_indicator,Quarterly,21704.437,Billions of dollars,https://fred.stlouisfed.org/series/GDP,real_public_fred,20203
2020-10-01,2020Q4,GDP,Gross Domestic Product,macro_indicator,Quarterly,22087.16,Billions of dollars,https://fred.stlouisfed.org/series/GDP,real_public_fred,20204
2021-01-01,2021Q1,GDP,Gross Domestic Product,macro_indicator,Quarterly,22680.693,Billions of dollars,https://fred.stlouisfed.org/series/GDP,real_public_fred,20211
2021-04-01,2021Q2,GDP,Gross Domestic Product,macro_indicator,Quarterly,23425.91,Billions of dollars,https://fred.stlouisfed.org/series/GDP,real_public_fred,20212
2021-07-01,2021Q3,GDP,Gross Domestic Product,macro_indicator,Quarterly,23982.379,Billions of dollars,https://fred.stlouisfed.org/series/GDP,real_public_fred,20213
2021-10-01,2021Q4,GDP,Gross Domestic Product,macro_indicator,Quarterly,24813.6,Billions of dollars,https://fred.stlouisfed.org/series/GDP,real_public_fred,20214
2022-01-01,2022Q1,GDP,Gross Domestic Product,macro_indicator,Quarterly,25250.347,Billions of dollars,https://fred.stlouisfed.org/series/GDP,real_public_fred,20221
2022-04-01,2022Q2,GDP,Gross Domestic Product,macro_indicator,Quarterly,25861.292,Billions of dollars,https://fred.stlouisfed.org/series/GDP,real_public_fred,20222
2022-07-01,2022Q3,GDP,Gross Domestic Product,macro_indicator,Quarterly,26336.304,Billions of dollars,https://fred.stlouisfed.org/series/GDP,real_public_fred,20223
2022-10-01,2022Q4,GDP,Gross Domestic Product,macro_indicator,Quarterly,26770.514,Billions of dollars,https://fred.stlouisfed.org/series/GDP,real_public_fred,20224
2023-01-01,2023Q1,GDP,Gross Domestic Product,macro_indicator,Quarterly,27216.445,Billions of dollars,https://fred.stlouisfed.org/series/GDP,real_public_fred,20231
2023-04-01,2023Q2,GDP,Gross Domestic Product,macro_indicator,Quarterly,27530.055,Billions of dollars,https://fred.stlouisfed.org/series/GDP,real_public_fred,20232
2023-07-01,2023Q3,GDP,Gross Domestic Product,macro_indicator,Quarterly,28074.846,Billions of dollars,https://fred.stlouisfed.org/series/GDP,real_public_fred,20233
2023-10-01,2023Q4,GDP,Gross Domestic Product,macro_indicator,Quarterly,28424.722,Billions of dollars,https://fred.stlouisfed.org/series/GDP,real_public_fred,20234
2024-01-01,2024Q1,GDP,Gross Domestic Product,macro_indicator,Quarterly,28708.161,Billions of dollars,https://fred.stlouisfed.org/series/GDP,real_public_fred,20241
2024-04-01,2024Q2,GDP,Gross Domestic Product,macro_indicator,Quarterly,29147.044,Billions of dollars,https://fred.stlouisfed.org/series/GDP,real_public_fred,20242
2024-07-01,2024Q3,GDP,Gross Domestic Product,macro_indicator,Quarterly,29511.664,Billions of dollars,https://fred.stlouisfed.org/series/GDP,real_public_fred,20243
2024-10-01,2024Q4,GDP,Gross Domestic Product,macro_indicator,Quarterly,29825.182,Billions of dollars,https://fred.stlouisfed.org/series/GDP,real_public_fred,20244
2025-01-01,2025Q1,GDP,Gross Domestic Product,macro_indicator,Quarterly,30042.113,Billions of dollars,https://fred.stlouisfed.org/series/GDP,real_public_fred,20251
2025-04-01,2025Q2,GDP,Gross Domestic Product,macro_indicator,Quarterly,30485.729,Billions of dollars,https://fred.stlouisfed.org/series/GDP,real_public_fred,20252
2025-07-01,2025Q3,GDP,Gross Domestic Product,macro_indicator,Quarterly,31098.027,Billions of dollars,https://fred.stlouisfed.org/series/GDP,real_public_fred,20253
2025-10-01,2025Q4,GDP,Gross Domestic Product,macro_indicator,Quarterly,31422.526,Billions of dollars,https://fred.stlouisfed.org/series/GDP,real_public_fred,20254
2026-01-01,2026Q1,GDP,Gross Domestic Product,macro_indicator,Quarterly,31856.257,Billions of dollars,https://fred.stlouisfed.org/series/GDP,real_public_fred,20261
2018-04-04,2018Q2,DPSACBW027SBOG,"Deposits, All Commercial Banks",macro_indicator,Weekly,12077.5912,Billions of dollars,https://fred.stlouisfed.org/series/DPSACBW027SBOG,real_public_fred,20182
2018-04-11,2018Q2,DPSACBW027SBOG,"Deposits, All Commercial Banks",macro_indicator,Weekly,12092.2659,Billions of dollars,https://fred.stlouisfed.org/series/DPSACBW027SBOG,real_public_fred,20182
2018-04-18,2018Q2,DPSACBW027SBOG,"Deposits, All Commercial Banks",macro_indicator,Weekly,12091.7611,Billions of dollars,https://fred.stlouisfed.org/series/DPSACBW027SBOG,real_public_fred,20182
2018-04-25,2018Q2,DPSACBW027SBOG,"Deposits, All Commercial Banks",macro_indicator,Weekly,12105.7454,Billions of dollars,https://fred.stlouisfed.org/series/DPSACBW027SBOG,real_public_fred,20182
2018-05-02,2018Q2,DPSACBW027SBOG,"Deposits, All Commercial Banks",macro_indicator,Weekly,12084.911,Billions of dollars,https://fred.stlouisfed.org/series/DPSACBW027SBOG,real_public_fred,20182
2018-05-09,2018Q2,DPSACBW027SBOG,"Deposits, All Commercial Banks",macro_indicator,Weekly,12111.976,Billions of dollars,https://fred.stlouisfed.org/series/DPSACBW027SBOG,real_public_fred,20182
2018-05-16,2018Q2,DPSACBW027SBOG,"Deposits, All Commercial Banks",macro_indicator,Weekly,12094.4888,Billions of dollars,https://fred.stlouisfed.org/series/DPSACBW027SBOG,real_public_fred,20182
2018-05-23,2018Q2,DPSACBW027SBOG,"Deposits, All Commercial Banks",macro_indicator,Weekly,12141.5418,Billions of dollars,https://fred.stlouisfed.org/series/DPSACBW027SBOG,real_public_fred,20182
2018-05-30,2018Q2,DPSACBW027SBOG,"Deposits, All Commercial Banks",macro_indicator,Weekly,12157.4106,Billions of dollars,https://fred.stlouisfed.org/series/DPSACBW027SBOG,real_public_fred,20182
2018-06-06,2018Q2,DPSACBW027SBOG,"Deposits, All Commercial Banks",macro_indicator,Weekly,12156.4316,Billions of dollars,https://fred.stlouisfed.org/series/DPSACBW027SBOG,real_public_fred,20182
2018-06-13,2018Q2,DPSACBW027SBOG,"Deposits, All Commercial Banks",macro_indicator,Weekly,12158.6679,Billions of dollars,https://fred.stlouisfed.org/series/DPSACBW027SBOG,real_public_fred,20182
2018-06-20,2018Q2,DPSACBW027SBOG,"Deposits, All Commercial Banks",macro_indicator,Weekly,12170.5206,Billions of dollars,https://fred.stlouisfed.org/series/DPSACBW027SBOG,real_public_fred,20182
2018-06-27,2018Q2,DPSACBW027SBOG,"Deposits, All Commercial Banks",macro_indicator,Weekly,12187.7774,Billions of dollars,https://fred.stlouisfed.org/series/DPSACBW027SBOG,real_public_fred,20182
2018-07-04,2018Q3,DPSACBW027SBOG,"Deposits, All Commercial Banks",macro_indicator,Weekly,12224.1706,Billions of dollars,https://fred.stlouisfed.org/series/DPSACBW027SBOG,real_public_fred,20183
2018-07-11,2018Q3,DPSACBW027SBOG,"Deposits, All Commercial Banks",macro_indicator,Weekly,12195.7829,Billions of dollars,https://fred.stlouisfed.org/series/DPSACBW027SBOG,real_public_fred,20183
2018-07-18,2018Q3,DPSACBW027SBOG,"Deposits, All Commercial Banks",macro_indicator,Weekly,12185.6525,Billions of dollars,https://fred.stlouisfed.org/series/DPSACBW027SBOG,real_public_fred,20183
2018-07-25,2018Q3,DPSACBW027SBOG,"Deposits, All Commercial Banks",macro_indicator,Weekly,12238.8979,Billions of dollars,https://fred.stlouisfed.org/series/DPSACBW027SBOG,real_public_fred,20183
2018-08-01,2018Q3,DPSACBW027SBOG,"Deposits, All Commercial Banks",macro_indicator,Weekly,12247.4638,Billions of dollars,https://fred.stlouisfed.org/series/DPSACBW027SBOG,real_public_fred,20183
2018-08-08,2018Q3,DPSACBW027SBOG,"Deposits, All Commercial Banks",macro_indicator,Weekly,12225.7338,Billions of dollars,https://fred.stlouisfed.org/series/DPSACBW027SBOG,real_public_fred,20183
2018-08-15,2018Q3,DPSACBW027SBOG,"Deposits, All Commercial Banks",macro_indicator,Weekly,12249.5355,Billions of dollars,https://fred.stlouisfed.org/series/DPSACBW027SBOG,real_public_fred,20183
2018-08-22,2018Q3,DPSACBW027SBOG,"Deposits, All Commercial Banks",macro_indicator,Weekly,12245.4507,Billions of dollars,https://fred.stlouisfed.org/series/DPSACBW027SBOG,real_public_fred,20183
2018-08-29,2018Q3,DPSACBW027SBOG,"Deposits, All Commercial Banks",macro_indicator,Weekly,12231.1514,Billions of dollars,https://fred.stlouisfed.org/series/DPSACBW027SBOG,real_public_fred,20183
2018-09-05,2018Q3,DPSACBW027SBOG,"Deposits, All Commercial Banks",macro_indicator,Weekly,12243.1943,Billions of dollars,https://fred.stlouisfed.org/series/DPSACBW027SBOG,real_public_fred,20183
2018-09-12,2018Q3,DPSACBW027SBOG,"Deposits, All Commercial Banks",macro_indicator,Weekly,12243.168,Billions of dollars,https://fred.stlouisfed.org/series/DPSACBW027SBOG,real_public_fred,20183
2018-09-19,2018Q3,DPSACBW027SBOG,"Deposits, All Commercial Banks",macro_indicator,Weekly,12272.7117,Billions of dollars,https://fred.stlouisfed.org/series/DPSACBW027SBOG,real_public_fred,20183
2018-09-26,2018Q3,DPSACBW027SBOG,"Deposits, All Commercial Banks",macro_indicator,Weekly,12319.1904,Billions of dollars,https://fred.stlouisfed.org/series/DPSACBW027SBOG,real_public_fred,20183
2018-10-03,2018Q4,DPSACBW027SBOG,"Deposits, All Commercial Banks",macro_indicator,Weekly,12309.5881,Billions of dollars,https://fred.stlouisfed.org/series/DPSACBW027SBOG,real_public_fred,20184
2018-10-10,2018Q4,DPSACBW027SBOG,"Deposits, All Commercial Banks",macro_indicator,Weekly,12324.1774,Billions of dollars,https://fred.stlouisfed.org/series/DPSACBW027SBOG,real_public_fred,20184
2018-10-17,2018Q4,DPSACBW027SBOG,"Deposits, All Commercial Banks",macro_indicator,Weekly,12298.0668,Billions of dollars,https://fred.stlouisfed.org/series/DPSACBW027SBOG,real_public_fred,20184
2018-10-24,2018Q4,DPSACBW027SBOG,"Deposits, All Commercial Banks",macro_indicator,Weekly,12321.6812,Billions of dollars,https://fred.stlouisfed.org/series/DPSACBW027SBOG,real_public_fred,20184
2018-10-31,2018Q4,DPSACBW027SBOG,"Deposits, All Commercial Banks",macro_indicator,Weekly,12311.0861,Billions of dollars,https://fred.stlouisfed.org/series/DPSACBW027SBOG,real_public_fred,20184
2018-11-07,2018Q4,DPSACBW027SBOG,"Deposits, All Commercial Banks",macro_indicator,Weekly,12267.2944,Billions of dollars,https://fred.stlouisfed.org/series/DPSACBW027SBOG,real_public_fred,20184
2018-11-14,2018Q4,DPSACBW027SBOG,"Deposits, All Commercial Banks",macro_indicator,Weekly,12280.6686,Billions of dollars,https://fred.stlouisfed.org/series/DPSACBW027SBOG,real_public_fred,20184
2018-11-21,2018Q4,DPSACBW027SBOG,"Deposits, All Commercial Banks",macro_indicator,Weekly,12284.5997,Billions of dollars,https://fred.stlouisfed.org/series/DPSACBW027SBOG,real_public_fred,20184
2018-11-28,2018Q4,DPSACBW027SBOG,"Deposits, All Commercial Banks",macro_indicator,Weekly,12306.869,Billions of dollars,https://fred.stlouisfed.org/series/DPSACBW027SBOG,real_public_fred,20184
2018-12-05,2018Q4,DPSACBW027SBOG,"Deposits, All Commercial Banks",macro_indicator,Weekly,12384.5269,Billions of dollars,https://fred.stlouisfed.org/series/DPSACBW027SBOG,real_public_fred,20184
2018-12-12,2018Q4,DPSACBW027SBOG,"Deposits, All Commercial Banks",macro_indicator,Weekly,12336.3729,Billions of dollars,https://fred.stlouisfed.org/series/DPSACBW027SBOG,real_public_fred,20184
2018-12-19,2018Q4,DPSACBW027SBOG,"Deposits, All Commercial Banks",macro_indicator,Weekly,12378.567,Billions of dollars,https://fred.stlouisfed.org/series/DPSACBW027SBOG,real_public_fred,20184
2018-12-26,2018Q4,DPSACBW027SBOG,"Deposits, All Commercial Banks",macro_indicator,Weekly,12454.7613,Billions of dollars,https://fred.stlouisfed.org/series/DPSACBW027SBOG,real_public_fred,20184
2019-01-02,2019Q1,DPSACBW027SBOG,"Deposits, All Commercial Banks",macro_indicator,Weekly,12468.2108,Billions of dollars,https://fred.stlouisfed.org/series/DPSACBW027SBOG,real_public_fred,20191
2019-01-09,2019Q1,DPSACBW027SBOG,"Deposits, All Commercial Banks",macro_indicator,Weekly,12468.2193,Billions of dollars,https://fred.stlouisfed.org/series/DPSACBW027SBOG,real_public_fred,20191
2019-01-16,2019Q1,DPSACBW027SBOG,"Deposits, All Commercial Banks",macro_indicator,Weekly,12441.0657,Billions of dollars,https://fred.stlouisfed.org/series/DPSACBW027SBOG,real_public_fred,20191
2019-01-23,2019Q1,DPSACBW027SBOG,"Deposits, All Commercial Banks",macro_indicator,Weekly,12505.6674,Billions of dollars,https://fred.stlouisfed.org/series/DPSACBW027SBOG,real_public_fred,20191
2019-01-30,2019Q1,DPSACBW027SBOG,"Deposits, All Commercial Banks",macro_indicator,Weekly,12459.495,Billions of dollars,https://fred.stlouisfed.org/series/DPSACBW027SBOG,real_public_fred,20191
2019-02-06,2019Q1,DPSACBW027SBOG,"Deposits, All Commercial Banks",macro_indicator,Weekly,12511.4683,Billions of dollars,https://fred.stlouisfed.org/series/DPSACBW027SBOG,real_public_fred,20191
2019-02-13,2019Q1,DPSACBW027SBOG,"Deposits, All Commercial Banks",macro_indicator,Weekly,12490.0573,Billions of dollars,https://fred.stlouisfed.org/series/DPSACBW027SBOG,real_public_fred,20191
2019-02-20,2019Q1,DPSACBW027SBOG,"Deposits, All Commercial Banks",macro_indicator,Weekly,12502.1403,Billions of dollars,https://fred.stlouisfed.org/series/DPSACBW027SBOG,real_public_fred,20191
2019-02-27,2019Q1,DPSACBW027SBOG,"Deposits, All Commercial Banks",macro_indicator,Weekly,12519.2438,Billions of dollars,https://fred.stlouisfed.org/series/DPSACBW027SBOG,real_public_fred,20191
2019-03-06,2019Q1,DPSACBW027SBOG,"Deposits, All Commercial Banks",macro_indicator,Weekly,12547.4651,Billions of dollars,https://fred.stlouisfed.org/series/DPSACBW027SBOG,real_public_fred,20191
2019-03-13,2019Q1,DPSACBW027SBOG,"Deposits, All Commercial Banks",macro_indicator,Weekly,12534.9085,Billions of dollars,https://fred.stlouisfed.org/series/DPSACBW027SBOG,real_public_fred,20191
2019-03-20,2019Q1,DPSACBW027SBOG,"Deposits, All Commercial Banks",macro_indicator,Weekly,12569.6852,Billions of dollars,https://fred.stlouisfed.org/series/DPSACBW027SBOG,real_public_fred,20191
2019-03-27,2019Q1,DPSACBW027SBOG,"Deposits, All Commercial Banks",macro_indicator,Weekly,12615.5167,Billions of dollars,https://fred.stlouisfed.org/series/DPSACBW027SBOG,real_public_fred,20191
2019-04-03,2019Q2,DPSACBW027SBOG,"Deposits, All Commercial Banks",macro_indicator,Weekly,12617.339,Billions of dollars,https://fred.stlouisfed.org/series/DPSACBW027SBOG,real_public_fred,20192
2019-04-10,2019Q2,DPSACBW027SBOG,"Deposits, All Commercial Banks",macro_indicator,Weekly,12615.7027,Billions of dollars,https://fred.stlouisfed.org/series/DPSACBW027SBOG,real_public_fred,20192
2019-04-17,2019Q2,DPSACBW027SBOG,"Deposits, All Commercial Banks",macro_indicator,Weekly,12613.4386,Billions of dollars,https://fred.stlouisfed.org/series/DPSACBW027SBOG,real_public_fred,20192
2019-04-24,2019Q2,DPSACBW027SBOG,"Deposits, All Commercial Banks",macro_indicator,Weekly,12626.3133,Billions of dollars,https://fred.stlouisfed.org/series/DPSACBW027SBOG,real_public_fred,20192
2019-05-01,2019Q2,DPSACBW027SBOG,"Deposits, All Commercial Banks",macro_indicator,Weekly,12679.342,Billions of dollars,https://fred.stlouisfed.org/series/DPSACBW027SBOG,real_public_fred,20192
2019-05-08,2019Q2,DPSACBW027SBOG,"Deposits, All Commercial Banks",macro_indicator,Weekly,12661.6177,Billions of dollars,https://fred.stlouisfed.org/series/DPSACBW027SBOG,real_public_fred,20192
2019-05-15,2019Q2,DPSACBW027SBOG,"Deposits, All Commercial Banks",macro_indicator,Weekly,12720.3306,Billions of dollars,https://fred.stlouisfed.org/series/DPSACBW027SBOG,real_public_fred,20192
2019-05-22,2019Q2,DPSACBW027SBOG,"Deposits, All Commercial Banks",macro_indicator,Weekly,12668.834,Billions of dollars,https://fred.stlouisfed.org/series/DPSACBW027SBOG,real_public_fred,20192
2019-05-29,2019Q2,DPSACBW027SBOG,"Deposits, All Commercial Banks",macro_indicator,Weekly,12679.209,Billions of dollars,https://fred.stlouisfed.org/series/DPSACBW027SBOG,real_public_fred,20192
2019-06-05,2019Q2,DPSACBW027SBOG,"Deposits, All Commercial Banks",macro_indicator,Weekly,12719.6715,Billions of dollars,https://fred.stlouisfed.org/series/DPSACBW027SBOG,real_public_fred,20192
2019-06-12,2019Q2,DPSACBW027SBOG,"Deposits, All Commercial Banks",macro_indicator,Weekly,12739.7871,Billions of dollars,https://fred.stlouisfed.org/series/DPSACBW027SBOG,real_public_fred,20192
2019-06-19,2019Q2,DPSACBW027SBOG,"Deposits, All Commercial Banks",macro_indicator,Weekly,12764.4953,Billions of dollars,https://fred.stlouisfed.org/series/DPSACBW027SBOG,real_public_fred,20192
2019-06-26,2019Q2,DPSACBW027SBOG,"Deposits, All Commercial Banks",macro_indicator,Weekly,12812.7513,Billions of dollars,https://fred.stlouisfed.org/series/DPSACBW027SBOG,real_public_fred,20192
2019-07-03,2019Q3,DPSACBW027SBOG,"Deposits, All Commercial Banks",macro_indicator,Weekly,12795.1037,Billions of dollars,https://fred.stlouisfed.org/series/DPSACBW027SBOG,real_public_fred,20193
2019-07-10,2019Q3,DPSACBW027SBOG,"Deposits, All Commercial Banks",macro_indicator,Weekly,12749.473,Billions of dollars,https://fred.stlouisfed.org/series/DPSACBW027SBOG,real_public_fred,20193
2019-07-17,2019Q3,DPSACBW027SBOG,"Deposits, All Commercial Banks",macro_indicator,Weekly,12780.0686,Billions of dollars,https://fred.stlouisfed.org/series/DPSACBW027SBOG,real_public_fred,20193
2019-07-24,2019Q3,DPSACBW027SBOG,"Deposits, All Commercial Banks",macro_indicator,Weekly,12811.1981,Billions of dollars,https://fred.stlouisfed.org/series/DPSACBW027SBOG,real_public_fred,20193
2019-07-31,2019Q3,DPSACBW027SBOG,"Deposits, All Commercial Banks",macro_indicator,Weekly,12828.1527,Billions of dollars,https://fred.stlouisfed.org/series/DPSACBW027SBOG,real_public_fred,20193
2019-08-07,2019Q3,DPSACBW027SBOG,"Deposits, All Commercial Banks",macro_indicator,Weekly,12837.0064,Billions of dollars,https://fred.stlouisfed.org/series/DPSACBW027SBOG,real_public_fred,20193
2019-08-14,2019Q3,DPSACBW027SBOG,"Deposits, All Commercial Banks",macro_indicator,Weekly,12819.3109,Billions of dollars,https://fred.stlouisfed.org/series/DPSACBW027SBOG,real_public_fred,20193
2019-08-21,2019Q3,DPSACBW027SBOG,"Deposits, All Commercial Banks",macro_indicator,Weekly,12818.3989,Billions of dollars,https://fred.stlouisfed.org/series/DPSACBW027SBOG,real_public_fred,20193
2019-08-28,2019Q3,DPSACBW027SBOG,"Deposits, All Commercial Banks",macro_indicator,Weekly,12849.7693,Billions of dollars,https://fred.stlouisfed.org/series/DPSACBW027SBOG,real_public_fred,20193
2019-09-04,2019Q3,DPSACBW027SBOG,"Deposits, All Commercial Banks",macro_indicator,Weekly,12896.3945,Billions of dollars,https://fred.stlouisfed.org/series/DPSACBW027SBOG,real_public_fred,20193
2019-09-11,2019Q3,DPSACBW027SBOG,"Deposits, All Commercial Banks",macro_indicator,Weekly,12868.8625,Billions of dollars,https://fred.stlouisfed.org/series/DPSACBW027SBOG,real_public_fred,20193
2019-09-18,2019Q3,DPSACBW027SBOG,"Deposits, All Commercial Banks",macro_indicator,Weekly,12910.3533,Billions of dollars,https://fred.stlouisfed.org/series/DPSACBW027SBOG,real_public_fred,20193
2019-09-25,2019Q3,DPSACBW027SBOG,"Deposits, All Commercial Banks",macro_indicator,Weekly,12978.4383,Billions of dollars,https://fred.stlouisfed.org/series/DPSACBW027SBOG,real_public_fred,20193
2019-10-02,2019Q4,DPSACBW027SBOG,"Deposits, All Commercial Banks",macro_indicator,Weekly,13040.3191,Billions of dollars,https://fred.stlouisfed.org/series/DPSACBW027SBOG,real_public_fred,20194
2019-10-09,2019Q4,DPSACBW027SBOG,"Deposits, All Commercial Banks",macro_indicator,Weekly,13038.1325,Billions of dollars,https://fred.stlouisfed.org/series/DPSACBW027SBOG,real_public_fred,20194
2019-10-16,2019Q4,DPSACBW027SBOG,"Deposits, All Commercial Banks",macro_indicator,Weekly,13067.4565,Billions of dollars,https://fred.stlouisfed.org/series/DPSACBW027SBOG,real_public_fred,20194
2019-10-23,2019Q4,DPSACBW027SBOG,"Deposits, All Commercial Banks",macro_indicator,Weekly,13066.9543,Billions of dollars,https://fred.stlouisfed.org/series/DPSACBW027SBOG,real_public_fred,20194
2019-10-30,2019Q4,DPSACBW027SBOG,"Deposits, All Commercial Banks",macro_indicator,Weekly,13037.9634,Billions of dollars,https://fred.stlouisfed.org/series/DPSACBW027SBOG,real_public_fred,20194
2019-11-06,2019Q4,DPSACBW027SBOG,"Deposits, All Commercial Banks",macro_indicator,Weekly,13095.9943,Billions of dollars,https://fred.stlouisfed.org/series/DPSACBW027SBOG,real_public_fred,20194
2019-11-13,2019Q4,DPSACBW027SBOG,"Deposits, All Commercial Banks",macro_indicator,Weekly,13135.8604,Billions of dollars,https://fred.stlouisfed.org/series/DPSACBW027SBOG,real_public_fred,20194
2019-11-20,2019Q4,DPSACBW027SBOG,"Deposits, All Commercial Banks",macro_indicator,Weekly,13145.7956,Billions of dollars,https://fred.stlouisfed.org/series/DPSACBW027SBOG,real_public_fred,20194
2019-11-27,2019Q4,DPSACBW027SBOG,"Deposits, All Commercial Banks",macro_indicator,Weekly,13184.1044,Billions of dollars,https://fred.stlouisfed.org/series/DPSACBW027SBOG,real_public_fred,20194
2019-12-04,2019Q4,DPSACBW027SBOG,"Deposits, All Commercial Banks",macro_indicator,Weekly,13169.2423,Billions of dollars,https://fred.stlouisfed.org/series/DPSACBW027SBOG,real_public_fred,20194
2019-12-11,2019Q4,DPSACBW027SBOG,"Deposits, All Commercial Banks",macro_indicator,Weekly,13199.3919,Billions of dollars,https://fred.stlouisfed.org/series/DPSACBW027SBOG,real_public_fred,20194
2019-12-18,2019Q4,DPSACBW027SBOG,"Deposits, All Commercial Banks",macro_indicator,Weekly,13193.883,Billions of dollars,https://fred.stlouisfed.org/series/DPSACBW027SBOG,real_public_fred,20194
2019-12-25,2019Q4,DPSACBW027SBOG,"Deposits, All Commercial Banks",macro_indicator,Weekly,13193.9727,Billions of dollars,https://fred.stlouisfed.org/series/DPSACBW027SBOG,real_public_fred,20194
2020-01-01,2020Q1,DPSACBW027SBOG,"Deposits, All Commercial Banks",macro_indicator,Weekly,13200.4212,Billions of dollars,https://fred.stlouisfed.org/series/DPSACBW027SBOG,real_public_fred,20201
2020-01-08,2020Q1,DPSACBW027SBOG,"Deposits, All Commercial Banks",macro_indicator,Weekly,13262.0486,Billions of dollars,https://fred.stlouisfed.org/series/DPSACBW027SBOG,real_public_fred,20201
2020-01-15,2020Q1,DPSACBW027SBOG,"Deposits, All Commercial Banks",macro_indicator,Weekly,13297.4572,Billions of dollars,https://fred.stlouisfed.org/series/DPSACBW027SBOG,real_public_fred,20201
2020-01-22,2020Q1,DPSACBW027SBOG,"Deposits, All Commercial Banks",macro_indicator,Weekly,13294.9795,Billions of dollars,https://fred.stlouisfed.org/series/DPSACBW027SBOG,real_public_fred,20201
2020-01-29,2020Q1,DPSACBW027SBOG,"Deposits, All Commercial Banks",macro_indicator,Weekly,13283.4278,Billions of dollars,https://fred.stlouisfed.org/series/DPSACBW027SBOG,real_public_fred,20201
2020-02-05,2020Q1,DPSACBW027SBOG,"Deposits, All Commercial Banks",macro_indicator,Weekly,13328.1249,Billions of dollars,https://fred.stlouisfed.org/series/DPSACBW027SBOG,real_public_fred,20201
2020-02-12,2020Q1,DPSACBW027SBOG,"Deposits, All Commercial Banks",macro_indicator,Weekly,13329.7465,Billions of dollars,https://fred.stlouisfed.org/series/DPSACBW027SBOG,real_public_fred,20201
2020-02-19,2020Q1,DPSACBW027SBOG,"Deposits, All Commercial Banks",macro_indicator,Weekly,13371.19,Billions of dollars,https://fred.stlouisfed.org/series/DPSACBW027SBOG,real_public_fred,20201
2020-02-26,2020Q1,DPSACBW027SBOG,"Deposits, All Commercial Banks",macro_indicator,Weekly,13349.2665,Billions of dollars,https://fred.stlouisfed.org/series/DPSACBW027SBOG,real_public_fred,20201
2020-03-04,2020Q1,DPSACBW027SBOG,"Deposits, All Commercial Banks",macro_indicator,Weekly,13443.7582,Billions of dollars,https://fred.stlouisfed.org/series/DPSACBW027SBOG,real_public_fred,20201
2020-03-11,2020Q1,DPSACBW027SBOG,"Deposits, All Commercial Banks",macro_indicator,Weekly,13478.6169,Billions of dollars,https://fred.stlouisfed.org/series/DPSACBW027SBOG,real_public_fred,20201
2020-03-18,2020Q1,DPSACBW027SBOG,"Deposits, All Commercial Banks",macro_indicator,Weekly,13758.9237,Billions of dollars,https://fred.stlouisfed.org/series/DPSACBW027SBOG,real_public_fred,20201
2020-03-25,2020Q1,DPSACBW027SBOG,"Deposits, All Commercial Banks",macro_indicator,Weekly,14118.3037,Billions of dollars,https://fred.stlouisfed.org/series/DPSACBW027SBOG,real_public_fred,20201
2020-04-01,2020Q2,DPSACBW027SBOG,"Deposits, All Commercial Banks",macro_indicator,Weekly,14268.02,Billions of dollars,https://fred.stlouisfed.org/series/DPSACBW027SBOG,real_public_fred,20202
2020-04-08,2020Q2,DPSACBW027SBOG,"Deposits, All Commercial Banks",macro_indicator,Weekly,14254.7317,Billions of dollars,https://fred.stlouisfed.org/series/DPSACBW027SBOG,real_public_fred,20202
2020-04-15,2020Q2,DPSACBW027SBOG,"Deposits, All Commercial Banks",macro_indicator,Weekly,14629.9556,Billions of dollars,https://fred.stlouisfed.org/series/DPSACBW027SBOG,real_public_fred,20202
2020-04-22,2020Q2,DPSACBW027SBOG,"Deposits, All Commercial Banks",macro_indicator,Weekly,14874.6516,Billions of dollars,https://fred.stlouisfed.org/series/DPSACBW027SBOG,real_public_fred,20202
2020-04-29,2020Q2,DPSACBW027SBOG,"Deposits, All Commercial Banks",macro_indicator,Weekly,15005.8183,Billions of dollars,https://fred.stlouisfed.org/series/DPSACBW027SBOG,real_public_fred,20202
2020-05-06,2020Q2,DPSACBW027SBOG,"Deposits, All Commercial Banks",macro_indicator,Weekly,15181.9679,Billions of dollars,https://fred.stlouisfed.org/series/DPSACBW027SBOG,real_public_fred,20202
2020-05-13,2020Q2,DPSACBW027SBOG,"Deposits, All Commercial Banks",macro_indicator,Weekly,15267.8808,Billions of dollars,https://fred.stlouisfed.org/series/DPSACBW027SBOG,real_public_fred,20202
2020-05-20,2020Q2,DPSACBW027SBOG,"Deposits, All Commercial Banks",macro_indicator,Weekly,15321.5268,Billions of dollars,https://fred.stlouisfed.org/series/DPSACBW027SBOG,real_public_fred,20202
2020-05-27,2020Q2,DPSACBW027SBOG,"Deposits, All Commercial Banks",macro_indicator,Weekly,15360.6679,Billions of dollars,https://fred.stlouisfed.org/series/DPSACBW027SBOG,real_public_fred,20202
2020-06-03,2020Q2,DPSACBW027SBOG,"Deposits, All Commercial Banks",macro_indicator,Weekly,15363.9241,Billions of dollars,https://fred.stlouisfed.org/series/DPSACBW027SBOG,real_public_fred,20202
2020-06-10,2020Q2,DPSACBW027SBOG,"Deposits, All Commercial Banks",macro_indicator,Weekly,15439.2207,Billions of dollars,https://fred.stlouisfed.org/series/DPSACBW027SBOG,real_public_fred,20202
2020-06-17,2020Q2,DPSACBW027SBOG,"Deposits, All Commercial Banks",macro_indicator,Weekly,15515.5435,Billions of dollars,https://fred.stlouisfed.org/series/DPSACBW027SBOG,real_public_fred,20202
2020-06-24,2020Q2,DPSACBW027SBOG,"Deposits, All Commercial Banks",macro_indicator,Weekly,15571.2984,Billions of dollars,https://fred.stlouisfed.org/series/DPSACBW027SBOG,real_public_fred,20202
2020-07-01,2020Q3,DPSACBW027SBOG,"Deposits, All Commercial Banks",macro_indicator,Weekly,15548.3739,Billions of dollars,https://fred.stlouisfed.org/series/DPSACBW027SBOG,real_public_fred,20203
2020-07-08,2020Q3,DPSACBW027SBOG,"Deposits, All Commercial Banks",macro_indicator,Weekly,15585.5769,Billions of dollars,https://fred.stlouisfed.org/series/DPSACBW027SBOG,real_public_fred,20203
2020-07-15,2020Q3,DPSACBW027SBOG,"Deposits, All Commercial Banks",macro_indicator,Weekly,15593.892,Billions of dollars,https://fred.stlouisfed.org/series/DPSACBW027SBOG,real_public_fred,20203
2020-07-22,2020Q3,DPSACBW027SBOG,"Deposits, All Commercial Banks",macro_indicator,Weekly,15495.9829,Billions of dollars,https://fred.stlouisfed.org/series/DPSACBW027SBOG,real_public_fred,20203
2020-07-29,2020Q3,DPSACBW027SBOG,"Deposits, All Commercial Banks",macro_indicator,Weekly,15445.6114,Billions of dollars,https://fred.stlouisfed.org/series/DPSACBW027SBOG,real_public_fred,20203
2020-08-05,2020Q3,DPSACBW027SBOG,"Deposits, All Commercial Banks",macro_indicator,Weekly,15509.2186,Billions of dollars,https://fred.stlouisfed.org/series/DPSACBW027SBOG,real_public_fred,20203
2020-08-12,2020Q3,DPSACBW027SBOG,"Deposits, All Commercial Banks",macro_indicator,Weekly,15521.4609,Billions of dollars,https://fred.stlouisfed.org/series/DPSACBW027SBOG,real_public_fred,20203
2020-08-19,2020Q3,DPSACBW027SBOG,"Deposits, All Commercial Banks",macro_indicator,Weekly,15541.5851,Billions of dollars,https://fred.stlouisfed.org/series/DPSACBW027SBOG,real_public_fred,20203
2020-08-26,2020Q3,DPSACBW027SBOG,"Deposits, All Commercial Banks",macro_indicator,Weekly,15554.078,Billions of dollars,https://fred.stlouisfed.org/series/DPSACBW027SBOG,real_public_fred,20203
2020-09-02,2020Q3,DPSACBW027SBOG,"Deposits, All Commercial Banks",macro_indicator,Weekly,15593.6649,Billions of dollars,https://fred.stlouisfed.org/series/DPSACBW027SBOG,real_public_fred,20203
2020-09-09,2020Q3,DPSACBW027SBOG,"Deposits, All Commercial Banks",macro_indicator,Weekly,15652.399,Billions of dollars,https://fred.stlouisfed.org/series/DPSACBW027SBOG,real_public_fred,20203
2020-09-16,2020Q3,DPSACBW027SBOG,"Deposits, All Commercial Banks",macro_indicator,Weekly,15729.6948,Billions of dollars,https://fred.stlouisfed.org/series/DPSACBW027SBOG,real_public_fred,20203
2020-09-23,2020Q3,DPSACBW027SBOG,"Deposits, All Commercial Banks",macro_indicator,Weekly,15713.5441,Billions of dollars,https://fred.stlouisfed.org/series/DPSACBW027SBOG,real_public_fred,20203
2020-09-30,2020Q3,DPSACBW027SBOG,"Deposits, All Commercial Banks",macro_indicator,Weekly,15684.3492,Billions of dollars,https://fred.stlouisfed.org/series/DPSACBW027SBOG,real_public_fred,20203
2020-10-07,2020Q4,DPSACBW027SBOG,"Deposits, All Commercial Banks",macro_indicator,Weekly,15690.1303,Billions of dollars,https://fred.stlouisfed.org/series/DPSACBW027SBOG,real_public_fred,20204
2020-10-14,2020Q4,DPSACBW027SBOG,"Deposits, All Commercial Banks",macro_indicator,Weekly,15795.1825,Billions of dollars,https://fred.stlouisfed.org/series/DPSACBW027SBOG,real_public_fred,20204
2020-10-21,2020Q4,DPSACBW027SBOG,"Deposits, All Commercial Banks",macro_indicator,Weekly,15795.039,Billions of dollars,https://fred.stlouisfed.org/series/DPSACBW027SBOG,real_public_fred,20204
2020-10-28,2020Q4,DPSACBW027SBOG,"Deposits, All Commercial Banks",macro_indicator,Weekly,15827.7707,Billions of dollars,https://fred.stlouisfed.org/series/DPSACBW027SBOG,real_public_fred,20204
2020-11-04,2020Q4,DPSACBW027SBOG,"Deposits, All Commercial Banks",macro_indicator,Weekly,15876.4657,Billions of dollars,https://fred.stlouisfed.org/series/DPSACBW027SBOG,real_public_fred,20204
2020-11-11,2020Q4,DPSACBW027SBOG,"Deposits, All Commercial Banks",macro_indicator,Weekly,15878.4173,Billions of dollars,https://fred.stlouisfed.org/series/DPSACBW027SBOG,real_public_fred,20204
2020-11-18,2020Q4,DPSACBW027SBOG,"Deposits, All Commercial Banks",macro_indicator,Weekly,15898.9609,Billions of dollars,https://fred.stlouisfed.org/series/DPSACBW027SBOG,real_public_fred,20204
2020-11-25,2020Q4,DPSACBW027SBOG,"Deposits, All Commercial Banks",macro_indicator,Weekly,15978.9354,Billions of dollars,https://fred.stlouisfed.org/series/DPSACBW027SBOG,real_public_fred,20204
2020-12-02,2020Q4,DPSACBW027SBOG,"Deposits, All Commercial Banks",macro_indicator,Weekly,15967.6477,Billions of dollars,https://fred.stlouisfed.org/series/DPSACBW027SBOG,real_public_fred,20204
2020-12-09,2020Q4,DPSACBW027SBOG,"Deposits, All Commercial Banks",macro_indicator,Weekly,15995.224,Billions of dollars,https://fred.stlouisfed.org/series/DPSACBW027SBOG,real_public_fred,20204
2020-12-16,2020Q4,DPSACBW027SBOG,"Deposits, All Commercial Banks",macro_indicator,Weekly,16027.5568,Billions of dollars,https://fred.stlouisfed.org/series/DPSACBW027SBOG,real_public_fred,20204
2020-12-23,2020Q4,DPSACBW027SBOG,"Deposits, All Commercial Banks",macro_indicator,Weekly,16017.9693,Billions of dollars,https://fred.stlouisfed.org/series/DPSACBW027SBOG,real_public_fred,20204
2020-12-30,2020Q4,DPSACBW027SBOG,"Deposits, All Commercial Banks",macro_indicator,Weekly,16068.9666,Billions of dollars,https://fred.stlouisfed.org/series/DPSACBW027SBOG,real_public_fred,20204
2021-01-06,2021Q1,DPSACBW027SBOG,"Deposits, All Commercial Banks",macro_indicator,Weekly,16119.0755,Billions of dollars,https://fred.stlouisfed.org/series/DPSACBW027SBOG,real_public_fred,20211
2021-01-13,2021Q1,DPSACBW027SBOG,"Deposits, All Commercial Banks",macro_indicator,Weekly,16152.5752,Billions of dollars,https://fred.stlouisfed.org/series/DPSACBW027SBOG,real_public_fred,20211
2021-01-20,2021Q1,DPSACBW027SBOG,"Deposits, All Commercial Banks",macro_indicator,Weekly,16159.0014,Billions of dollars,https://fred.stlouisfed.org/series/DPSACBW027SBOG,real_public_fred,20211
2021-01-27,2021Q1,DPSACBW027SBOG,"Deposits, All Commercial Banks",macro_indicator,Weekly,16254.4129,Billions of dollars,https://fred.stlouisfed.org/series/DPSACBW027SBOG,real_public_fred,20211
2021-02-03,2021Q1,DPSACBW027SBOG,"Deposits, All Commercial Banks",macro_indicator,Weekly,16284.1703,Billions of dollars,https://fred.stlouisfed.org/series/DPSACBW027SBOG,real_public_fred,20211
2021-02-10,2021Q1,DPSACBW027SBOG,"Deposits, All Commercial Banks",macro_indicator,Weekly,16335.4281,Billions of dollars,https://fred.stlouisfed.org/series/DPSACBW027SBOG,real_public_fred,20211
2021-02-17,2021Q1,DPSACBW027SBOG,"Deposits, All Commercial Banks",macro_indicator,Weekly,16427.0826,Billions of dollars,https://fred.stlouisfed.org/series/DPSACBW027SBOG,real_public_fred,20211
2021-02-24,2021Q1,DPSACBW027SBOG,"Deposits, All Commercial Banks",macro_indicator,Weekly,16401.9652,Billions of dollars,https://fred.stlouisfed.org/series/DPSACBW027SBOG,real_public_fred,20211
2021-03-03,2021Q1,DPSACBW027SBOG,"Deposits, All Commercial Banks",macro_indicator,Weekly,16464.9516,Billions of dollars,https://fred.stlouisfed.org/series/DPSACBW027SBOG,real_public_fred,20211
2021-03-10,2021Q1,DPSACBW027SBOG,"Deposits, All Commercial Banks",macro_indicator,Weekly,16522.973,Billions of dollars,https://fred.stlouisfed.org/series/DPSACBW027SBOG,real_public_fred,20211
2021-03-17,2021Q1,DPSACBW027SBOG,"Deposits, All Commercial Banks",macro_indicator,Weekly,16706.7767,Billions of dollars,https://fred.stlouisfed.org/series/DPSACBW027SBOG,real_public_fred,20211
2021-03-24,2021Q1,DPSACBW027SBOG,"Deposits, All Commercial Banks",macro_indicator,Weekly,16725.8004,Billions of dollars,https://fred.stlouisfed.org/series/DPSACBW027SBOG,real_public_fred,20211
2021-03-31,2021Q1,DPSACBW027SBOG,"Deposits, All Commercial Banks",macro_indicator,Weekly,16731.573,Billions of dollars,https://fred.stlouisfed.org/series/DPSACBW027SBOG,real_public_fred,20211
2021-04-07,2021Q2,DPSACBW027SBOG,"Deposits, All Commercial Banks",macro_indicator,Weekly,16787.163,Billions of dollars,https://fred.stlouisfed.org/series/DPSACBW027SBOG,real_public_fred,20212
2021-04-14,2021Q2,DPSACBW027SBOG,"Deposits, All Commercial Banks",macro_indicator,Weekly,16887.6095,Billions of dollars,https://fred.stlouisfed.org/series/DPSACBW027SBOG,real_public_fred,20212
2021-04-21,2021Q2,DPSACBW027SBOG,"Deposits, All Commercial Banks",macro_indicator,Weekly,16898.9709,Billions of dollars,https://fred.stlouisfed.org/series/DPSACBW027SBOG,real_public_fred,20212
2021-04-28,2021Q2,DPSACBW027SBOG,"Deposits, All Commercial Banks",macro_indicator,Weekly,16973.1798,Billions of dollars,https://fred.stlouisfed.org/series/DPSACBW027SBOG,real_public_fred,20212
2021-05-05,2021Q2,DPSACBW027SBOG,"Deposits, All Commercial Banks",macro_indicator,Weekly,17064.0983,Billions of dollars,https://fred.stlouisfed.org/series/DPSACBW027SBOG,real_public_fred,20212
2021-05-12,2021Q2,DPSACBW027SBOG,"Deposits, All Commercial Banks",macro_indicator,Weekly,17118.3094,Billions of dollars,https://fred.stlouisfed.org/series/DPSACBW027SBOG,real_public_fred,20212
2021-05-19,2021Q2,DPSACBW027SBOG,"Deposits, All Commercial Banks",macro_indicator,Weekly,17098.437,Billions of dollars,https://fred.stlouisfed.org/series/DPSACBW027SBOG,real_public_fred,20212
2021-05-26,2021Q2,DPSACBW027SBOG,"Deposits, All Commercial Banks",macro_indicator,Weekly,17068.0027,Billions of dollars,https://fred.stlouisfed.org/series/DPSACBW027SBOG,real_public_fred,20212
2021-06-02,2021Q2,DPSACBW027SBOG,"Deposits, All Commercial Banks",macro_indicator,Weekly,17079.8533,Billions of dollars,https://fred.stlouisfed.org/series/DPSACBW027SBOG,real_public_fred,20212
2021-06-09,2021Q2,DPSACBW027SBOG,"Deposits, All Commercial Banks",macro_indicator,Weekly,17177.5963,Billions of dollars,https://fred.stlouisfed.org/series/DPSACBW027SBOG,real_public_fred,20212
2021-06-16,2021Q2,DPSACBW027SBOG,"Deposits, All Commercial Banks",macro_indicator,Weekly,17125.0452,Billions of dollars,https://fred.stlouisfed.org/series/DPSACBW027SBOG,real_public_fred,20212
2021-06-23,2021Q2,DPSACBW027SBOG,"Deposits, All Commercial Banks",macro_indicator,Weekly,17103.8,Billions of dollars,https://fred.stlouisfed.org/series/DPSACBW027SBOG,real_public_fred,20212
2021-06-30,2021Q2,DPSACBW027SBOG,"Deposits, All Commercial Banks",macro_indicator,Weekly,17057.3338,Billions of dollars,https://fred.stlouisfed.org/series/DPSACBW027SBOG,real_public_fred,20212
2021-07-07,2021Q3,DPSACBW027SBOG,"Deposits, All Commercial Banks",macro_indicator,Weekly,17131.8933,Billions of dollars,https://fred.stlouisfed.org/series/DPSACBW027SBOG,real_public_fred,20213
2021-07-14,2021Q3,DPSACBW027SBOG,"Deposits, All Commercial Banks",macro_indicator,Weekly,17200.5062,Billions of dollars,https://fred.stlouisfed.org/series/DPSACBW027SBOG,real_public_fred,20213
2021-07-21,2021Q3,DPSACBW027SBOG,"Deposits, All Commercial Banks",macro_indicator,Weekly,17264.5896,Billions of dollars,https://fred.stlouisfed.org/series/DPSACBW027SBOG,real_public_fred,20213
2021-07-28,2021Q3,DPSACBW027SBOG,"Deposits, All Commercial Banks",macro_indicator,Weekly,17255.0818,Billions of dollars,https://fred.stlouisfed.org/series/DPSACBW027SBOG,real_public_fred,20213
2021-08-04,2021Q3,DPSACBW027SBOG,"Deposits, All Commercial Banks",macro_indicator,Weekly,17275.219,Billions of dollars,https://fred.stlouisfed.org/series/DPSACBW027SBOG,real_public_fred,20213
2021-08-11,2021Q3,DPSACBW027SBOG,"Deposits, All Commercial Banks",macro_indicator,Weekly,17329.8632,Billions of dollars,https://fred.stlouisfed.org/series/DPSACBW027SBOG,real_public_fred,20213
2021-08-18,2021Q3,DPSACBW027SBOG,"Deposits, All Commercial Banks",macro_indicator,Weekly,17394.487,Billions of dollars,https://fred.stlouisfed.org/series/DPSACBW027SBOG,real_public_fred,20213
2021-08-25,2021Q3,DPSACBW027SBOG,"Deposits, All Commercial Banks",macro_indicator,Weekly,17453.1096,Billions of dollars,https://fred.stlouisfed.org/series/DPSACBW027SBOG,real_public_fred,20213
2021-09-01,2021Q3,DPSACBW027SBOG,"Deposits, All Commercial Banks",macro_indicator,Weekly,17496.9321,Billions of dollars,https://fred.stlouisfed.org/series/DPSACBW027SBOG,real_public_fred,20213
2021-09-08,2021Q3,DPSACBW027SBOG,"Deposits, All Commercial Banks",macro_indicator,Weekly,17477.509,Billions of dollars,https://fred.stlouisfed.org/series/DPSACBW027SBOG,real_public_fred,20213
2021-09-15,2021Q3,DPSACBW027SBOG,"Deposits, All Commercial Banks",macro_indicator,Weekly,17555.7374,Billions of dollars,https://fred.stlouisfed.org/series/DPSACBW027SBOG,real_public_fred,20213
2021-09-22,2021Q3,DPSACBW027SBOG,"Deposits, All Commercial Banks",macro_indicator,Weekly,17521.1362,Billions of dollars,https://fred.stlouisfed.org/series/DPSACBW027SBOG,real_public_fred,20213
2021-09-29,2021Q3,DPSACBW027SBOG,"Deposits, All Commercial Banks",macro_indicator,Weekly,17540.2566,Billions of dollars,https://fred.stlouisfed.org/series/DPSACBW027SBOG,real_public_fred,20213
2021-10-06,2021Q4,DPSACBW027SBOG,"Deposits, All Commercial Banks",macro_indicator,Weekly,17589.1001,Billions of dollars,https://fred.stlouisfed.org/series/DPSACBW027SBOG,real_public_fred,20214
2021-10-13,2021Q4,DPSACBW027SBOG,"Deposits, All Commercial Banks",macro_indicator,Weekly,17610.3412,Billions of dollars,https://fred.stlouisfed.org/series/DPSACBW027SBOG,real_public_fred,20214
2021-10-20,2021Q4,DPSACBW027SBOG,"Deposits, All Commercial Banks",macro_indicator,Weekly,17672.9002,Billions of dollars,https://fred.stlouisfed.org/series/DPSACBW027SBOG,real_public_fred,20214
2021-10-27,2021Q4,DPSACBW027SBOG,"Deposits, All Commercial Banks",macro_indicator,Weekly,17705.0968,Billions of dollars,https://fred.stlouisfed.org/series/DPSACBW027SBOG,real_public_fred,20214
2021-11-03,2021Q4,DPSACBW027SBOG,"Deposits, All Commercial Banks",macro_indicator,Weekly,17728.2668,Billions of dollars,https://fred.stlouisfed.org/series/DPSACBW027SBOG,real_public_fred,20214
2021-11-10,2021Q4,DPSACBW027SBOG,"Deposits, All Commercial Banks",macro_indicator,Weekly,17766.2911,Billions of dollars,https://fred.stlouisfed.org/series/DPSACBW027SBOG,real_public_fred,20214
2021-11-17,2021Q4,DPSACBW027SBOG,"Deposits, All Commercial Banks",macro_indicator,Weekly,17804.2855,Billions of dollars,https://fred.stlouisfed.org/series/DPSACBW027SBOG,real_public_fred,20214
2021-11-24,2021Q4,DPSACBW027SBOG,"Deposits, All Commercial Banks",macro_indicator,Weekly,17849.0637,Billions of dollars,https://fred.stlouisfed.org/series/DPSACBW027SBOG,real_public_fred,20214
2021-12-01,2021Q4,DPSACBW027SBOG,"Deposits, All Commercial Banks",macro_indicator,Weekly,17884.8315,Billions of dollars,https://fred.stlouisfed.org/series/DPSACBW027SBOG,real_public_fred,20214
2021-12-08,2021Q4,DPSACBW027SBOG,"Deposits, All Commercial Banks",macro_indicator,Weekly,17873.3072,Billions of dollars,https://fred.stlouisfed.org/series/DPSACBW027SBOG,real_public_fred,20214
2021-12-15,2021Q4,DPSACBW027SBOG,"Deposits, All Commercial Banks",macro_indicator,Weekly,17908.9081,Billions of dollars,https://fred.stlouisfed.org/series/DPSACBW027SBOG,real_public_fred,20214
2021-12-22,2021Q4,DPSACBW027SBOG,"Deposits, All Commercial Banks",macro_indicator,Weekly,17928.3421,Billions of dollars,https://fred.stlouisfed.org/series/DPSACBW027SBOG,real_public_fred,20214
2021-12-29,2021Q4,DPSACBW027SBOG,"Deposits, All Commercial Banks",macro_indicator,Weekly,17890.8841,Billions of dollars,https://fred.stlouisfed.org/series/DPSACBW027SBOG,real_public_fred,20214
2022-01-05,2022Q1,DPSACBW027SBOG,"Deposits, All Commercial Banks",macro_indicator,Weekly,17952.2281,Billions of dollars,https://fred.stlouisfed.org/series/DPSACBW027SBOG,real_public_fred,20221
2022-01-12,2022Q1,DPSACBW027SBOG,"Deposits, All Commercial Banks",macro_indicator,Weekly,17956.0667,Billions of dollars,https://fred.stlouisfed.org/series/DPSACBW027SBOG,real_public_fred,20221
2022-01-19,2022Q1,DPSACBW027SBOG,"Deposits, All Commercial Banks",macro_indicator,Weekly,18007.6235,Billions of dollars,https://fred.stlouisfed.org/series/DPSACBW027SBOG,real_public_fred,20221
2022-01-26,2022Q1,DPSACBW027SBOG,"Deposits, All Commercial Banks",macro_indicator,Weekly,18001.3354,Billions of dollars,https://fred.stlouisfed.org/series/DPSACBW027SBOG,real_public_fred,20221
2022-02-02,2022Q1,DPSACBW027SBOG,"Deposits, All Commercial Banks",macro_indicator,Weekly,17999.868,Billions of dollars,https://fred.stlouisfed.org/series/DPSACBW027SBOG,real_public_fred,20221
2022-02-09,2022Q1,DPSACBW027SBOG,"Deposits, All Commercial Banks",macro_indicator,Weekly,18036.5239,Billions of dollars,https://fred.stlouisfed.org/series/DPSACBW027SBOG,real_public_fred,20221
2022-02-16,2022Q1,DPSACBW027SBOG,"Deposits, All Commercial Banks",macro_indicator,Weekly,18021.89,Billions of dollars,https://fred.stlouisfed.org/series/DPSACBW027SBOG,real_public_fred,20221
2022-02-23,2022Q1,DPSACBW027SBOG,"Deposits, All Commercial Banks",macro_indicator,Weekly,18075.2006,Billions of dollars,https://fred.stlouisfed.org/series/DPSACBW027SBOG,real_public_fred,20221
2022-03-02,2022Q1,DPSACBW027SBOG,"Deposits, All Commercial Banks",macro_indicator,Weekly,18081.8575,Billions of dollars,https://fred.stlouisfed.org/series/DPSACBW027SBOG,real_public_fred,20221
2022-03-09,2022Q1,DPSACBW027SBOG,"Deposits, All Commercial Banks",macro_indicator,Weekly,18065.5944,Billions of dollars,https://fred.stlouisfed.org/series/DPSACBW027SBOG,real_public_fred,20221
2022-03-16,2022Q1,DPSACBW027SBOG,"Deposits, All Commercial Banks",macro_indicator,Weekly,18079.855,Billions of dollars,https://fred.stlouisfed.org/series/DPSACBW027SBOG,real_public_fred,20221
2022-03-23,2022Q1,DPSACBW027SBOG,"Deposits, All Commercial Banks",macro_indicator,Weekly,18074.8949,Billions of dollars,https://fred.stlouisfed.org/series/DPSACBW027SBOG,real_public_fred,20221
2022-03-30,2022Q1,DPSACBW027SBOG,"Deposits, All Commercial Banks",macro_indicator,Weekly,18111.1133,Billions of dollars,https://fred.stlouisfed.org/series/DPSACBW027SBOG,real_public_fred,20221
2022-04-06,2022Q2,DPSACBW027SBOG,"Deposits, All Commercial Banks",macro_indicator,Weekly,18145.7434,Billions of dollars,https://fred.stlouisfed.org/series/DPSACBW027SBOG,real_public_fred,20222
2022-04-13,2022Q2,DPSACBW027SBOG,"Deposits, All Commercial Banks",macro_indicator,Weekly,18197.2253,Billions of dollars,https://fred.stlouisfed.org/series/DPSACBW027SBOG,real_public_fred,20222
2022-04-20,2022Q2,DPSACBW027SBOG,"Deposits, All Commercial Banks",macro_indicator,Weekly,18096.7547,Billions of dollars,https://fred.stlouisfed.org/series/DPSACBW027SBOG,real_public_fred,20222
2022-04-27,2022Q2,DPSACBW027SBOG,"Deposits, All Commercial Banks",macro_indicator,Weekly,18113.8398,Billions of dollars,https://fred.stlouisfed.org/series/DPSACBW027SBOG,real_public_fred,20222
2022-05-04,2022Q2,DPSACBW027SBOG,"Deposits, All Commercial Banks",macro_indicator,Weekly,18126.1796,Billions of dollars,https://fred.stlouisfed.org/series/DPSACBW027SBOG,real_public_fred,20222
2022-05-11,2022Q2,DPSACBW027SBOG,"Deposits, All Commercial Banks",macro_indicator,Weekly,18075.8882,Billions of dollars,https://fred.stlouisfed.org/series/DPSACBW027SBOG,real_public_fred,20222
2022-05-18,2022Q2,DPSACBW027SBOG,"Deposits, All Commercial Banks",macro_indicator,Weekly,18080.7777,Billions of dollars,https://fred.stlouisfed.org/series/DPSACBW027SBOG,real_public_fred,20222
2022-05-25,2022Q2,DPSACBW027SBOG,"Deposits, All Commercial Banks",macro_indicator,Weekly,18131.5674,Billions of dollars,https://fred.stlouisfed.org/series/DPSACBW027SBOG,real_public_fred,20222
2022-06-01,2022Q2,DPSACBW027SBOG,"Deposits, All Commercial Banks",macro_indicator,Weekly,18104.7405,Billions of dollars,https://fred.stlouisfed.org/series/DPSACBW027SBOG,real_public_fred,20222
2022-06-08,2022Q2,DPSACBW027SBOG,"Deposits, All Commercial Banks",macro_indicator,Weekly,18040.9825,Billions of dollars,https://fred.stlouisfed.org/series/DPSACBW027SBOG,real_public_fred,20222
2022-06-15,2022Q2,DPSACBW027SBOG,"Deposits, All Commercial Banks",macro_indicator,Weekly,18020.5312,Billions of dollars,https://fred.stlouisfed.org/series/DPSACBW027SBOG,real_public_fred,20222
2022-06-22,2022Q2,DPSACBW027SBOG,"Deposits, All Commercial Banks",macro_indicator,Weekly,18061.4869,Billions of dollars,https://fred.stlouisfed.org/series/DPSACBW027SBOG,real_public_fred,20222
2022-06-29,2022Q2,DPSACBW027SBOG,"Deposits, All Commercial Banks",macro_indicator,Weekly,18007.0598,Billions of dollars,https://fred.stlouisfed.org/series/DPSACBW027SBOG,real_public_fred,20222
2022-07-06,2022Q3,DPSACBW027SBOG,"Deposits, All Commercial Banks",macro_indicator,Weekly,17995.2309,Billions of dollars,https://fred.stlouisfed.org/series/DPSACBW027SBOG,real_public_fred,20223
2022-07-13,2022Q3,DPSACBW027SBOG,"Deposits, All Commercial Banks",macro_indicator,Weekly,18016.8412,Billions of dollars,https://fred.stlouisfed.org/series/DPSACBW027SBOG,real_public_fred,20223
2022-07-20,2022Q3,DPSACBW027SBOG,"Deposits, All Commercial Banks",macro_indicator,Weekly,18026.8808,Billions of dollars,https://fred.stlouisfed.org/series/DPSACBW027SBOG,real_public_fred,20223
2022-07-27,2022Q3,DPSACBW027SBOG,"Deposits, All Commercial Banks",macro_indicator,Weekly,18080.8268,Billions of dollars,https://fred.stlouisfed.org/series/DPSACBW027SBOG,real_public_fred,20223
2022-08-03,2022Q3,DPSACBW027SBOG,"Deposits, All Commercial Banks",macro_indicator,Weekly,17995.7317,Billions of dollars,https://fred.stlouisfed.org/series/DPSACBW027SBOG,real_public_fred,20223
2022-08-10,2022Q3,DPSACBW027SBOG,"Deposits, All Commercial Banks",macro_indicator,Weekly,18033.6365,Billions of dollars,https://fred.stlouisfed.org/series/DPSACBW027SBOG,real_public_fred,20223
2022-08-17,2022Q3,DPSACBW027SBOG,"Deposits, All Commercial Banks",macro_indicator,Weekly,18031.8438,Billions of dollars,https://fred.stlouisfed.org/series/DPSACBW027SBOG,real_public_fred,20223
2022-08-24,2022Q3,DPSACBW027SBOG,"Deposits, All Commercial Banks",macro_indicator,Weekly,18058.7375,Billions of dollars,https://fred.stlouisfed.org/series/DPSACBW027SBOG,real_public_fred,20223
2022-08-31,2022Q3,DPSACBW027SBOG,"Deposits, All Commercial Banks",macro_indicator,Weekly,18013.7491,Billions of dollars,https://fred.stlouisfed.org/series/DPSACBW027SBOG,real_public_fred,20223
2022-09-07,2022Q3,DPSACBW027SBOG,"Deposits, All Commercial Banks",macro_indicator,Weekly,17948.7492,Billions of dollars,https://fred.stlouisfed.org/series/DPSACBW027SBOG,real_public_fred,20223
2022-09-14,2022Q3,DPSACBW027SBOG,"Deposits, All Commercial Banks",macro_indicator,Weekly,17964.257,Billions of dollars,https://fred.stlouisfed.org/series/DPSACBW027SBOG,real_public_fred,20223
2022-09-21,2022Q3,DPSACBW027SBOG,"Deposits, All Commercial Banks",macro_indicator,Weekly,17943.3631,Billions of dollars,https://fred.stlouisfed.org/series/DPSACBW027SBOG,real_public_fred,20223
2022-09-28,2022Q3,DPSACBW027SBOG,"Deposits, All Commercial Banks",macro_indicator,Weekly,17881.3593,Billions of dollars,https://fred.stlouisfed.org/series/DPSACBW027SBOG,real_public_fred,20223
2022-10-05,2022Q4,DPSACBW027SBOG,"Deposits, All Commercial Banks",macro_indicator,Weekly,17808.8,Billions of dollars,https://fred.stlouisfed.org/series/DPSACBW027SBOG,real_public_fred,20224
2022-10-12,2022Q4,DPSACBW027SBOG,"Deposits, All Commercial Banks",macro_indicator,Weekly,17793.9162,Billions of dollars,https://fred.stlouisfed.org/series/DPSACBW027SBOG,real_public_fred,20224
2022-10-19,2022Q4,DPSACBW027SBOG,"Deposits, All Commercial Banks",macro_indicator,Weekly,17780.5291,Billions of dollars,https://fred.stlouisfed.org/series/DPSACBW027SBOG,real_public_fred,20224
2022-10-26,2022Q4,DPSACBW027SBOG,"Deposits, All Commercial Banks",macro_indicator,Weekly,17804.0749,Billions of dollars,https://fred.stlouisfed.org/series/DPSACBW027SBOG,real_public_fred,20224
2022-11-02,2022Q4,DPSACBW027SBOG,"Deposits, All Commercial Banks",macro_indicator,Weekly,17723.0091,Billions of dollars,https://fred.stlouisfed.org/series/DPSACBW027SBOG,real_public_fred,20224
2022-11-09,2022Q4,DPSACBW027SBOG,"Deposits, All Commercial Banks",macro_indicator,Weekly,17744.8643,Billions of dollars,https://fred.stlouisfed.org/series/DPSACBW027SBOG,real_public_fred,20224
2022-11-16,2022Q4,DPSACBW027SBOG,"Deposits, All Commercial Banks",macro_indicator,Weekly,17749.2996,Billions of dollars,https://fred.stlouisfed.org/series/DPSACBW027SBOG,real_public_fred,20224
2022-11-23,2022Q4,DPSACBW027SBOG,"Deposits, All Commercial Banks",macro_indicator,Weekly,17763.2654,Billions of dollars,https://fred.stlouisfed.org/series/DPSACBW027SBOG,real_public_fred,20224
2022-11-30,2022Q4,DPSACBW027SBOG,"Deposits, All Commercial Banks",macro_indicator,Weekly,17692.3394,Billions of dollars,https://fred.stlouisfed.org/series/DPSACBW027SBOG,real_public_fred,20224
2022-12-07,2022Q4,DPSACBW027SBOG,"Deposits, All Commercial Banks",macro_indicator,Weekly,17770.7016,Billions of dollars,https://fred.stlouisfed.org/series/DPSACBW027SBOG,real_public_fred,20224
2022-12-14,2022Q4,DPSACBW027SBOG,"Deposits, All Commercial Banks",macro_indicator,Weekly,17759.109,Billions of dollars,https://fred.stlouisfed.org/series/DPSACBW027SBOG,real_public_fred,20224
2022-12-21,2022Q4,DPSACBW027SBOG,"Deposits, All Commercial Banks",macro_indicator,Weekly,17759.1335,Billions of dollars,https://fred.stlouisfed.org/series/DPSACBW027SBOG,real_public_fred,20224
2022-12-28,2022Q4,DPSACBW027SBOG,"Deposits, All Commercial Banks",macro_indicator,Weekly,17729.2174,Billions of dollars,https://fred.stlouisfed.org/series/DPSACBW027SBOG,real_public_fred,20224
2023-01-04,2023Q1,DPSACBW027SBOG,"Deposits, All Commercial Banks",macro_indicator,Weekly,17761.0648,Billions of dollars,https://fred.stlouisfed.org/series/DPSACBW027SBOG,real_public_fred,20231
2023-01-11,2023Q1,DPSACBW027SBOG,"Deposits, All Commercial Banks",macro_indicator,Weekly,17682.9945,Billions of dollars,https://fred.stlouisfed.org/series/DPSACBW027SBOG,real_public_fred,20231
2023-01-18,2023Q1,DPSACBW027SBOG,"Deposits, All Commercial Banks",macro_indicator,Weekly,17717.8365,Billions of dollars,https://fred.stlouisfed.org/series/DPSACBW027SBOG,real_public_fred,20231
2023-01-25,2023Q1,DPSACBW027SBOG,"Deposits, All Commercial Banks",macro_indicator,Weekly,17723.9678,Billions of dollars,https://fred.stlouisfed.org/series/DPSACBW027SBOG,real_public_fred,20231
2023-02-01,2023Q1,DPSACBW027SBOG,"Deposits, All Commercial Banks",macro_indicator,Weekly,17714.2629,Billions of dollars,https://fred.stlouisfed.org/series/DPSACBW027SBOG,real_public_fred,20231
2023-02-08,2023Q1,DPSACBW027SBOG,"Deposits, All Commercial Banks",macro_indicator,Weekly,17678.7958,Billions of dollars,https://fred.stlouisfed.org/series/DPSACBW027SBOG,real_public_fred,20231
2023-02-15,2023Q1,DPSACBW027SBOG,"Deposits, All Commercial Banks",macro_indicator,Weekly,17692.3461,Billions of dollars,https://fred.stlouisfed.org/series/DPSACBW027SBOG,real_public_fred,20231
2023-02-22,2023Q1,DPSACBW027SBOG,"Deposits, All Commercial Banks",macro_indicator,Weekly,17662.6608,Billions of dollars,https://fred.stlouisfed.org/series/DPSACBW027SBOG,real_public_fred,20231
2023-03-01,2023Q1,DPSACBW027SBOG,"Deposits, All Commercial Banks",macro_indicator,Weekly,17651.1355,Billions of dollars,https://fred.stlouisfed.org/series/DPSACBW027SBOG,real_public_fred,20231
2023-03-08,2023Q1,DPSACBW027SBOG,"Deposits, All Commercial Banks",macro_indicator,Weekly,17569.2048,Billions of dollars,https://fred.stlouisfed.org/series/DPSACBW027SBOG,real_public_fred,20231
2023-03-15,2023Q1,DPSACBW027SBOG,"Deposits, All Commercial Banks",macro_indicator,Weekly,17432.754,Billions of dollars,https://fred.stlouisfed.org/series/DPSACBW027SBOG,real_public_fred,20231
2023-03-22,2023Q1,DPSACBW027SBOG,"Deposits, All Commercial Banks",macro_indicator,Weekly,17308.8433,Billions of dollars,https://fred.stlouisfed.org/series/DPSACBW027SBOG,real_public_fred,20231
2023-03-29,2023Q1,DPSACBW027SBOG,"Deposits, All Commercial Banks",macro_indicator,Weekly,17253.8008,Billions of dollars,https://fred.stlouisfed.org/series/DPSACBW027SBOG,real_public_fred,20231
2023-04-05,2023Q2,DPSACBW027SBOG,"Deposits, All Commercial Banks",macro_indicator,Weekly,17272.6597,Billions of dollars,https://fred.stlouisfed.org/series/DPSACBW027SBOG,real_public_fred,20232
2023-04-12,2023Q2,DPSACBW027SBOG,"Deposits, All Commercial Banks",macro_indicator,Weekly,17223.9541,Billions of dollars,https://fred.stlouisfed.org/series/DPSACBW027SBOG,real_public_fred,20232
2023-04-19,2023Q2,DPSACBW027SBOG,"Deposits, All Commercial Banks",macro_indicator,Weekly,17267.4176,Billions of dollars,https://fred.stlouisfed.org/series/DPSACBW027SBOG,real_public_fred,20232
2023-04-26,2023Q2,DPSACBW027SBOG,"Deposits, All Commercial Banks",macro_indicator,Weekly,17213.9013,Billions of dollars,https://fred.stlouisfed.org/series/DPSACBW027SBOG,real_public_fred,20232
2023-05-03,2023Q2,DPSACBW027SBOG,"Deposits, All Commercial Banks",macro_indicator,Weekly,17235.7637,Billions of dollars,https://fred.stlouisfed.org/series/DPSACBW027SBOG,real_public_fred,20232
2023-05-10,2023Q2,DPSACBW027SBOG,"Deposits, All Commercial Banks",macro_indicator,Weekly,17221.336,Billions of dollars,https://fred.stlouisfed.org/series/DPSACBW027SBOG,real_public_fred,20232
2023-05-17,2023Q2,DPSACBW027SBOG,"Deposits, All Commercial Banks",macro_indicator,Weekly,17233.4685,Billions of dollars,https://fred.stlouisfed.org/series/DPSACBW027SBOG,real_public_fred,20232
2023-05-24,2023Q2,DPSACBW027SBOG,"Deposits, All Commercial Banks",macro_indicator,Weekly,17291.85,Billions of dollars,https://fred.stlouisfed.org/series/DPSACBW027SBOG,real_public_fred,20232
2023-05-31,2023Q2,DPSACBW027SBOG,"Deposits, All Commercial Banks",macro_indicator,Weekly,17335.7454,Billions of dollars,https://fred.stlouisfed.org/series/DPSACBW027SBOG,real_public_fred,20232
2023-06-07,2023Q2,DPSACBW027SBOG,"Deposits, All Commercial Banks",macro_indicator,Weekly,17267.0981,Billions of dollars,https://fred.stlouisfed.org/series/DPSACBW027SBOG,real_public_fred,20232
2023-06-14,2023Q2,DPSACBW027SBOG,"Deposits, All Commercial Banks",macro_indicator,Weekly,17283.7613,Billions of dollars,https://fred.stlouisfed.org/series/DPSACBW027SBOG,real_public_fred,20232
2023-06-21,2023Q2,DPSACBW027SBOG,"Deposits, All Commercial Banks",macro_indicator,Weekly,17315.4375,Billions of dollars,https://fred.stlouisfed.org/series/DPSACBW027SBOG,real_public_fred,20232
2023-06-28,2023Q2,DPSACBW027SBOG,"Deposits, All Commercial Banks",macro_indicator,Weekly,17304.9461,Billions of dollars,https://fred.stlouisfed.org/series/DPSACBW027SBOG,real_public_fred,20232
2023-07-05,2023Q3,DPSACBW027SBOG,"Deposits, All Commercial Banks",macro_indicator,Weekly,17355.1085,Billions of dollars,https://fred.stlouisfed.org/series/DPSACBW027SBOG,real_public_fred,20233
2023-07-12,2023Q3,DPSACBW027SBOG,"Deposits, All Commercial Banks",macro_indicator,Weekly,17286.8124,Billions of dollars,https://fred.stlouisfed.org/series/DPSACBW027SBOG,real_public_fred,20233
2023-07-19,2023Q3,DPSACBW027SBOG,"Deposits, All Commercial Banks",macro_indicator,Weekly,17321.7107,Billions of dollars,https://fred.stlouisfed.org/series/DPSACBW027SBOG,real_public_fred,20233
2023-07-26,2023Q3,DPSACBW027SBOG,"Deposits, All Commercial Banks",macro_indicator,Weekly,17314.9559,Billions of dollars,https://fred.stlouisfed.org/series/DPSACBW027SBOG,real_public_fred,20233
2023-08-02,2023Q3,DPSACBW027SBOG,"Deposits, All Commercial Banks",macro_indicator,Weekly,17336.4074,Billions of dollars,https://fred.stlouisfed.org/series/DPSACBW027SBOG,real_public_fred,20233
2023-08-09,2023Q3,DPSACBW027SBOG,"Deposits, All Commercial Banks",macro_indicator,Weekly,17342.4566,Billions of dollars,https://fred.stlouisfed.org/series/DPSACBW027SBOG,real_public_fred,20233
2023-08-16,2023Q3,DPSACBW027SBOG,"Deposits, All Commercial Banks",macro_indicator,Weekly,17302.6502,Billions of dollars,https://fred.stlouisfed.org/series/DPSACBW027SBOG,real_public_fred,20233
2023-08-23,2023Q3,DPSACBW027SBOG,"Deposits, All Commercial Banks",macro_indicator,Weekly,17343.8918,Billions of dollars,https://fred.stlouisfed.org/series/DPSACBW027SBOG,real_public_fred,20233
2023-08-30,2023Q3,DPSACBW027SBOG,"Deposits, All Commercial Banks",macro_indicator,Weekly,17280.9123,Billions of dollars,https://fred.stlouisfed.org/series/DPSACBW027SBOG,real_public_fred,20233
2023-09-06,2023Q3,DPSACBW027SBOG,"Deposits, All Commercial Banks",macro_indicator,Weekly,17310.1959,Billions of dollars,https://fred.stlouisfed.org/series/DPSACBW027SBOG,real_public_fred,20233
2023-09-13,2023Q3,DPSACBW027SBOG,"Deposits, All Commercial Banks",macro_indicator,Weekly,17299.9576,Billions of dollars,https://fred.stlouisfed.org/series/DPSACBW027SBOG,real_public_fred,20233
2023-09-20,2023Q3,DPSACBW027SBOG,"Deposits, All Commercial Banks",macro_indicator,Weekly,17342.4738,Billions of dollars,https://fred.stlouisfed.org/series/DPSACBW027SBOG,real_public_fred,20233
2023-09-27,2023Q3,DPSACBW027SBOG,"Deposits, All Commercial Banks",macro_indicator,Weekly,17356.2385,Billions of dollars,https://fred.stlouisfed.org/series/DPSACBW027SBOG,real_public_fred,20233
2023-10-04,2023Q4,DPSACBW027SBOG,"Deposits, All Commercial Banks",macro_indicator,Weekly,17355.2206,Billions of dollars,https://fred.stlouisfed.org/series/DPSACBW027SBOG,real_public_fred,20234
2023-10-11,2023Q4,DPSACBW027SBOG,"Deposits, All Commercial Banks",macro_indicator,Weekly,17359.1293,Billions of dollars,https://fred.stlouisfed.org/series/DPSACBW027SBOG,real_public_fred,20234
2023-10-18,2023Q4,DPSACBW027SBOG,"Deposits, All Commercial Banks",macro_indicator,Weekly,17288.824,Billions of dollars,https://fred.stlouisfed.org/series/DPSACBW027SBOG,real_public_fred,20234
2023-10-25,2023Q4,DPSACBW027SBOG,"Deposits, All Commercial Banks",macro_indicator,Weekly,17329.7876,Billions of dollars,https://fred.stlouisfed.org/series/DPSACBW027SBOG,real_public_fred,20234
2023-11-01,2023Q4,DPSACBW027SBOG,"Deposits, All Commercial Banks",macro_indicator,Weekly,17354.5271,Billions of dollars,https://fred.stlouisfed.org/series/DPSACBW027SBOG,real_public_fred,20234
2023-11-08,2023Q4,DPSACBW027SBOG,"Deposits, All Commercial Banks",macro_indicator,Weekly,17321.0368,Billions of dollars,https://fred.stlouisfed.org/series/DPSACBW027SBOG,real_public_fred,20234
2023-11-15,2023Q4,DPSACBW027SBOG,"Deposits, All Commercial Banks",macro_indicator,Weekly,17361.0653,Billions of dollars,https://fred.stlouisfed.org/series/DPSACBW027SBOG,real_public_fred,20234
2023-11-22,2023Q4,DPSACBW027SBOG,"Deposits, All Commercial Banks",macro_indicator,Weekly,17362.0928,Billions of dollars,https://fred.stlouisfed.org/series/DPSACBW027SBOG,real_public_fred,20234
2023-11-29,2023Q4,DPSACBW027SBOG,"Deposits, All Commercial Banks",macro_indicator,Weekly,17307.2987,Billions of dollars,https://fred.stlouisfed.org/series/DPSACBW027SBOG,real_public_fred,20234
2023-12-06,2023Q4,DPSACBW027SBOG,"Deposits, All Commercial Banks",macro_indicator,Weekly,17341.3377,Billions of dollars,https://fred.stlouisfed.org/series/DPSACBW027SBOG,real_public_fred,20234
2023-12-13,2023Q4,DPSACBW027SBOG,"Deposits, All Commercial Banks",macro_indicator,Weekly,17349.8439,Billions of dollars,https://fred.stlouisfed.org/series/DPSACBW027SBOG,real_public_fred,20234
2023-12-20,2023Q4,DPSACBW027SBOG,"Deposits, All Commercial Banks",macro_indicator,Weekly,17403.5213,Billions of dollars,https://fred.stlouisfed.org/series/DPSACBW027SBOG,real_public_fred,20234
2023-12-27,2023Q4,DPSACBW027SBOG,"Deposits, All Commercial Banks",macro_indicator,Weekly,17423.2843,Billions of dollars,https://fred.stlouisfed.org/series/DPSACBW027SBOG,real_public_fred,20234
2024-01-03,2024Q1,DPSACBW027SBOG,"Deposits, All Commercial Banks",macro_indicator,Weekly,17431.1609,Billions of dollars,https://fred.stlouisfed.org/series/DPSACBW027SBOG,real_public_fred,20241
2024-01-10,2024Q1,DPSACBW027SBOG,"Deposits, All Commercial Banks",macro_indicator,Weekly,17395.9209,Billions of dollars,https://fred.stlouisfed.org/series/DPSACBW027SBOG,real_public_fred,20241
2024-01-17,2024Q1,DPSACBW027SBOG,"Deposits, All Commercial Banks",macro_indicator,Weekly,17443.5234,Billions of dollars,https://fred.stlouisfed.org/series/DPSACBW027SBOG,real_public_fred,20241
2024-01-24,2024Q1,DPSACBW027SBOG,"Deposits, All Commercial Banks",macro_indicator,Weekly,17409.0235,Billions of dollars,https://fred.stlouisfed.org/series/DPSACBW027SBOG,real_public_fred,20241
2024-01-31,2024Q1,DPSACBW027SBOG,"Deposits, All Commercial Banks",macro_indicator,Weekly,17511.2002,Billions of dollars,https://fred.stlouisfed.org/series/DPSACBW027SBOG,real_public_fred,20241
2024-02-07,2024Q1,DPSACBW027SBOG,"Deposits, All Commercial Banks",macro_indicator,Weekly,17470.8703,Billions of dollars,https://fred.stlouisfed.org/series/DPSACBW027SBOG,real_public_fred,20241
2024-02-14,2024Q1,DPSACBW027SBOG,"Deposits, All Commercial Banks",macro_indicator,Weekly,17496.4248,Billions of dollars,https://fred.stlouisfed.org/series/DPSACBW027SBOG,real_public_fred,20241
2024-02-21,2024Q1,DPSACBW027SBOG,"Deposits, All Commercial Banks",macro_indicator,Weekly,17450.5089,Billions of dollars,https://fred.stlouisfed.org/series/DPSACBW027SBOG,real_public_fred,20241
2024-02-28,2024Q1,DPSACBW027SBOG,"Deposits, All Commercial Banks",macro_indicator,Weekly,17479.8667,Billions of dollars,https://fred.stlouisfed.org/series/DPSACBW027SBOG,real_public_fred,20241
2024-03-06,2024Q1,DPSACBW027SBOG,"Deposits, All Commercial Banks",macro_indicator,Weekly,17511.4105,Billions of dollars,https://fred.stlouisfed.org/series/DPSACBW027SBOG,real_public_fred,20241
2024-03-13,2024Q1,DPSACBW027SBOG,"Deposits, All Commercial Banks",macro_indicator,Weekly,17542.758,Billions of dollars,https://fred.stlouisfed.org/series/DPSACBW027SBOG,real_public_fred,20241
2024-03-20,2024Q1,DPSACBW027SBOG,"Deposits, All Commercial Banks",macro_indicator,Weekly,17557.6032,Billions of dollars,https://fred.stlouisfed.org/series/DPSACBW027SBOG,real_public_fred,20241
2024-03-27,2024Q1,DPSACBW027SBOG,"Deposits, All Commercial Banks",macro_indicator,Weekly,17601.6515,Billions of dollars,https://fred.stlouisfed.org/series/DPSACBW027SBOG,real_public_fred,20241
2024-04-03,2024Q2,DPSACBW027SBOG,"Deposits, All Commercial Banks",macro_indicator,Weekly,17544.6451,Billions of dollars,https://fred.stlouisfed.org/series/DPSACBW027SBOG,real_public_fred,20242
2024-04-10,2024Q2,DPSACBW027SBOG,"Deposits, All Commercial Banks",macro_indicator,Weekly,17557.1928,Billions of dollars,https://fred.stlouisfed.org/series/DPSACBW027SBOG,real_public_fred,20242
2024-04-17,2024Q2,DPSACBW027SBOG,"Deposits, All Commercial Banks",macro_indicator,Weekly,17458.2896,Billions of dollars,https://fred.stlouisfed.org/series/DPSACBW027SBOG,real_public_fred,20242
2024-04-24,2024Q2,DPSACBW027SBOG,"Deposits, All Commercial Banks",macro_indicator,Weekly,17562.1553,Billions of dollars,https://fred.stlouisfed.org/series/DPSACBW027SBOG,real_public_fred,20242
2024-05-01,2024Q2,DPSACBW027SBOG,"Deposits, All Commercial Banks",macro_indicator,Weekly,17567.3544,Billions of dollars,https://fred.stlouisfed.org/series/DPSACBW027SBOG,real_public_fred,20242
2024-05-08,2024Q2,DPSACBW027SBOG,"Deposits, All Commercial Banks",macro_indicator,Weekly,17562.5793,Billions of dollars,https://fred.stlouisfed.org/series/DPSACBW027SBOG,real_public_fred,20242
2024-05-15,2024Q2,DPSACBW027SBOG,"Deposits, All Commercial Banks",macro_indicator,Weekly,17591.6352,Billions of dollars,https://fred.stlouisfed.org/series/DPSACBW027SBOG,real_public_fred,20242
2024-05-22,2024Q2,DPSACBW027SBOG,"Deposits, All Commercial Banks",macro_indicator,Weekly,17586.4552,Billions of dollars,https://fred.stlouisfed.org/series/DPSACBW027SBOG,real_public_fred,20242
2024-05-29,2024Q2,DPSACBW027SBOG,"Deposits, All Commercial Banks",macro_indicator,Weekly,17561.531,Billions of dollars,https://fred.stlouisfed.org/series/DPSACBW027SBOG,real_public_fred,20242
2024-06-05,2024Q2,DPSACBW027SBOG,"Deposits, All Commercial Banks",macro_indicator,Weekly,17596.5615,Billions of dollars,https://fred.stlouisfed.org/series/DPSACBW027SBOG,real_public_fred,20242
2024-06-12,2024Q2,DPSACBW027SBOG,"Deposits, All Commercial Banks",macro_indicator,Weekly,17593.1235,Billions of dollars,https://fred.stlouisfed.org/series/DPSACBW027SBOG,real_public_fred,20242
2024-06-19,2024Q2,DPSACBW027SBOG,"Deposits, All Commercial Banks",macro_indicator,Weekly,17634.599,Billions of dollars,https://fred.stlouisfed.org/series/DPSACBW027SBOG,real_public_fred,20242
2024-06-26,2024Q2,DPSACBW027SBOG,"Deposits, All Commercial Banks",macro_indicator,Weekly,17600.3314,Billions of dollars,https://fred.stlouisfed.org/series/DPSACBW027SBOG,real_public_fred,20242
2024-07-03,2024Q3,DPSACBW027SBOG,"Deposits, All Commercial Banks",macro_indicator,Weekly,17558.5088,Billions of dollars,https://fred.stlouisfed.org/series/DPSACBW027SBOG,real_public_fred,20243
2024-07-10,2024Q3,DPSACBW027SBOG,"Deposits, All Commercial Banks",macro_indicator,Weekly,17577.3163,Billions of dollars,https://fred.stlouisfed.org/series/DPSACBW027SBOG,real_public_fred,20243
2024-07-17,2024Q3,DPSACBW027SBOG,"Deposits, All Commercial Banks",macro_indicator,Weekly,17588.5972,Billions of dollars,https://fred.stlouisfed.org/series/DPSACBW027SBOG,real_public_fred,20243
2024-07-24,2024Q3,DPSACBW027SBOG,"Deposits, All Commercial Banks",macro_indicator,Weekly,17602.4522,Billions of dollars,https://fred.stlouisfed.org/series/DPSACBW027SBOG,real_public_fred,20243
2024-07-31,2024Q3,DPSACBW027SBOG,"Deposits, All Commercial Banks",macro_indicator,Weekly,17676.4487,Billions of dollars,https://fred.stlouisfed.org/series/DPSACBW027SBOG,real_public_fred,20243
2024-08-07,2024Q3,DPSACBW027SBOG,"Deposits, All Commercial Banks",macro_indicator,Weekly,17627.2576,Billions of dollars,https://fred.stlouisfed.org/series/DPSACBW027SBOG,real_public_fred,20243
2024-08-14,2024Q3,DPSACBW027SBOG,"Deposits, All Commercial Banks",macro_indicator,Weekly,17648.4646,Billions of dollars,https://fred.stlouisfed.org/series/DPSACBW027SBOG,real_public_fred,20243
2024-08-21,2024Q3,DPSACBW027SBOG,"Deposits, All Commercial Banks",macro_indicator,Weekly,17661.2949,Billions of dollars,https://fred.stlouisfed.org/series/DPSACBW027SBOG,real_public_fred,20243
2024-08-28,2024Q3,DPSACBW027SBOG,"Deposits, All Commercial Banks",macro_indicator,Weekly,17664.2929,Billions of dollars,https://fred.stlouisfed.org/series/DPSACBW027SBOG,real_public_fred,20243
2024-09-04,2024Q3,DPSACBW027SBOG,"Deposits, All Commercial Banks",macro_indicator,Weekly,17722.5458,Billions of dollars,https://fred.stlouisfed.org/series/DPSACBW027SBOG,real_public_fred,20243
2024-09-11,2024Q3,DPSACBW027SBOG,"Deposits, All Commercial Banks",macro_indicator,Weekly,17705.4441,Billions of dollars,https://fred.stlouisfed.org/series/DPSACBW027SBOG,real_public_fred,20243
2024-09-18,2024Q3,DPSACBW027SBOG,"Deposits, All Commercial Banks",macro_indicator,Weekly,17738.3951,Billions of dollars,https://fred.stlouisfed.org/series/DPSACBW027SBOG,real_public_fred,20243
2024-09-25,2024Q3,DPSACBW027SBOG,"Deposits, All Commercial Banks",macro_indicator,Weekly,17744.6739,Billions of dollars,https://fred.stlouisfed.org/series/DPSACBW027SBOG,real_public_fred,20243
2024-10-02,2024Q4,DPSACBW027SBOG,"Deposits, All Commercial Banks",macro_indicator,Weekly,17797.0846,Billions of dollars,https://fred.stlouisfed.org/series/DPSACBW027SBOG,real_public_fred,20244
2024-10-09,2024Q4,DPSACBW027SBOG,"Deposits, All Commercial Banks",macro_indicator,Weekly,17746.8777,Billions of dollars,https://fred.stlouisfed.org/series/DPSACBW027SBOG,real_public_fred,20244
2024-10-16,2024Q4,DPSACBW027SBOG,"Deposits, All Commercial Banks",macro_indicator,Weekly,17820.8024,Billions of dollars,https://fred.stlouisfed.org/series/DPSACBW027SBOG,real_public_fred,20244
2024-10-23,2024Q4,DPSACBW027SBOG,"Deposits, All Commercial Banks",macro_indicator,Weekly,17809.8367,Billions of dollars,https://fred.stlouisfed.org/series/DPSACBW027SBOG,real_public_fred,20244
2024-10-30,2024Q4,DPSACBW027SBOG,"Deposits, All Commercial Banks",macro_indicator,Weekly,17832.385,Billions of dollars,https://fred.stlouisfed.org/series/DPSACBW027SBOG,real_public_fred,20244
2024-11-06,2024Q4,DPSACBW027SBOG,"Deposits, All Commercial Banks",macro_indicator,Weekly,17828.3491,Billions of dollars,https://fred.stlouisfed.org/series/DPSACBW027SBOG,real_public_fred,20244
2024-11-13,2024Q4,DPSACBW027SBOG,"Deposits, All Commercial Banks",macro_indicator,Weekly,17834.2674,Billions of dollars,https://fred.stlouisfed.org/series/DPSACBW027SBOG,real_public_fred,20244
2024-11-20,2024Q4,DPSACBW027SBOG,"Deposits, All Commercial Banks",macro_indicator,Weekly,17787.2308,Billions of dollars,https://fred.stlouisfed.org/series/DPSACBW027SBOG,real_public_fred,20244
2024-11-27,2024Q4,DPSACBW027SBOG,"Deposits, All Commercial Banks",macro_indicator,Weekly,17880.0064,Billions of dollars,https://fred.stlouisfed.org/series/DPSACBW027SBOG,real_public_fred,20244
2024-12-04,2024Q4,DPSACBW027SBOG,"Deposits, All Commercial Banks",macro_indicator,Weekly,17827.676,Billions of dollars,https://fred.stlouisfed.org/series/DPSACBW027SBOG,real_public_fred,20244
2024-12-11,2024Q4,DPSACBW027SBOG,"Deposits, All Commercial Banks",macro_indicator,Weekly,17837.473,Billions of dollars,https://fred.stlouisfed.org/series/DPSACBW027SBOG,real_public_fred,20244
2024-12-18,2024Q4,DPSACBW027SBOG,"Deposits, All Commercial Banks",macro_indicator,Weekly,17810.5124,Billions of dollars,https://fred.stlouisfed.org/series/DPSACBW027SBOG,real_public_fred,20244
2024-12-25,2024Q4,DPSACBW027SBOG,"Deposits, All Commercial Banks",macro_indicator,Weekly,17863.282,Billions of dollars,https://fred.stlouisfed.org/series/DPSACBW027SBOG,real_public_fred,20244
2025-01-01,2025Q1,DPSACBW027SBOG,"Deposits, All Commercial Banks",macro_indicator,Weekly,17784.1567,Billions of dollars,https://fred.stlouisfed.org/series/DPSACBW027SBOG,real_public_fred,20251
2025-01-08,2025Q1,DPSACBW027SBOG,"Deposits, All Commercial Banks",macro_indicator,Weekly,17893.7125,Billions of dollars,https://fred.stlouisfed.org/series/DPSACBW027SBOG,real_public_fred,20251
2025-01-15,2025Q1,DPSACBW027SBOG,"Deposits, All Commercial Banks",macro_indicator,Weekly,17898.8282,Billions of dollars,https://fred.stlouisfed.org/series/DPSACBW027SBOG,real_public_fred,20251
2025-01-22,2025Q1,DPSACBW027SBOG,"Deposits, All Commercial Banks",macro_indicator,Weekly,17960.5633,Billions of dollars,https://fred.stlouisfed.org/series/DPSACBW027SBOG,real_public_fred,20251
2025-01-29,2025Q1,DPSACBW027SBOG,"Deposits, All Commercial Banks",macro_indicator,Weekly,17909.3273,Billions of dollars,https://fred.stlouisfed.org/series/DPSACBW027SBOG,real_public_fred,20251
2025-02-05,2025Q1,DPSACBW027SBOG,"Deposits, All Commercial Banks",macro_indicator,Weekly,17923.6527,Billions of dollars,https://fred.stlouisfed.org/series/DPSACBW027SBOG,real_public_fred,20251
2025-02-12,2025Q1,DPSACBW027SBOG,"Deposits, All Commercial Banks",macro_indicator,Weekly,17917.2056,Billions of dollars,https://fred.stlouisfed.org/series/DPSACBW027SBOG,real_public_fred,20251
2025-02-19,2025Q1,DPSACBW027SBOG,"Deposits, All Commercial Banks",macro_indicator,Weekly,17962.1543,Billions of dollars,https://fred.stlouisfed.org/series/DPSACBW027SBOG,real_public_fred,20251
2025-02-26,2025Q1,DPSACBW027SBOG,"Deposits, All Commercial Banks",macro_indicator,Weekly,17956.206,Billions of dollars,https://fred.stlouisfed.org/series/DPSACBW027SBOG,real_public_fred,20251
2025-03-05,2025Q1,DPSACBW027SBOG,"Deposits, All Commercial Banks",macro_indicator,Weekly,17963.2898,Billions of dollars,https://fred.stlouisfed.org/series/DPSACBW027SBOG,real_public_fred,20251
2025-03-12,2025Q1,DPSACBW027SBOG,"Deposits, All Commercial Banks",macro_indicator,Weekly,17993.5472,Billions of dollars,https://fred.stlouisfed.org/series/DPSACBW027SBOG,real_public_fred,20251
2025-03-19,2025Q1,DPSACBW027SBOG,"Deposits, All Commercial Banks",macro_indicator,Weekly,18027.3857,Billions of dollars,https://fred.stlouisfed.org/series/DPSACBW027SBOG,real_public_fred,20251
2025-03-26,2025Q1,DPSACBW027SBOG,"Deposits, All Commercial Banks",macro_indicator,Weekly,18066.2212,Billions of dollars,https://fred.stlouisfed.org/series/DPSACBW027SBOG,real_public_fred,20251
2025-04-02,2025Q2,DPSACBW027SBOG,"Deposits, All Commercial Banks",macro_indicator,Weekly,18103.4225,Billions of dollars,https://fred.stlouisfed.org/series/DPSACBW027SBOG,real_public_fred,20252
2025-04-09,2025Q2,DPSACBW027SBOG,"Deposits, All Commercial Banks",macro_indicator,Weekly,18072.5694,Billions of dollars,https://fred.stlouisfed.org/series/DPSACBW027SBOG,real_public_fred,20252
2025-04-16,2025Q2,DPSACBW027SBOG,"Deposits, All Commercial Banks",macro_indicator,Weekly,18097.4008,Billions of dollars,https://fred.stlouisfed.org/series/DPSACBW027SBOG,real_public_fred,20252
2025-04-23,2025Q2,DPSACBW027SBOG,"Deposits, All Commercial Banks",macro_indicator,Weekly,18094.1763,Billions of dollars,https://fred.stlouisfed.org/series/DPSACBW027SBOG,real_public_fred,20252
2025-04-30,2025Q2,DPSACBW027SBOG,"Deposits, All Commercial Banks",macro_indicator,Weekly,18103.6752,Billions of dollars,https://fred.stlouisfed.org/series/DPSACBW027SBOG,real_public_fred,20252
2025-05-07,2025Q2,DPSACBW027SBOG,"Deposits, All Commercial Banks",macro_indicator,Weekly,18131.0846,Billions of dollars,https://fred.stlouisfed.org/series/DPSACBW027SBOG,real_public_fred,20252
2025-05-14,2025Q2,DPSACBW027SBOG,"Deposits, All Commercial Banks",macro_indicator,Weekly,18145.3044,Billions of dollars,https://fred.stlouisfed.org/series/DPSACBW027SBOG,real_public_fred,20252
2025-05-21,2025Q2,DPSACBW027SBOG,"Deposits, All Commercial Banks",macro_indicator,Weekly,18163.4504,Billions of dollars,https://fred.stlouisfed.org/series/DPSACBW027SBOG,real_public_fred,20252
2025-05-28,2025Q2,DPSACBW027SBOG,"Deposits, All Commercial Banks",macro_indicator,Weekly,18179.4865,Billions of dollars,https://fred.stlouisfed.org/series/DPSACBW027SBOG,real_public_fred,20252
2025-06-04,2025Q2,DPSACBW027SBOG,"Deposits, All Commercial Banks",macro_indicator,Weekly,18182.4954,Billions of dollars,https://fred.stlouisfed.org/series/DPSACBW027SBOG,real_public_fred,20252
2025-06-11,2025Q2,DPSACBW027SBOG,"Deposits, All Commercial Banks",macro_indicator,Weekly,18229.5137,Billions of dollars,https://fred.stlouisfed.org/series/DPSACBW027SBOG,real_public_fred,20252
2025-06-18,2025Q2,DPSACBW027SBOG,"Deposits, All Commercial Banks",macro_indicator,Weekly,18192.6165,Billions of dollars,https://fred.stlouisfed.org/series/DPSACBW027SBOG,real_public_fred,20252
2025-06-25,2025Q2,DPSACBW027SBOG,"Deposits, All Commercial Banks",macro_indicator,Weekly,18272.2723,Billions of dollars,https://fred.stlouisfed.org/series/DPSACBW027SBOG,real_public_fred,20252
2025-07-02,2025Q3,DPSACBW027SBOG,"Deposits, All Commercial Banks",macro_indicator,Weekly,18295.6664,Billions of dollars,https://fred.stlouisfed.org/series/DPSACBW027SBOG,real_public_fred,20253
2025-07-09,2025Q3,DPSACBW027SBOG,"Deposits, All Commercial Banks",macro_indicator,Weekly,18260.3226,Billions of dollars,https://fred.stlouisfed.org/series/DPSACBW027SBOG,real_public_fred,20253
2025-07-16,2025Q3,DPSACBW027SBOG,"Deposits, All Commercial Banks",macro_indicator,Weekly,18286.2332,Billions of dollars,https://fred.stlouisfed.org/series/DPSACBW027SBOG,real_public_fred,20253
2025-07-23,2025Q3,DPSACBW027SBOG,"Deposits, All Commercial Banks",macro_indicator,Weekly,18315.0252,Billions of dollars,https://fred.stlouisfed.org/series/DPSACBW027SBOG,real_public_fred,20253
2025-07-30,2025Q3,DPSACBW027SBOG,"Deposits, All Commercial Banks",macro_indicator,Weekly,18309.628,Billions of dollars,https://fred.stlouisfed.org/series/DPSACBW027SBOG,real_public_fred,20253
2025-08-06,2025Q3,DPSACBW027SBOG,"Deposits, All Commercial Banks",macro_indicator,Weekly,18316.8374,Billions of dollars,https://fred.stlouisfed.org/series/DPSACBW027SBOG,real_public_fred,20253
2025-08-13,2025Q3,DPSACBW027SBOG,"Deposits, All Commercial Banks",macro_indicator,Weekly,18353.718,Billions of dollars,https://fred.stlouisfed.org/series/DPSACBW027SBOG,real_public_fred,20253
2025-08-20,2025Q3,DPSACBW027SBOG,"Deposits, All Commercial Banks",macro_indicator,Weekly,18340.3001,Billions of dollars,https://fred.stlouisfed.org/series/DPSACBW027SBOG,real_public_fred,20253
2025-08-27,2025Q3,DPSACBW027SBOG,"Deposits, All Commercial Banks",macro_indicator,Weekly,18369.4089,Billions of dollars,https://fred.stlouisfed.org/series/DPSACBW027SBOG,real_public_fred,20253
2025-09-03,2025Q3,DPSACBW027SBOG,"Deposits, All Commercial Banks",macro_indicator,Weekly,18388.7508,Billions of dollars,https://fred.stlouisfed.org/series/DPSACBW027SBOG,real_public_fred,20253
2025-09-10,2025Q3,DPSACBW027SBOG,"Deposits, All Commercial Banks",macro_indicator,Weekly,18399.0781,Billions of dollars,https://fred.stlouisfed.org/series/DPSACBW027SBOG,real_public_fred,20253
2025-09-17,2025Q3,DPSACBW027SBOG,"Deposits, All Commercial Banks",macro_indicator,Weekly,18372.1053,Billions of dollars,https://fred.stlouisfed.org/series/DPSACBW027SBOG,real_public_fred,20253
2025-09-24,2025Q3,DPSACBW027SBOG,"Deposits, All Commercial Banks",macro_indicator,Weekly,18421.8412,Billions of dollars,https://fred.stlouisfed.org/series/DPSACBW027SBOG,real_public_fred,20253
2025-10-01,2025Q4,DPSACBW027SBOG,"Deposits, All Commercial Banks",macro_indicator,Weekly,18523.2877,Billions of dollars,https://fred.stlouisfed.org/series/DPSACBW027SBOG,real_public_fred,20254
2025-10-08,2025Q4,DPSACBW027SBOG,"Deposits, All Commercial Banks",macro_indicator,Weekly,18439.6247,Billions of dollars,https://fred.stlouisfed.org/series/DPSACBW027SBOG,real_public_fred,20254
2025-10-15,2025Q4,DPSACBW027SBOG,"Deposits, All Commercial Banks",macro_indicator,Weekly,18512.8368,Billions of dollars,https://fred.stlouisfed.org/series/DPSACBW027SBOG,real_public_fred,20254
2025-10-22,2025Q4,DPSACBW027SBOG,"Deposits, All Commercial Banks",macro_indicator,Weekly,18501.5423,Billions of dollars,https://fred.stlouisfed.org/series/DPSACBW027SBOG,real_public_fred,20254
2025-10-29,2025Q4,DPSACBW027SBOG,"Deposits, All Commercial Banks",macro_indicator,Weekly,18427.6609,Billions of dollars,https://fred.stlouisfed.org/series/DPSACBW027SBOG,real_public_fred,20254
2025-11-05,2025Q4,DPSACBW027SBOG,"Deposits, All Commercial Banks",macro_indicator,Weekly,18401.7529,Billions of dollars,https://fred.stlouisfed.org/series/DPSACBW027SBOG,real_public_fred,20254
2025-11-12,2025Q4,DPSACBW027SBOG,"Deposits, All Commercial Banks",macro_indicator,Weekly,18511.0737,Billions of dollars,https://fred.stlouisfed.org/series/DPSACBW027SBOG,real_public_fred,20254
2025-11-19,2025Q4,DPSACBW027SBOG,"Deposits, All Commercial Banks",macro_indicator,Weekly,18440.1569,Billions of dollars,https://fred.stlouisfed.org/series/DPSACBW027SBOG,real_public_fred,20254
2025-11-26,2025Q4,DPSACBW027SBOG,"Deposits, All Commercial Banks",macro_indicator,Weekly,18535.229,Billions of dollars,https://fred.stlouisfed.org/series/DPSACBW027SBOG,real_public_fred,20254
2025-12-03,2025Q4,DPSACBW027SBOG,"Deposits, All Commercial Banks",macro_indicator,Weekly,18488.8952,Billions of dollars,https://fred.stlouisfed.org/series/DPSACBW027SBOG,real_public_fred,20254
2025-12-10,2025Q4,DPSACBW027SBOG,"Deposits, All Commercial Banks",macro_indicator,Weekly,18524.6472,Billions of dollars,https://fred.stlouisfed.org/series/DPSACBW027SBOG,real_public_fred,20254
2025-12-17,2025Q4,DPSACBW027SBOG,"Deposits, All Commercial Banks",macro_indicator,Weekly,18548.4872,Billions of dollars,https://fred.stlouisfed.org/series/DPSACBW027SBOG,real_public_fred,20254
2025-12-24,2025Q4,DPSACBW027SBOG,"Deposits, All Commercial Banks",macro_indicator,Weekly,18626.3363,Billions of dollars,https://fred.stlouisfed.org/series/DPSACBW027SBOG,real_public_fred,20254
2025-12-31,2025Q4,DPSACBW027SBOG,"Deposits, All Commercial Banks",macro_indicator,Weekly,18545.9739,Billions of dollars,https://fred.stlouisfed.org/series/DPSACBW027SBOG,real_public_fred,20254
2026-01-07,2026Q1,DPSACBW027SBOG,"Deposits, All Commercial Banks",macro_indicator,Weekly,18618.6934,Billions of dollars,https://fred.stlouisfed.org/series/DPSACBW027SBOG,real_public_fred,20261
2026-01-14,2026Q1,DPSACBW027SBOG,"Deposits, All Commercial Banks",macro_indicator,Weekly,18627.9398,Billions of dollars,https://fred.stlouisfed.org/series/DPSACBW027SBOG,real_public_fred,20261
2026-01-21,2026Q1,DPSACBW027SBOG,"Deposits, All Commercial Banks",macro_indicator,Weekly,18614.0574,Billions of dollars,https://fred.stlouisfed.org/series/DPSACBW027SBOG,real_public_fred,20261
2026-01-28,2026Q1,DPSACBW027SBOG,"Deposits, All Commercial Banks",macro_indicator,Weekly,18654.9377,Billions of dollars,https://fred.stlouisfed.org/series/DPSACBW027SBOG,real_public_fred,20261
2026-02-04,2026Q1,DPSACBW027SBOG,"Deposits, All Commercial Banks",macro_indicator,Weekly,18730.8734,Billions of dollars,https://fred.stlouisfed.org/series/DPSACBW027SBOG,real_public_fred,20261
2026-02-11,2026Q1,DPSACBW027SBOG,"Deposits, All Commercial Banks",macro_indicator,Weekly,18778.5943,Billions of dollars,https://fred.stlouisfed.org/series/DPSACBW027SBOG,real_public_fred,20261
2026-02-18,2026Q1,DPSACBW027SBOG,"Deposits, All Commercial Banks",macro_indicator,Weekly,18795.9969,Billions of dollars,https://fred.stlouisfed.org/series/DPSACBW027SBOG,real_public_fred,20261
2026-02-25,2026Q1,DPSACBW027SBOG,"Deposits, All Commercial Banks",macro_indicator,Weekly,18819.9955,Billions of dollars,https://fred.stlouisfed.org/series/DPSACBW027SBOG,real_public_fred,20261
2026-03-04,2026Q1,DPSACBW027SBOG,"Deposits, All Commercial Banks",macro_indicator,Weekly,18826.6786,Billions of dollars,https://fred.stlouisfed.org/series/DPSACBW027SBOG,real_public_fred,20261
2026-03-11,2026Q1,DPSACBW027SBOG,"Deposits, All Commercial Banks",macro_indicator,Weekly,18889.4541,Billions of dollars,https://fred.stlouisfed.org/series/DPSACBW027SBOG,real_public_fred,20261
2026-03-18,2026Q1,DPSACBW027SBOG,"Deposits, All Commercial Banks",macro_indicator,Weekly,18899.6132,Billions of dollars,https://fred.stlouisfed.org/series/DPSACBW027SBOG,real_public_fred,20261
2026-03-25,2026Q1,DPSACBW027SBOG,"Deposits, All Commercial Banks",macro_indicator,Weekly,18994.0799,Billions of dollars,https://fred.stlouisfed.org/series/DPSACBW027SBOG,real_public_fred,20261
2026-04-01,2026Q2,DPSACBW027SBOG,"Deposits, All Commercial Banks",macro_indicator,Weekly,19084.1663,Billions of dollars,https://fred.stlouisfed.org/series/DPSACBW027SBOG,real_public_fred,20262
2026-04-08,2026Q2,DPSACBW027SBOG,"Deposits, All Commercial Banks",macro_indicator,Weekly,19055.8682,Billions of dollars,https://fred.stlouisfed.org/series/DPSACBW027SBOG,real_public_fred,20262
2026-04-15,2026Q2,DPSACBW027SBOG,"Deposits, All Commercial Banks",macro_indicator,Weekly,19099.0983,Billions of dollars,https://fred.stlouisfed.org/series/DPSACBW027SBOG,real_public_fred,20262
2026-04-22,2026Q2,DPSACBW027SBOG,"Deposits, All Commercial Banks",macro_indicator,Weekly,19079.7847,Billions of dollars,https://fred.stlouisfed.org/series/DPSACBW027SBOG,real_public_fred,20262
2026-04-29,2026Q2,DPSACBW027SBOG,"Deposits, All Commercial Banks",macro_indicator,Weekly,19113.3006,Billions of dollars,https://fred.stlouisfed.org/series/DPSACBW027SBOG,real_public_fred,20262
2018-04-04,2018Q2,TOTLL,"Loans and Leases in Bank Credit, All Commercial Banks",macro_indicator,Weekly,9257.8393,Billions of dollars,https://fred.stlouisfed.org/series/TOTLL,real_public_fred,20182
2018-04-11,2018Q2,TOTLL,"Loans and Leases in Bank Credit, All Commercial Banks",macro_indicator,Weekly,9273.9852,Billions of dollars,https://fred.stlouisfed.org/series/TOTLL,real_public_fred,20182
2018-04-18,2018Q2,TOTLL,"Loans and Leases in Bank Credit, All Commercial Banks",macro_indicator,Weekly,9280.1417,Billions of dollars,https://fred.stlouisfed.org/series/TOTLL,real_public_fred,20182
2018-04-25,2018Q2,TOTLL,"Loans and Leases in Bank Credit, All Commercial Banks",macro_indicator,Weekly,9294.067,Billions of dollars,https://fred.stlouisfed.org/series/TOTLL,real_public_fred,20182
2018-05-02,2018Q2,TOTLL,"Loans and Leases in Bank Credit, All Commercial Banks",macro_indicator,Weekly,9300.0123,Billions of dollars,https://fred.stlouisfed.org/series/TOTLL,real_public_fred,20182
2018-05-09,2018Q2,TOTLL,"Loans and Leases in Bank Credit, All Commercial Banks",macro_indicator,Weekly,9299.0642,Billions of dollars,https://fred.stlouisfed.org/series/TOTLL,real_public_fred,20182
2018-05-16,2018Q2,TOTLL,"Loans and Leases in Bank Credit, All Commercial Banks",macro_indicator,Weekly,9289.629,Billions of dollars,https://fred.stlouisfed.org/series/TOTLL,real_public_fred,20182
2018-05-23,2018Q2,TOTLL,"Loans and Leases in Bank Credit, All Commercial Banks",macro_indicator,Weekly,9296.1432,Billions of dollars,https://fred.stlouisfed.org/series/TOTLL,real_public_fred,20182
2018-05-30,2018Q2,TOTLL,"Loans and Leases in Bank Credit, All Commercial Banks",macro_indicator,Weekly,9307.9235,Billions of dollars,https://fred.stlouisfed.org/series/TOTLL,real_public_fred,20182
2018-06-06,2018Q2,TOTLL,"Loans and Leases in Bank Credit, All Commercial Banks",macro_indicator,Weekly,9319.9824,Billions of dollars,https://fred.stlouisfed.org/series/TOTLL,real_public_fred,20182
2018-06-13,2018Q2,TOTLL,"Loans and Leases in Bank Credit, All Commercial Banks",macro_indicator,Weekly,9321.3281,Billions of dollars,https://fred.stlouisfed.org/series/TOTLL,real_public_fred,20182
2018-06-20,2018Q2,TOTLL,"Loans and Leases in Bank Credit, All Commercial Banks",macro_indicator,Weekly,9362.5512,Billions of dollars,https://fred.stlouisfed.org/series/TOTLL,real_public_fred,20182
2018-06-27,2018Q2,TOTLL,"Loans and Leases in Bank Credit, All Commercial Banks",macro_indicator,Weekly,9362.6073,Billions of dollars,https://fred.stlouisfed.org/series/TOTLL,real_public_fred,20182
2018-07-04,2018Q3,TOTLL,"Loans and Leases in Bank Credit, All Commercial Banks",macro_indicator,Weekly,9353.5713,Billions of dollars,https://fred.stlouisfed.org/series/TOTLL,real_public_fred,20183
2018-07-11,2018Q3,TOTLL,"Loans and Leases in Bank Credit, All Commercial Banks",macro_indicator,Weekly,9373.8132,Billions of dollars,https://fred.stlouisfed.org/series/TOTLL,real_public_fred,20183
2018-07-18,2018Q3,TOTLL,"Loans and Leases in Bank Credit, All Commercial Banks",macro_indicator,Weekly,9372.4332,Billions of dollars,https://fred.stlouisfed.org/series/TOTLL,real_public_fred,20183
2018-07-25,2018Q3,TOTLL,"Loans and Leases in Bank Credit, All Commercial Banks",macro_indicator,Weekly,9380.2783,Billions of dollars,https://fred.stlouisfed.org/series/TOTLL,real_public_fred,20183
2018-08-01,2018Q3,TOTLL,"Loans and Leases in Bank Credit, All Commercial Banks",macro_indicator,Weekly,9381.4776,Billions of dollars,https://fred.stlouisfed.org/series/TOTLL,real_public_fred,20183
2018-08-08,2018Q3,TOTLL,"Loans and Leases in Bank Credit, All Commercial Banks",macro_indicator,Weekly,9376.7336,Billions of dollars,https://fred.stlouisfed.org/series/TOTLL,real_public_fred,20183
2018-08-15,2018Q3,TOTLL,"Loans and Leases in Bank Credit, All Commercial Banks",macro_indicator,Weekly,9383.9987,Billions of dollars,https://fred.stlouisfed.org/series/TOTLL,real_public_fred,20183
2018-08-22,2018Q3,TOTLL,"Loans and Leases in Bank Credit, All Commercial Banks",macro_indicator,Weekly,9398.5275,Billions of dollars,https://fred.stlouisfed.org/series/TOTLL,real_public_fred,20183
2018-08-29,2018Q3,TOTLL,"Loans and Leases in Bank Credit, All Commercial Banks",macro_indicator,Weekly,9405.7368,Billions of dollars,https://fred.stlouisfed.org/series/TOTLL,real_public_fred,20183
2018-09-05,2018Q3,TOTLL,"Loans and Leases in Bank Credit, All Commercial Banks",macro_indicator,Weekly,9421.2164,Billions of dollars,https://fred.stlouisfed.org/series/TOTLL,real_public_fred,20183
2018-09-12,2018Q3,TOTLL,"Loans and Leases in Bank Credit, All Commercial Banks",macro_indicator,Weekly,9427.3131,Billions of dollars,https://fred.stlouisfed.org/series/TOTLL,real_public_fred,20183
2018-09-19,2018Q3,TOTLL,"Loans and Leases in Bank Credit, All Commercial Banks",macro_indicator,Weekly,9433.3306,Billions of dollars,https://fred.stlouisfed.org/series/TOTLL,real_public_fred,20183
2018-09-26,2018Q3,TOTLL,"Loans and Leases in Bank Credit, All Commercial Banks",macro_indicator,Weekly,9439.0432,Billions of dollars,https://fred.stlouisfed.org/series/TOTLL,real_public_fred,20183
2018-10-03,2018Q4,TOTLL,"Loans and Leases in Bank Credit, All Commercial Banks",macro_indicator,Weekly,9467.0059,Billions of dollars,https://fred.stlouisfed.org/series/TOTLL,real_public_fred,20184
2018-10-10,2018Q4,TOTLL,"Loans and Leases in Bank Credit, All Commercial Banks",macro_indicator,Weekly,9469.4345,Billions of dollars,https://fred.stlouisfed.org/series/TOTLL,real_public_fred,20184
2018-10-17,2018Q4,TOTLL,"Loans and Leases in Bank Credit, All Commercial Banks",macro_indicator,Weekly,9472.2245,Billions of dollars,https://fred.stlouisfed.org/series/TOTLL,real_public_fred,20184
2018-10-24,2018Q4,TOTLL,"Loans and Leases in Bank Credit, All Commercial Banks",macro_indicator,Weekly,9485.5591,Billions of dollars,https://fred.stlouisfed.org/series/TOTLL,real_public_fred,20184
2018-10-31,2018Q4,TOTLL,"Loans and Leases in Bank Credit, All Commercial Banks",macro_indicator,Weekly,9498.1694,Billions of dollars,https://fred.stlouisfed.org/series/TOTLL,real_public_fred,20184
2018-11-07,2018Q4,TOTLL,"Loans and Leases in Bank Credit, All Commercial Banks",macro_indicator,Weekly,9492.0715,Billions of dollars,https://fred.stlouisfed.org/series/TOTLL,real_public_fred,20184
2018-11-14,2018Q4,TOTLL,"Loans and Leases in Bank Credit, All Commercial Banks",macro_indicator,Weekly,9507.7813,Billions of dollars,https://fred.stlouisfed.org/series/TOTLL,real_public_fred,20184
2018-11-21,2018Q4,TOTLL,"Loans and Leases in Bank Credit, All Commercial Banks",macro_indicator,Weekly,9524.4499,Billions of dollars,https://fred.stlouisfed.org/series/TOTLL,real_public_fred,20184
2018-11-28,2018Q4,TOTLL,"Loans and Leases in Bank Credit, All Commercial Banks",macro_indicator,Weekly,9520.9912,Billions of dollars,https://fred.stlouisfed.org/series/TOTLL,real_public_fred,20184
2018-12-05,2018Q4,TOTLL,"Loans and Leases in Bank Credit, All Commercial Banks",macro_indicator,Weekly,9546.549,Billions of dollars,https://fred.stlouisfed.org/series/TOTLL,real_public_fred,20184
2018-12-12,2018Q4,TOTLL,"Loans and Leases in Bank Credit, All Commercial Banks",macro_indicator,Weekly,9560.0507,Billions of dollars,https://fred.stlouisfed.org/series/TOTLL,real_public_fred,20184
2018-12-19,2018Q4,TOTLL,"Loans and Leases in Bank Credit, All Commercial Banks",macro_indicator,Weekly,9564.3829,Billions of dollars,https://fred.stlouisfed.org/series/TOTLL,real_public_fred,20184
2018-12-26,2018Q4,TOTLL,"Loans and Leases in Bank Credit, All Commercial Banks",macro_indicator,Weekly,9599.4239,Billions of dollars,https://fred.stlouisfed.org/series/TOTLL,real_public_fred,20184
2019-01-02,2019Q1,TOTLL,"Loans and Leases in Bank Credit, All Commercial Banks",macro_indicator,Weekly,9623.0498,Billions of dollars,https://fred.stlouisfed.org/series/TOTLL,real_public_fred,20191
2019-01-09,2019Q1,TOTLL,"Loans and Leases in Bank Credit, All Commercial Banks",macro_indicator,Weekly,9632.2277,Billions of dollars,https://fred.stlouisfed.org/series/TOTLL,real_public_fred,20191
2019-01-16,2019Q1,TOTLL,"Loans and Leases in Bank Credit, All Commercial Banks",macro_indicator,Weekly,9636.3006,Billions of dollars,https://fred.stlouisfed.org/series/TOTLL,real_public_fred,20191
2019-01-23,2019Q1,TOTLL,"Loans and Leases in Bank Credit, All Commercial Banks",macro_indicator,Weekly,9653.0188,Billions of dollars,https://fred.stlouisfed.org/series/TOTLL,real_public_fred,20191
2019-01-30,2019Q1,TOTLL,"Loans and Leases in Bank Credit, All Commercial Banks",macro_indicator,Weekly,9646.5906,Billions of dollars,https://fred.stlouisfed.org/series/TOTLL,real_public_fred,20191
2019-02-06,2019Q1,TOTLL,"Loans and Leases in Bank Credit, All Commercial Banks",macro_indicator,Weekly,9663.1749,Billions of dollars,https://fred.stlouisfed.org/series/TOTLL,real_public_fred,20191
2019-02-13,2019Q1,TOTLL,"Loans and Leases in Bank Credit, All Commercial Banks",macro_indicator,Weekly,9677.7372,Billions of dollars,https://fred.stlouisfed.org/series/TOTLL,real_public_fred,20191
2019-02-20,2019Q1,TOTLL,"Loans and Leases in Bank Credit, All Commercial Banks",macro_indicator,Weekly,9685.8004,Billions of dollars,https://fred.stlouisfed.org/series/TOTLL,real_public_fred,20191
2019-02-27,2019Q1,TOTLL,"Loans and Leases in Bank Credit, All Commercial Banks",macro_indicator,Weekly,9684.6919,Billions of dollars,https://fred.stlouisfed.org/series/TOTLL,real_public_fred,20191
2019-03-06,2019Q1,TOTLL,"Loans and Leases in Bank Credit, All Commercial Banks",macro_indicator,Weekly,9688.2582,Billions of dollars,https://fred.stlouisfed.org/series/TOTLL,real_public_fred,20191
2019-03-13,2019Q1,TOTLL,"Loans and Leases in Bank Credit, All Commercial Banks",macro_indicator,Weekly,9686.2016,Billions of dollars,https://fred.stlouisfed.org/series/TOTLL,real_public_fred,20191
2019-03-20,2019Q1,TOTLL,"Loans and Leases in Bank Credit, All Commercial Banks",macro_indicator,Weekly,9721.1955,Billions of dollars,https://fred.stlouisfed.org/series/TOTLL,real_public_fred,20191
2019-03-27,2019Q1,TOTLL,"Loans and Leases in Bank Credit, All Commercial Banks",macro_indicator,Weekly,9707.8698,Billions of dollars,https://fred.stlouisfed.org/series/TOTLL,real_public_fred,20191
2019-04-03,2019Q2,TOTLL,"Loans and Leases in Bank Credit, All Commercial Banks",macro_indicator,Weekly,9711.3024,Billions of dollars,https://fred.stlouisfed.org/series/TOTLL,real_public_fred,20192
2019-04-10,2019Q2,TOTLL,"Loans and Leases in Bank Credit, All Commercial Banks",macro_indicator,Weekly,9697.4571,Billions of dollars,https://fred.stlouisfed.org/series/TOTLL,real_public_fred,20192
2019-04-17,2019Q2,TOTLL,"Loans and Leases in Bank Credit, All Commercial Banks",macro_indicator,Weekly,9715.7917,Billions of dollars,https://fred.stlouisfed.org/series/TOTLL,real_public_fred,20192
2019-04-24,2019Q2,TOTLL,"Loans and Leases in Bank Credit, All Commercial Banks",macro_indicator,Weekly,9725.4733,Billions of dollars,https://fred.stlouisfed.org/series/TOTLL,real_public_fred,20192
2019-05-01,2019Q2,TOTLL,"Loans and Leases in Bank Credit, All Commercial Banks",macro_indicator,Weekly,9745.5622,Billions of dollars,https://fred.stlouisfed.org/series/TOTLL,real_public_fred,20192
2019-05-08,2019Q2,TOTLL,"Loans and Leases in Bank Credit, All Commercial Banks",macro_indicator,Weekly,9748.4163,Billions of dollars,https://fred.stlouisfed.org/series/TOTLL,real_public_fred,20192
2019-05-15,2019Q2,TOTLL,"Loans and Leases in Bank Credit, All Commercial Banks",macro_indicator,Weekly,9767.4989,Billions of dollars,https://fred.stlouisfed.org/series/TOTLL,real_public_fred,20192
2019-05-22,2019Q2,TOTLL,"Loans and Leases in Bank Credit, All Commercial Banks",macro_indicator,Weekly,9778.6904,Billions of dollars,https://fred.stlouisfed.org/series/TOTLL,real_public_fred,20192
2019-05-29,2019Q2,TOTLL,"Loans and Leases in Bank Credit, All Commercial Banks",macro_indicator,Weekly,9774.6952,Billions of dollars,https://fred.stlouisfed.org/series/TOTLL,real_public_fred,20192
2019-06-05,2019Q2,TOTLL,"Loans and Leases in Bank Credit, All Commercial Banks",macro_indicator,Weekly,9778.535,Billions of dollars,https://fred.stlouisfed.org/series/TOTLL,real_public_fred,20192
2019-06-12,2019Q2,TOTLL,"Loans and Leases in Bank Credit, All Commercial Banks",macro_indicator,Weekly,9795.4028,Billions of dollars,https://fred.stlouisfed.org/series/TOTLL,real_public_fred,20192
2019-06-19,2019Q2,TOTLL,"Loans and Leases in Bank Credit, All Commercial Banks",macro_indicator,Weekly,9803.1264,Billions of dollars,https://fred.stlouisfed.org/series/TOTLL,real_public_fred,20192
2019-06-26,2019Q2,TOTLL,"Loans and Leases in Bank Credit, All Commercial Banks",macro_indicator,Weekly,9828.4265,Billions of dollars,https://fred.stlouisfed.org/series/TOTLL,real_public_fred,20192
2019-07-03,2019Q3,TOTLL,"Loans and Leases in Bank Credit, All Commercial Banks",macro_indicator,Weekly,9825.777,Billions of dollars,https://fred.stlouisfed.org/series/TOTLL,real_public_fred,20193
2019-07-10,2019Q3,TOTLL,"Loans and Leases in Bank Credit, All Commercial Banks",macro_indicator,Weekly,9826.6252,Billions of dollars,https://fred.stlouisfed.org/series/TOTLL,real_public_fred,20193
2019-07-17,2019Q3,TOTLL,"Loans and Leases in Bank Credit, All Commercial Banks",macro_indicator,Weekly,9824.2199,Billions of dollars,https://fred.stlouisfed.org/series/TOTLL,real_public_fred,20193
2019-07-24,2019Q3,TOTLL,"Loans and Leases in Bank Credit, All Commercial Banks",macro_indicator,Weekly,9839.5618,Billions of dollars,https://fred.stlouisfed.org/series/TOTLL,real_public_fred,20193
2019-07-31,2019Q3,TOTLL,"Loans and Leases in Bank Credit, All Commercial Banks",macro_indicator,Weekly,9855.5434,Billions of dollars,https://fred.stlouisfed.org/series/TOTLL,real_public_fred,20193
2019-08-07,2019Q3,TOTLL,"Loans and Leases in Bank Credit, All Commercial Banks",macro_indicator,Weekly,9868.3376,Billions of dollars,https://fred.stlouisfed.org/series/TOTLL,real_public_fred,20193
2019-08-14,2019Q3,TOTLL,"Loans and Leases in Bank Credit, All Commercial Banks",macro_indicator,Weekly,9873.1329,Billions of dollars,https://fred.stlouisfed.org/series/TOTLL,real_public_fred,20193
2019-08-21,2019Q3,TOTLL,"Loans and Leases in Bank Credit, All Commercial Banks",macro_indicator,Weekly,9896.5162,Billions of dollars,https://fred.stlouisfed.org/series/TOTLL,real_public_fred,20193
2019-08-28,2019Q3,TOTLL,"Loans and Leases in Bank Credit, All Commercial Banks",macro_indicator,Weekly,9883.8925,Billions of dollars,https://fred.stlouisfed.org/series/TOTLL,real_public_fred,20193
2019-09-04,2019Q3,TOTLL,"Loans and Leases in Bank Credit, All Commercial Banks",macro_indicator,Weekly,9893.3112,Billions of dollars,https://fred.stlouisfed.org/series/TOTLL,real_public_fred,20193
2019-09-11,2019Q3,TOTLL,"Loans and Leases in Bank Credit, All Commercial Banks",macro_indicator,Weekly,9896.3152,Billions of dollars,https://fred.stlouisfed.org/series/TOTLL,real_public_fred,20193
2019-09-18,2019Q3,TOTLL,"Loans and Leases in Bank Credit, All Commercial Banks",macro_indicator,Weekly,9915.0113,Billions of dollars,https://fred.stlouisfed.org/series/TOTLL,real_public_fred,20193
2019-09-25,2019Q3,TOTLL,"Loans and Leases in Bank Credit, All Commercial Banks",macro_indicator,Weekly,9934.3458,Billions of dollars,https://fred.stlouisfed.org/series/TOTLL,real_public_fred,20193
2019-10-02,2019Q4,TOTLL,"Loans and Leases in Bank Credit, All Commercial Banks",macro_indicator,Weekly,9931.8398,Billions of dollars,https://fred.stlouisfed.org/series/TOTLL,real_public_fred,20194
2019-10-09,2019Q4,TOTLL,"Loans and Leases in Bank Credit, All Commercial Banks",macro_indicator,Weekly,9932.4882,Billions of dollars,https://fred.stlouisfed.org/series/TOTLL,real_public_fred,20194
2019-10-16,2019Q4,TOTLL,"Loans and Leases in Bank Credit, All Commercial Banks",macro_indicator,Weekly,9956.3162,Billions of dollars,https://fred.stlouisfed.org/series/TOTLL,real_public_fred,20194
2019-10-23,2019Q4,TOTLL,"Loans and Leases in Bank Credit, All Commercial Banks",macro_indicator,Weekly,9963.0286,Billions of dollars,https://fred.stlouisfed.org/series/TOTLL,real_public_fred,20194
2019-10-30,2019Q4,TOTLL,"Loans and Leases in Bank Credit, All Commercial Banks",macro_indicator,Weekly,9971.9336,Billions of dollars,https://fred.stlouisfed.org/series/TOTLL,real_public_fred,20194
2019-11-06,2019Q4,TOTLL,"Loans and Leases in Bank Credit, All Commercial Banks",macro_indicator,Weekly,9981.9208,Billions of dollars,https://fred.stlouisfed.org/series/TOTLL,real_public_fred,20194
2019-11-13,2019Q4,TOTLL,"Loans and Leases in Bank Credit, All Commercial Banks",macro_indicator,Weekly,9978.3044,Billions of dollars,https://fred.stlouisfed.org/series/TOTLL,real_public_fred,20194
2019-11-20,2019Q4,TOTLL,"Loans and Leases in Bank Credit, All Commercial Banks",macro_indicator,Weekly,9988.4931,Billions of dollars,https://fred.stlouisfed.org/series/TOTLL,real_public_fred,20194
2019-11-27,2019Q4,TOTLL,"Loans and Leases in Bank Credit, All Commercial Banks",macro_indicator,Weekly,10011.6106,Billions of dollars,https://fred.stlouisfed.org/series/TOTLL,real_public_fred,20194
2019-12-04,2019Q4,TOTLL,"Loans and Leases in Bank Credit, All Commercial Banks",macro_indicator,Weekly,10008.2126,Billions of dollars,https://fred.stlouisfed.org/series/TOTLL,real_public_fred,20194
2019-12-11,2019Q4,TOTLL,"Loans and Leases in Bank Credit, All Commercial Banks",macro_indicator,Weekly,10044.9071,Billions of dollars,https://fred.stlouisfed.org/series/TOTLL,real_public_fred,20194
2019-12-18,2019Q4,TOTLL,"Loans and Leases in Bank Credit, All Commercial Banks",macro_indicator,Weekly,10029.0809,Billions of dollars,https://fred.stlouisfed.org/series/TOTLL,real_public_fred,20194
2019-12-25,2019Q4,TOTLL,"Loans and Leases in Bank Credit, All Commercial Banks",macro_indicator,Weekly,10030.9013,Billions of dollars,https://fred.stlouisfed.org/series/TOTLL,real_public_fred,20194
2020-01-01,2020Q1,TOTLL,"Loans and Leases in Bank Credit, All Commercial Banks",macro_indicator,Weekly,10030.7599,Billions of dollars,https://fred.stlouisfed.org/series/TOTLL,real_public_fred,20201
2020-01-08,2020Q1,TOTLL,"Loans and Leases in Bank Credit, All Commercial Banks",macro_indicator,Weekly,10044.1922,Billions of dollars,https://fred.stlouisfed.org/series/TOTLL,real_public_fred,20201
2020-01-15,2020Q1,TOTLL,"Loans and Leases in Bank Credit, All Commercial Banks",macro_indicator,Weekly,10039.4229,Billions of dollars,https://fred.stlouisfed.org/series/TOTLL,real_public_fred,20201
2020-01-22,2020Q1,TOTLL,"Loans and Leases in Bank Credit, All Commercial Banks",macro_indicator,Weekly,10053.7108,Billions of dollars,https://fred.stlouisfed.org/series/TOTLL,real_public_fred,20201
2020-01-29,2020Q1,TOTLL,"Loans and Leases in Bank Credit, All Commercial Banks",macro_indicator,Weekly,10053.7657,Billions of dollars,https://fred.stlouisfed.org/series/TOTLL,real_public_fred,20201
2020-02-05,2020Q1,TOTLL,"Loans and Leases in Bank Credit, All Commercial Banks",macro_indicator,Weekly,10069.5409,Billions of dollars,https://fred.stlouisfed.org/series/TOTLL,real_public_fred,20201
2020-02-12,2020Q1,TOTLL,"Loans and Leases in Bank Credit, All Commercial Banks",macro_indicator,Weekly,10064.1618,Billions of dollars,https://fred.stlouisfed.org/series/TOTLL,real_public_fred,20201
2020-02-19,2020Q1,TOTLL,"Loans and Leases in Bank Credit, All Commercial Banks",macro_indicator,Weekly,10087.9973,Billions of dollars,https://fred.stlouisfed.org/series/TOTLL,real_public_fred,20201
2020-02-26,2020Q1,TOTLL,"Loans and Leases in Bank Credit, All Commercial Banks",macro_indicator,Weekly,10085.4443,Billions of dollars,https://fred.stlouisfed.org/series/TOTLL,real_public_fred,20201
2020-03-04,2020Q1,TOTLL,"Loans and Leases in Bank Credit, All Commercial Banks",macro_indicator,Weekly,10111.4838,Billions of dollars,https://fred.stlouisfed.org/series/TOTLL,real_public_fred,20201
2020-03-11,2020Q1,TOTLL,"Loans and Leases in Bank Credit, All Commercial Banks",macro_indicator,Weekly,10151.4873,Billions of dollars,https://fred.stlouisfed.org/series/TOTLL,real_public_fred,20201
2020-03-18,2020Q1,TOTLL,"Loans and Leases in Bank Credit, All Commercial Banks",macro_indicator,Weekly,10396.9472,Billions of dollars,https://fred.stlouisfed.org/series/TOTLL,real_public_fred,20201
2020-03-25,2020Q1,TOTLL,"Loans and Leases in Bank Credit, All Commercial Banks",macro_indicator,Weekly,10630.4319,Billions of dollars,https://fred.stlouisfed.org/series/TOTLL,real_public_fred,20201
2020-04-01,2020Q2,TOTLL,"Loans and Leases in Bank Credit, All Commercial Banks",macro_indicator,Weekly,10720.4506,Billions of dollars,https://fred.stlouisfed.org/series/TOTLL,real_public_fred,20202
2020-04-08,2020Q2,TOTLL,"Loans and Leases in Bank Credit, All Commercial Banks",macro_indicator,Weekly,10725.3591,Billions of dollars,https://fred.stlouisfed.org/series/TOTLL,real_public_fred,20202
2020-04-15,2020Q2,TOTLL,"Loans and Leases in Bank Credit, All Commercial Banks",macro_indicator,Weekly,10748.8917,Billions of dollars,https://fred.stlouisfed.org/series/TOTLL,real_public_fred,20202
2020-04-22,2020Q2,TOTLL,"Loans and Leases in Bank Credit, All Commercial Banks",macro_indicator,Weekly,10817.6515,Billions of dollars,https://fred.stlouisfed.org/series/TOTLL,real_public_fred,20202
2020-04-29,2020Q2,TOTLL,"Loans and Leases in Bank Credit, All Commercial Banks",macro_indicator,Weekly,10840.5646,Billions of dollars,https://fred.stlouisfed.org/series/TOTLL,real_public_fred,20202
2020-05-06,2020Q2,TOTLL,"Loans and Leases in Bank Credit, All Commercial Banks",macro_indicator,Weekly,10878.8561,Billions of dollars,https://fred.stlouisfed.org/series/TOTLL,real_public_fred,20202
2020-05-13,2020Q2,TOTLL,"Loans and Leases in Bank Credit, All Commercial Banks",macro_indicator,Weekly,10873.4359,Billions of dollars,https://fred.stlouisfed.org/series/TOTLL,real_public_fred,20202
2020-05-20,2020Q2,TOTLL,"Loans and Leases in Bank Credit, All Commercial Banks",macro_indicator,Weekly,10829.8299,Billions of dollars,https://fred.stlouisfed.org/series/TOTLL,real_public_fred,20202
2020-05-27,2020Q2,TOTLL,"Loans and Leases in Bank Credit, All Commercial Banks",macro_indicator,Weekly,10804.7921,Billions of dollars,https://fred.stlouisfed.org/series/TOTLL,real_public_fred,20202
2020-06-03,2020Q2,TOTLL,"Loans and Leases in Bank Credit, All Commercial Banks",macro_indicator,Weekly,10759.66,Billions of dollars,https://fred.stlouisfed.org/series/TOTLL,real_public_fred,20202
2020-06-10,2020Q2,TOTLL,"Loans and Leases in Bank Credit, All Commercial Banks",macro_indicator,Weekly,10736.4717,Billions of dollars,https://fred.stlouisfed.org/series/TOTLL,real_public_fred,20202
2020-06-17,2020Q2,TOTLL,"Loans and Leases in Bank Credit, All Commercial Banks",macro_indicator,Weekly,10692.8772,Billions of dollars,https://fred.stlouisfed.org/series/TOTLL,real_public_fred,20202
2020-06-24,2020Q2,TOTLL,"Loans and Leases in Bank Credit, All Commercial Banks",macro_indicator,Weekly,10654.2643,Billions of dollars,https://fred.stlouisfed.org/series/TOTLL,real_public_fred,20202
2020-07-01,2020Q3,TOTLL,"Loans and Leases in Bank Credit, All Commercial Banks",macro_indicator,Weekly,10621.0903,Billions of dollars,https://fred.stlouisfed.org/series/TOTLL,real_public_fred,20203
2020-07-08,2020Q3,TOTLL,"Loans and Leases in Bank Credit, All Commercial Banks",macro_indicator,Weekly,10620.5137,Billions of dollars,https://fred.stlouisfed.org/series/TOTLL,real_public_fred,20203
2020-07-15,2020Q3,TOTLL,"Loans and Leases in Bank Credit, All Commercial Banks",macro_indicator,Weekly,10616.999,Billions of dollars,https://fred.stlouisfed.org/series/TOTLL,real_public_fred,20203
2020-07-22,2020Q3,TOTLL,"Loans and Leases in Bank Credit, All Commercial Banks",macro_indicator,Weekly,10605.5713,Billions of dollars,https://fred.stlouisfed.org/series/TOTLL,real_public_fred,20203
2020-07-29,2020Q3,TOTLL,"Loans and Leases in Bank Credit, All Commercial Banks",macro_indicator,Weekly,10578.0434,Billions of dollars,https://fred.stlouisfed.org/series/TOTLL,real_public_fred,20203
2020-08-05,2020Q3,TOTLL,"Loans and Leases in Bank Credit, All Commercial Banks",macro_indicator,Weekly,10576.9583,Billions of dollars,https://fred.stlouisfed.org/series/TOTLL,real_public_fred,20203
2020-08-12,2020Q3,TOTLL,"Loans and Leases in Bank Credit, All Commercial Banks",macro_indicator,Weekly,10576.4285,Billions of dollars,https://fred.stlouisfed.org/series/TOTLL,real_public_fred,20203
2020-08-19,2020Q3,TOTLL,"Loans and Leases in Bank Credit, All Commercial Banks",macro_indicator,Weekly,10550.3566,Billions of dollars,https://fred.stlouisfed.org/series/TOTLL,real_public_fred,20203
2020-08-26,2020Q3,TOTLL,"Loans and Leases in Bank Credit, All Commercial Banks",macro_indicator,Weekly,10536.2707,Billions of dollars,https://fred.stlouisfed.org/series/TOTLL,real_public_fred,20203
2020-09-02,2020Q3,TOTLL,"Loans and Leases in Bank Credit, All Commercial Banks",macro_indicator,Weekly,10520.5859,Billions of dollars,https://fred.stlouisfed.org/series/TOTLL,real_public_fred,20203
2020-09-09,2020Q3,TOTLL,"Loans and Leases in Bank Credit, All Commercial Banks",macro_indicator,Weekly,10525.6188,Billions of dollars,https://fred.stlouisfed.org/series/TOTLL,real_public_fred,20203
2020-09-16,2020Q3,TOTLL,"Loans and Leases in Bank Credit, All Commercial Banks",macro_indicator,Weekly,10512.3476,Billions of dollars,https://fred.stlouisfed.org/series/TOTLL,real_public_fred,20203
2020-09-23,2020Q3,TOTLL,"Loans and Leases in Bank Credit, All Commercial Banks",macro_indicator,Weekly,10504.4343,Billions of dollars,https://fred.stlouisfed.org/series/TOTLL,real_public_fred,20203
2020-09-30,2020Q3,TOTLL,"Loans and Leases in Bank Credit, All Commercial Banks",macro_indicator,Weekly,10489.9285,Billions of dollars,https://fred.stlouisfed.org/series/TOTLL,real_public_fred,20203
2020-10-07,2020Q4,TOTLL,"Loans and Leases in Bank Credit, All Commercial Banks",macro_indicator,Weekly,10470.6881,Billions of dollars,https://fred.stlouisfed.org/series/TOTLL,real_public_fred,20204
2020-10-14,2020Q4,TOTLL,"Loans and Leases in Bank Credit, All Commercial Banks",macro_indicator,Weekly,10446.8171,Billions of dollars,https://fred.stlouisfed.org/series/TOTLL,real_public_fred,20204
2020-10-21,2020Q4,TOTLL,"Loans and Leases in Bank Credit, All Commercial Banks",macro_indicator,Weekly,10447.2706,Billions of dollars,https://fred.stlouisfed.org/series/TOTLL,real_public_fred,20204
2020-10-28,2020Q4,TOTLL,"Loans and Leases in Bank Credit, All Commercial Banks",macro_indicator,Weekly,10420.4279,Billions of dollars,https://fred.stlouisfed.org/series/TOTLL,real_public_fred,20204
2020-11-04,2020Q4,TOTLL,"Loans and Leases in Bank Credit, All Commercial Banks",macro_indicator,Weekly,10405.1125,Billions of dollars,https://fred.stlouisfed.org/series/TOTLL,real_public_fred,20204
2020-11-11,2020Q4,TOTLL,"Loans and Leases in Bank Credit, All Commercial Banks",macro_indicator,Weekly,10418.6411,Billions of dollars,https://fred.stlouisfed.org/series/TOTLL,real_public_fred,20204
2020-11-18,2020Q4,TOTLL,"Loans and Leases in Bank Credit, All Commercial Banks",macro_indicator,Weekly,10382.003,Billions of dollars,https://fred.stlouisfed.org/series/TOTLL,real_public_fred,20204
2020-11-25,2020Q4,TOTLL,"Loans and Leases in Bank Credit, All Commercial Banks",macro_indicator,Weekly,10361.6597,Billions of dollars,https://fred.stlouisfed.org/series/TOTLL,real_public_fred,20204
2020-12-02,2020Q4,TOTLL,"Loans and Leases in Bank Credit, All Commercial Banks",macro_indicator,Weekly,10347.6917,Billions of dollars,https://fred.stlouisfed.org/series/TOTLL,real_public_fred,20204
2020-12-09,2020Q4,TOTLL,"Loans and Leases in Bank Credit, All Commercial Banks",macro_indicator,Weekly,10339.7178,Billions of dollars,https://fred.stlouisfed.org/series/TOTLL,real_public_fred,20204
2020-12-16,2020Q4,TOTLL,"Loans and Leases in Bank Credit, All Commercial Banks",macro_indicator,Weekly,10341.2798,Billions of dollars,https://fred.stlouisfed.org/series/TOTLL,real_public_fred,20204
2020-12-23,2020Q4,TOTLL,"Loans and Leases in Bank Credit, All Commercial Banks",macro_indicator,Weekly,10340.3883,Billions of dollars,https://fred.stlouisfed.org/series/TOTLL,real_public_fred,20204
2020-12-30,2020Q4,TOTLL,"Loans and Leases in Bank Credit, All Commercial Banks",macro_indicator,Weekly,10342.342,Billions of dollars,https://fred.stlouisfed.org/series/TOTLL,real_public_fred,20204
2021-01-06,2021Q1,TOTLL,"Loans and Leases in Bank Credit, All Commercial Banks",macro_indicator,Weekly,10339.2745,Billions of dollars,https://fred.stlouisfed.org/series/TOTLL,real_public_fred,20211
2021-01-13,2021Q1,TOTLL,"Loans and Leases in Bank Credit, All Commercial Banks",macro_indicator,Weekly,10325.5295,Billions of dollars,https://fred.stlouisfed.org/series/TOTLL,real_public_fred,20211
2021-01-20,2021Q1,TOTLL,"Loans and Leases in Bank Credit, All Commercial Banks",macro_indicator,Weekly,10320.137,Billions of dollars,https://fred.stlouisfed.org/series/TOTLL,real_public_fred,20211
2021-01-27,2021Q1,TOTLL,"Loans and Leases in Bank Credit, All Commercial Banks",macro_indicator,Weekly,10327.5642,Billions of dollars,https://fred.stlouisfed.org/series/TOTLL,real_public_fred,20211
2021-02-03,2021Q1,TOTLL,"Loans and Leases in Bank Credit, All Commercial Banks",macro_indicator,Weekly,10346.657,Billions of dollars,https://fred.stlouisfed.org/series/TOTLL,real_public_fred,20211
2021-02-10,2021Q1,TOTLL,"Loans and Leases in Bank Credit, All Commercial Banks",macro_indicator,Weekly,10363.5462,Billions of dollars,https://fred.stlouisfed.org/series/TOTLL,real_public_fred,20211
2021-02-17,2021Q1,TOTLL,"Loans and Leases in Bank Credit, All Commercial Banks",macro_indicator,Weekly,10375.5051,Billions of dollars,https://fred.stlouisfed.org/series/TOTLL,real_public_fred,20211
2021-02-24,2021Q1,TOTLL,"Loans and Leases in Bank Credit, All Commercial Banks",macro_indicator,Weekly,10379.2942,Billions of dollars,https://fred.stlouisfed.org/series/TOTLL,real_public_fred,20211
2021-03-03,2021Q1,TOTLL,"Loans and Leases in Bank Credit, All Commercial Banks",macro_indicator,Weekly,10382.9094,Billions of dollars,https://fred.stlouisfed.org/series/TOTLL,real_public_fred,20211
2021-03-10,2021Q1,TOTLL,"Loans and Leases in Bank Credit, All Commercial Banks",macro_indicator,Weekly,10387.8331,Billions of dollars,https://fred.stlouisfed.org/series/TOTLL,real_public_fred,20211
2021-03-17,2021Q1,TOTLL,"Loans and Leases in Bank Credit, All Commercial Banks",macro_indicator,Weekly,10355.5359,Billions of dollars,https://fred.stlouisfed.org/series/TOTLL,real_public_fred,20211
2021-03-24,2021Q1,TOTLL,"Loans and Leases in Bank Credit, All Commercial Banks",macro_indicator,Weekly,10364.8879,Billions of dollars,https://fred.stlouisfed.org/series/TOTLL,real_public_fred,20211
2021-03-31,2021Q1,TOTLL,"Loans and Leases in Bank Credit, All Commercial Banks",macro_indicator,Weekly,10366.6621,Billions of dollars,https://fred.stlouisfed.org/series/TOTLL,real_public_fred,20211
2021-04-07,2021Q2,TOTLL,"Loans and Leases in Bank Credit, All Commercial Banks",macro_indicator,Weekly,10358.3125,Billions of dollars,https://fred.stlouisfed.org/series/TOTLL,real_public_fred,20212
2021-04-14,2021Q2,TOTLL,"Loans and Leases in Bank Credit, All Commercial Banks",macro_indicator,Weekly,10341.9484,Billions of dollars,https://fred.stlouisfed.org/series/TOTLL,real_public_fred,20212
2021-04-21,2021Q2,TOTLL,"Loans and Leases in Bank Credit, All Commercial Banks",macro_indicator,Weekly,10330.4821,Billions of dollars,https://fred.stlouisfed.org/series/TOTLL,real_public_fred,20212
2021-04-28,2021Q2,TOTLL,"Loans and Leases in Bank Credit, All Commercial Banks",macro_indicator,Weekly,10342.8263,Billions of dollars,https://fred.stlouisfed.org/series/TOTLL,real_public_fred,20212
2021-05-05,2021Q2,TOTLL,"Loans and Leases in Bank Credit, All Commercial Banks",macro_indicator,Weekly,10353.9646,Billions of dollars,https://fred.stlouisfed.org/series/TOTLL,real_public_fred,20212
2021-05-12,2021Q2,TOTLL,"Loans and Leases in Bank Credit, All Commercial Banks",macro_indicator,Weekly,10373.2152,Billions of dollars,https://fred.stlouisfed.org/series/TOTLL,real_public_fred,20212
2021-05-19,2021Q2,TOTLL,"Loans and Leases in Bank Credit, All Commercial Banks",macro_indicator,Weekly,10375.1349,Billions of dollars,https://fred.stlouisfed.org/series/TOTLL,real_public_fred,20212
2021-05-26,2021Q2,TOTLL,"Loans and Leases in Bank Credit, All Commercial Banks",macro_indicator,Weekly,10367.6295,Billions of dollars,https://fred.stlouisfed.org/series/TOTLL,real_public_fred,20212
2021-06-02,2021Q2,TOTLL,"Loans and Leases in Bank Credit, All Commercial Banks",macro_indicator,Weekly,10356.9225,Billions of dollars,https://fred.stlouisfed.org/series/TOTLL,real_public_fred,20212
2021-06-09,2021Q2,TOTLL,"Loans and Leases in Bank Credit, All Commercial Banks",macro_indicator,Weekly,10367.4247,Billions of dollars,https://fred.stlouisfed.org/series/TOTLL,real_public_fred,20212
2021-06-16,2021Q2,TOTLL,"Loans and Leases in Bank Credit, All Commercial Banks",macro_indicator,Weekly,10329.3145,Billions of dollars,https://fred.stlouisfed.org/series/TOTLL,real_public_fred,20212
2021-06-23,2021Q2,TOTLL,"Loans and Leases in Bank Credit, All Commercial Banks",macro_indicator,Weekly,10324.5281,Billions of dollars,https://fred.stlouisfed.org/series/TOTLL,real_public_fred,20212
2021-06-30,2021Q2,TOTLL,"Loans and Leases in Bank Credit, All Commercial Banks",macro_indicator,Weekly,10354.0564,Billions of dollars,https://fred.stlouisfed.org/series/TOTLL,real_public_fred,20212
2021-07-07,2021Q3,TOTLL,"Loans and Leases in Bank Credit, All Commercial Banks",macro_indicator,Weekly,10357.7196,Billions of dollars,https://fred.stlouisfed.org/series/TOTLL,real_public_fred,20213
2021-07-14,2021Q3,TOTLL,"Loans and Leases in Bank Credit, All Commercial Banks",macro_indicator,Weekly,10362.5694,Billions of dollars,https://fred.stlouisfed.org/series/TOTLL,real_public_fred,20213
2021-07-21,2021Q3,TOTLL,"Loans and Leases in Bank Credit, All Commercial Banks",macro_indicator,Weekly,10373.9256,Billions of dollars,https://fred.stlouisfed.org/series/TOTLL,real_public_fred,20213
2021-07-28,2021Q3,TOTLL,"Loans and Leases in Bank Credit, All Commercial Banks",macro_indicator,Weekly,10393.1755,Billions of dollars,https://fred.stlouisfed.org/series/TOTLL,real_public_fred,20213
2021-08-04,2021Q3,TOTLL,"Loans and Leases in Bank Credit, All Commercial Banks",macro_indicator,Weekly,10401.284,Billions of dollars,https://fred.stlouisfed.org/series/TOTLL,real_public_fred,20213
2021-08-11,2021Q3,TOTLL,"Loans and Leases in Bank Credit, All Commercial Banks",macro_indicator,Weekly,10409.6443,Billions of dollars,https://fred.stlouisfed.org/series/TOTLL,real_public_fred,20213
2021-08-18,2021Q3,TOTLL,"Loans and Leases in Bank Credit, All Commercial Banks",macro_indicator,Weekly,10411.0064,Billions of dollars,https://fred.stlouisfed.org/series/TOTLL,real_public_fred,20213
2021-08-25,2021Q3,TOTLL,"Loans and Leases in Bank Credit, All Commercial Banks",macro_indicator,Weekly,10425.111,Billions of dollars,https://fred.stlouisfed.org/series/TOTLL,real_public_fred,20213
2021-09-01,2021Q3,TOTLL,"Loans and Leases in Bank Credit, All Commercial Banks",macro_indicator,Weekly,10439.9414,Billions of dollars,https://fred.stlouisfed.org/series/TOTLL,real_public_fred,20213
2021-09-08,2021Q3,TOTLL,"Loans and Leases in Bank Credit, All Commercial Banks",macro_indicator,Weekly,10446.094,Billions of dollars,https://fred.stlouisfed.org/series/TOTLL,real_public_fred,20213
2021-09-15,2021Q3,TOTLL,"Loans and Leases in Bank Credit, All Commercial Banks",macro_indicator,Weekly,10453.3806,Billions of dollars,https://fred.stlouisfed.org/series/TOTLL,real_public_fred,20213
2021-09-22,2021Q3,TOTLL,"Loans and Leases in Bank Credit, All Commercial Banks",macro_indicator,Weekly,10443.2139,Billions of dollars,https://fred.stlouisfed.org/series/TOTLL,real_public_fred,20213
2021-09-29,2021Q3,TOTLL,"Loans and Leases in Bank Credit, All Commercial Banks",macro_indicator,Weekly,10467.6794,Billions of dollars,https://fred.stlouisfed.org/series/TOTLL,real_public_fred,20213
2021-10-06,2021Q4,TOTLL,"Loans and Leases in Bank Credit, All Commercial Banks",macro_indicator,Weekly,10473.544,Billions of dollars,https://fred.stlouisfed.org/series/TOTLL,real_public_fred,20214
2021-10-13,2021Q4,TOTLL,"Loans and Leases in Bank Credit, All Commercial Banks",macro_indicator,Weekly,10498.8906,Billions of dollars,https://fred.stlouisfed.org/series/TOTLL,real_public_fred,20214
2021-10-20,2021Q4,TOTLL,"Loans and Leases in Bank Credit, All Commercial Banks",macro_indicator,Weekly,10508.051,Billions of dollars,https://fred.stlouisfed.org/series/TOTLL,real_public_fred,20214
2021-10-27,2021Q4,TOTLL,"Loans and Leases in Bank Credit, All Commercial Banks",macro_indicator,Weekly,10515.7352,Billions of dollars,https://fred.stlouisfed.org/series/TOTLL,real_public_fred,20214
2021-11-03,2021Q4,TOTLL,"Loans and Leases in Bank Credit, All Commercial Banks",macro_indicator,Weekly,10550.3016,Billions of dollars,https://fred.stlouisfed.org/series/TOTLL,real_public_fred,20214
2021-11-10,2021Q4,TOTLL,"Loans and Leases in Bank Credit, All Commercial Banks",macro_indicator,Weekly,10557.5773,Billions of dollars,https://fred.stlouisfed.org/series/TOTLL,real_public_fred,20214
2021-11-17,2021Q4,TOTLL,"Loans and Leases in Bank Credit, All Commercial Banks",macro_indicator,Weekly,10579.6591,Billions of dollars,https://fred.stlouisfed.org/series/TOTLL,real_public_fred,20214
2021-11-24,2021Q4,TOTLL,"Loans and Leases in Bank Credit, All Commercial Banks",macro_indicator,Weekly,10598.5767,Billions of dollars,https://fred.stlouisfed.org/series/TOTLL,real_public_fred,20214
2021-12-01,2021Q4,TOTLL,"Loans and Leases in Bank Credit, All Commercial Banks",macro_indicator,Weekly,10630.2269,Billions of dollars,https://fred.stlouisfed.org/series/TOTLL,real_public_fred,20214
2021-12-08,2021Q4,TOTLL,"Loans and Leases in Bank Credit, All Commercial Banks",macro_indicator,Weekly,10655.5989,Billions of dollars,https://fred.stlouisfed.org/series/TOTLL,real_public_fred,20214
2021-12-15,2021Q4,TOTLL,"Loans and Leases in Bank Credit, All Commercial Banks",macro_indicator,Weekly,10692.4507,Billions of dollars,https://fred.stlouisfed.org/series/TOTLL,real_public_fred,20214
2021-12-22,2021Q4,TOTLL,"Loans and Leases in Bank Credit, All Commercial Banks",macro_indicator,Weekly,10728.8699,Billions of dollars,https://fred.stlouisfed.org/series/TOTLL,real_public_fred,20214
2021-12-29,2021Q4,TOTLL,"Loans and Leases in Bank Credit, All Commercial Banks",macro_indicator,Weekly,10761.5791,Billions of dollars,https://fred.stlouisfed.org/series/TOTLL,real_public_fred,20214
2022-01-05,2022Q1,TOTLL,"Loans and Leases in Bank Credit, All Commercial Banks",macro_indicator,Weekly,10770.6628,Billions of dollars,https://fred.stlouisfed.org/series/TOTLL,real_public_fred,20221
2022-01-12,2022Q1,TOTLL,"Loans and Leases in Bank Credit, All Commercial Banks",macro_indicator,Weekly,10785.6716,Billions of dollars,https://fred.stlouisfed.org/series/TOTLL,real_public_fred,20221
2022-01-19,2022Q1,TOTLL,"Loans and Leases in Bank Credit, All Commercial Banks",macro_indicator,Weekly,10785.736,Billions of dollars,https://fred.stlouisfed.org/series/TOTLL,real_public_fred,20221
2022-01-26,2022Q1,TOTLL,"Loans and Leases in Bank Credit, All Commercial Banks",macro_indicator,Weekly,10791.4903,Billions of dollars,https://fred.stlouisfed.org/series/TOTLL,real_public_fred,20221
2022-02-02,2022Q1,TOTLL,"Loans and Leases in Bank Credit, All Commercial Banks",macro_indicator,Weekly,10800.4588,Billions of dollars,https://fred.stlouisfed.org/series/TOTLL,real_public_fred,20221
2022-02-09,2022Q1,TOTLL,"Loans and Leases in Bank Credit, All Commercial Banks",macro_indicator,Weekly,10819.3192,Billions of dollars,https://fred.stlouisfed.org/series/TOTLL,real_public_fred,20221
2022-02-16,2022Q1,TOTLL,"Loans and Leases in Bank Credit, All Commercial Banks",macro_indicator,Weekly,10829.2523,Billions of dollars,https://fred.stlouisfed.org/series/TOTLL,real_public_fred,20221
2022-02-23,2022Q1,TOTLL,"Loans and Leases in Bank Credit, All Commercial Banks",macro_indicator,Weekly,10855.4739,Billions of dollars,https://fred.stlouisfed.org/series/TOTLL,real_public_fred,20221
2022-03-02,2022Q1,TOTLL,"Loans and Leases in Bank Credit, All Commercial Banks",macro_indicator,Weekly,10899.4141,Billions of dollars,https://fred.stlouisfed.org/series/TOTLL,real_public_fred,20221
2022-03-09,2022Q1,TOTLL,"Loans and Leases in Bank Credit, All Commercial Banks",macro_indicator,Weekly,10931.8841,Billions of dollars,https://fred.stlouisfed.org/series/TOTLL,real_public_fred,20221
2022-03-16,2022Q1,TOTLL,"Loans and Leases in Bank Credit, All Commercial Banks",macro_indicator,Weekly,10947.1942,Billions of dollars,https://fred.stlouisfed.org/series/TOTLL,real_public_fred,20221
2022-03-23,2022Q1,TOTLL,"Loans and Leases in Bank Credit, All Commercial Banks",macro_indicator,Weekly,10974.9565,Billions of dollars,https://fred.stlouisfed.org/series/TOTLL,real_public_fred,20221
2022-03-30,2022Q1,TOTLL,"Loans and Leases in Bank Credit, All Commercial Banks",macro_indicator,Weekly,11004.4645,Billions of dollars,https://fred.stlouisfed.org/series/TOTLL,real_public_fred,20221
2022-04-06,2022Q2,TOTLL,"Loans and Leases in Bank Credit, All Commercial Banks",macro_indicator,Weekly,11024.1019,Billions of dollars,https://fred.stlouisfed.org/series/TOTLL,real_public_fred,20222
2022-04-13,2022Q2,TOTLL,"Loans and Leases in Bank Credit, All Commercial Banks",macro_indicator,Weekly,11057.5784,Billions of dollars,https://fred.stlouisfed.org/series/TOTLL,real_public_fred,20222
2022-04-20,2022Q2,TOTLL,"Loans and Leases in Bank Credit, All Commercial Banks",macro_indicator,Weekly,11095.9926,Billions of dollars,https://fred.stlouisfed.org/series/TOTLL,real_public_fred,20222
2022-04-27,2022Q2,TOTLL,"Loans and Leases in Bank Credit, All Commercial Banks",macro_indicator,Weekly,11112.2071,Billions of dollars,https://fred.stlouisfed.org/series/TOTLL,real_public_fred,20222
2022-05-04,2022Q2,TOTLL,"Loans and Leases in Bank Credit, All Commercial Banks",macro_indicator,Weekly,11143.156,Billions of dollars,https://fred.stlouisfed.org/series/TOTLL,real_public_fred,20222
2022-05-11,2022Q2,TOTLL,"Loans and Leases in Bank Credit, All Commercial Banks",macro_indicator,Weekly,11187.606,Billions of dollars,https://fred.stlouisfed.org/series/TOTLL,real_public_fred,20222
2022-05-18,2022Q2,TOTLL,"Loans and Leases in Bank Credit, All Commercial Banks",macro_indicator,Weekly,11211.9358,Billions of dollars,https://fred.stlouisfed.org/series/TOTLL,real_public_fred,20222
2022-05-25,2022Q2,TOTLL,"Loans and Leases in Bank Credit, All Commercial Banks",macro_indicator,Weekly,11254.2466,Billions of dollars,https://fred.stlouisfed.org/series/TOTLL,real_public_fred,20222
2022-06-01,2022Q2,TOTLL,"Loans and Leases in Bank Credit, All Commercial Banks",macro_indicator,Weekly,11283.8143,Billions of dollars,https://fred.stlouisfed.org/series/TOTLL,real_public_fred,20222
2022-06-08,2022Q2,TOTLL,"Loans and Leases in Bank Credit, All Commercial Banks",macro_indicator,Weekly,11321.5471,Billions of dollars,https://fred.stlouisfed.org/series/TOTLL,real_public_fred,20222
2022-06-15,2022Q2,TOTLL,"Loans and Leases in Bank Credit, All Commercial Banks",macro_indicator,Weekly,11353.536,Billions of dollars,https://fred.stlouisfed.org/series/TOTLL,real_public_fred,20222
2022-06-22,2022Q2,TOTLL,"Loans and Leases in Bank Credit, All Commercial Banks",macro_indicator,Weekly,11400.2336,Billions of dollars,https://fred.stlouisfed.org/series/TOTLL,real_public_fred,20222
2022-06-29,2022Q2,TOTLL,"Loans and Leases in Bank Credit, All Commercial Banks",macro_indicator,Weekly,11414.6574,Billions of dollars,https://fred.stlouisfed.org/series/TOTLL,real_public_fred,20222
2022-07-06,2022Q3,TOTLL,"Loans and Leases in Bank Credit, All Commercial Banks",macro_indicator,Weekly,11435.4182,Billions of dollars,https://fred.stlouisfed.org/series/TOTLL,real_public_fred,20223
2022-07-13,2022Q3,TOTLL,"Loans and Leases in Bank Credit, All Commercial Banks",macro_indicator,Weekly,11461.4297,Billions of dollars,https://fred.stlouisfed.org/series/TOTLL,real_public_fred,20223
2022-07-20,2022Q3,TOTLL,"Loans and Leases in Bank Credit, All Commercial Banks",macro_indicator,Weekly,11494.2147,Billions of dollars,https://fred.stlouisfed.org/series/TOTLL,real_public_fred,20223
2022-07-27,2022Q3,TOTLL,"Loans and Leases in Bank Credit, All Commercial Banks",macro_indicator,Weekly,11512.0894,Billions of dollars,https://fred.stlouisfed.org/series/TOTLL,real_public_fred,20223
2022-08-03,2022Q3,TOTLL,"Loans and Leases in Bank Credit, All Commercial Banks",macro_indicator,Weekly,11529.58,Billions of dollars,https://fred.stlouisfed.org/series/TOTLL,real_public_fred,20223
2022-08-10,2022Q3,TOTLL,"Loans and Leases in Bank Credit, All Commercial Banks",macro_indicator,Weekly,11564.6327,Billions of dollars,https://fred.stlouisfed.org/series/TOTLL,real_public_fred,20223
2022-08-17,2022Q3,TOTLL,"Loans and Leases in Bank Credit, All Commercial Banks",macro_indicator,Weekly,11584.2914,Billions of dollars,https://fred.stlouisfed.org/series/TOTLL,real_public_fred,20223
2022-08-24,2022Q3,TOTLL,"Loans and Leases in Bank Credit, All Commercial Banks",macro_indicator,Weekly,11605.9346,Billions of dollars,https://fred.stlouisfed.org/series/TOTLL,real_public_fred,20223
2022-08-31,2022Q3,TOTLL,"Loans and Leases in Bank Credit, All Commercial Banks",macro_indicator,Weekly,11622.4115,Billions of dollars,https://fred.stlouisfed.org/series/TOTLL,real_public_fred,20223
2022-09-07,2022Q3,TOTLL,"Loans and Leases in Bank Credit, All Commercial Banks",macro_indicator,Weekly,11631.1282,Billions of dollars,https://fred.stlouisfed.org/series/TOTLL,real_public_fred,20223
2022-09-14,2022Q3,TOTLL,"Loans and Leases in Bank Credit, All Commercial Banks",macro_indicator,Weekly,11664.1,Billions of dollars,https://fred.stlouisfed.org/series/TOTLL,real_public_fred,20223
2022-09-21,2022Q3,TOTLL,"Loans and Leases in Bank Credit, All Commercial Banks",macro_indicator,Weekly,11700.9884,Billions of dollars,https://fred.stlouisfed.org/series/TOTLL,real_public_fred,20223
2022-09-28,2022Q3,TOTLL,"Loans and Leases in Bank Credit, All Commercial Banks",macro_indicator,Weekly,11710.4697,Billions of dollars,https://fred.stlouisfed.org/series/TOTLL,real_public_fred,20223
2022-10-05,2022Q4,TOTLL,"Loans and Leases in Bank Credit, All Commercial Banks",macro_indicator,Weekly,11747.3094,Billions of dollars,https://fred.stlouisfed.org/series/TOTLL,real_public_fred,20224
2022-10-12,2022Q4,TOTLL,"Loans and Leases in Bank Credit, All Commercial Banks",macro_indicator,Weekly,11772.6753,Billions of dollars,https://fred.stlouisfed.org/series/TOTLL,real_public_fred,20224
2022-10-19,2022Q4,TOTLL,"Loans and Leases in Bank Credit, All Commercial Banks",macro_indicator,Weekly,11784.1378,Billions of dollars,https://fred.stlouisfed.org/series/TOTLL,real_public_fred,20224
2022-10-26,2022Q4,TOTLL,"Loans and Leases in Bank Credit, All Commercial Banks",macro_indicator,Weekly,11806.2192,Billions of dollars,https://fred.stlouisfed.org/series/TOTLL,real_public_fred,20224
2022-11-02,2022Q4,TOTLL,"Loans and Leases in Bank Credit, All Commercial Banks",macro_indicator,Weekly,11831.6953,Billions of dollars,https://fred.stlouisfed.org/series/TOTLL,real_public_fred,20224
2022-11-09,2022Q4,TOTLL,"Loans and Leases in Bank Credit, All Commercial Banks",macro_indicator,Weekly,11847.3484,Billions of dollars,https://fred.stlouisfed.org/series/TOTLL,real_public_fred,20224
2022-11-16,2022Q4,TOTLL,"Loans and Leases in Bank Credit, All Commercial Banks",macro_indicator,Weekly,11867.0029,Billions of dollars,https://fred.stlouisfed.org/series/TOTLL,real_public_fred,20224
2022-11-23,2022Q4,TOTLL,"Loans and Leases in Bank Credit, All Commercial Banks",macro_indicator,Weekly,11889.3842,Billions of dollars,https://fred.stlouisfed.org/series/TOTLL,real_public_fred,20224
2022-11-30,2022Q4,TOTLL,"Loans and Leases in Bank Credit, All Commercial Banks",macro_indicator,Weekly,11893.0136,Billions of dollars,https://fred.stlouisfed.org/series/TOTLL,real_public_fred,20224
2022-12-07,2022Q4,TOTLL,"Loans and Leases in Bank Credit, All Commercial Banks",macro_indicator,Weekly,11979.0427,Billions of dollars,https://fred.stlouisfed.org/series/TOTLL,real_public_fred,20224
2022-12-14,2022Q4,TOTLL,"Loans and Leases in Bank Credit, All Commercial Banks",macro_indicator,Weekly,11993.0138,Billions of dollars,https://fred.stlouisfed.org/series/TOTLL,real_public_fred,20224
2022-12-21,2022Q4,TOTLL,"Loans and Leases in Bank Credit, All Commercial Banks",macro_indicator,Weekly,11993.7879,Billions of dollars,https://fred.stlouisfed.org/series/TOTLL,real_public_fred,20224
2022-12-28,2022Q4,TOTLL,"Loans and Leases in Bank Credit, All Commercial Banks",macro_indicator,Weekly,11985.7733,Billions of dollars,https://fred.stlouisfed.org/series/TOTLL,real_public_fred,20224
2023-01-04,2023Q1,TOTLL,"Loans and Leases in Bank Credit, All Commercial Banks",macro_indicator,Weekly,12008.2859,Billions of dollars,https://fred.stlouisfed.org/series/TOTLL,real_public_fred,20231
2023-01-11,2023Q1,TOTLL,"Loans and Leases in Bank Credit, All Commercial Banks",macro_indicator,Weekly,12013.0237,Billions of dollars,https://fred.stlouisfed.org/series/TOTLL,real_public_fred,20231
2023-01-18,2023Q1,TOTLL,"Loans and Leases in Bank Credit, All Commercial Banks",macro_indicator,Weekly,12041.1472,Billions of dollars,https://fred.stlouisfed.org/series/TOTLL,real_public_fred,20231
2023-01-25,2023Q1,TOTLL,"Loans and Leases in Bank Credit, All Commercial Banks",macro_indicator,Weekly,12061.9566,Billions of dollars,https://fred.stlouisfed.org/series/TOTLL,real_public_fred,20231
2023-02-01,2023Q1,TOTLL,"Loans and Leases in Bank Credit, All Commercial Banks",macro_indicator,Weekly,12079.9846,Billions of dollars,https://fred.stlouisfed.org/series/TOTLL,real_public_fred,20231
2023-02-08,2023Q1,TOTLL,"Loans and Leases in Bank Credit, All Commercial Banks",macro_indicator,Weekly,12083.862,Billions of dollars,https://fred.stlouisfed.org/series/TOTLL,real_public_fred,20231
2023-02-15,2023Q1,TOTLL,"Loans and Leases in Bank Credit, All Commercial Banks",macro_indicator,Weekly,12100.7014,Billions of dollars,https://fred.stlouisfed.org/series/TOTLL,real_public_fred,20231
2023-02-22,2023Q1,TOTLL,"Loans and Leases in Bank Credit, All Commercial Banks",macro_indicator,Weekly,12093.4893,Billions of dollars,https://fred.stlouisfed.org/series/TOTLL,real_public_fred,20231
2023-03-01,2023Q1,TOTLL,"Loans and Leases in Bank Credit, All Commercial Banks",macro_indicator,Weekly,12106.1964,Billions of dollars,https://fred.stlouisfed.org/series/TOTLL,real_public_fred,20231
2023-03-08,2023Q1,TOTLL,"Loans and Leases in Bank Credit, All Commercial Banks",macro_indicator,Weekly,12100.3444,Billions of dollars,https://fred.stlouisfed.org/series/TOTLL,real_public_fred,20231
2023-03-15,2023Q1,TOTLL,"Loans and Leases in Bank Credit, All Commercial Banks",macro_indicator,Weekly,12156.6294,Billions of dollars,https://fred.stlouisfed.org/series/TOTLL,real_public_fred,20231
2023-03-22,2023Q1,TOTLL,"Loans and Leases in Bank Credit, All Commercial Banks",macro_indicator,Weekly,12101.3044,Billions of dollars,https://fred.stlouisfed.org/series/TOTLL,real_public_fred,20231
2023-03-29,2023Q1,TOTLL,"Loans and Leases in Bank Credit, All Commercial Banks",macro_indicator,Weekly,12096.9149,Billions of dollars,https://fred.stlouisfed.org/series/TOTLL,real_public_fred,20231
2023-04-05,2023Q2,TOTLL,"Loans and Leases in Bank Credit, All Commercial Banks",macro_indicator,Weekly,12095.2476,Billions of dollars,https://fred.stlouisfed.org/series/TOTLL,real_public_fred,20232
2023-04-12,2023Q2,TOTLL,"Loans and Leases in Bank Credit, All Commercial Banks",macro_indicator,Weekly,12086.0643,Billions of dollars,https://fred.stlouisfed.org/series/TOTLL,real_public_fred,20232
2023-04-19,2023Q2,TOTLL,"Loans and Leases in Bank Credit, All Commercial Banks",macro_indicator,Weekly,12094.1619,Billions of dollars,https://fred.stlouisfed.org/series/TOTLL,real_public_fred,20232
2023-04-26,2023Q2,TOTLL,"Loans and Leases in Bank Credit, All Commercial Banks",macro_indicator,Weekly,12109.2808,Billions of dollars,https://fred.stlouisfed.org/series/TOTLL,real_public_fred,20232
2023-05-03,2023Q2,TOTLL,"Loans and Leases in Bank Credit, All Commercial Banks",macro_indicator,Weekly,12102.263,Billions of dollars,https://fred.stlouisfed.org/series/TOTLL,real_public_fred,20232
2023-05-10,2023Q2,TOTLL,"Loans and Leases in Bank Credit, All Commercial Banks",macro_indicator,Weekly,12112.7888,Billions of dollars,https://fred.stlouisfed.org/series/TOTLL,real_public_fred,20232
2023-05-17,2023Q2,TOTLL,"Loans and Leases in Bank Credit, All Commercial Banks",macro_indicator,Weekly,12116.465,Billions of dollars,https://fred.stlouisfed.org/series/TOTLL,real_public_fred,20232
2023-05-24,2023Q2,TOTLL,"Loans and Leases in Bank Credit, All Commercial Banks",macro_indicator,Weekly,12120.2522,Billions of dollars,https://fred.stlouisfed.org/series/TOTLL,real_public_fred,20232
2023-05-31,2023Q2,TOTLL,"Loans and Leases in Bank Credit, All Commercial Banks",macro_indicator,Weekly,12122.7815,Billions of dollars,https://fred.stlouisfed.org/series/TOTLL,real_public_fred,20232
2023-06-07,2023Q2,TOTLL,"Loans and Leases in Bank Credit, All Commercial Banks",macro_indicator,Weekly,12088.1449,Billions of dollars,https://fred.stlouisfed.org/series/TOTLL,real_public_fred,20232
2023-06-14,2023Q2,TOTLL,"Loans and Leases in Bank Credit, All Commercial Banks",macro_indicator,Weekly,12101.0696,Billions of dollars,https://fred.stlouisfed.org/series/TOTLL,real_public_fred,20232
2023-06-21,2023Q2,TOTLL,"Loans and Leases in Bank Credit, All Commercial Banks",macro_indicator,Weekly,12111.2247,Billions of dollars,https://fred.stlouisfed.org/series/TOTLL,real_public_fred,20232
2023-06-28,2023Q2,TOTLL,"Loans and Leases in Bank Credit, All Commercial Banks",macro_indicator,Weekly,12094.0384,Billions of dollars,https://fred.stlouisfed.org/series/TOTLL,real_public_fred,20232
2023-07-05,2023Q3,TOTLL,"Loans and Leases in Bank Credit, All Commercial Banks",macro_indicator,Weekly,12095.5563,Billions of dollars,https://fred.stlouisfed.org/series/TOTLL,real_public_fred,20233
2023-07-12,2023Q3,TOTLL,"Loans and Leases in Bank Credit, All Commercial Banks",macro_indicator,Weekly,12106.4959,Billions of dollars,https://fred.stlouisfed.org/series/TOTLL,real_public_fred,20233
2023-07-19,2023Q3,TOTLL,"Loans and Leases in Bank Credit, All Commercial Banks",macro_indicator,Weekly,12120.9928,Billions of dollars,https://fred.stlouisfed.org/series/TOTLL,real_public_fred,20233
2023-07-26,2023Q3,TOTLL,"Loans and Leases in Bank Credit, All Commercial Banks",macro_indicator,Weekly,12128.6277,Billions of dollars,https://fred.stlouisfed.org/series/TOTLL,real_public_fred,20233
2023-08-02,2023Q3,TOTLL,"Loans and Leases in Bank Credit, All Commercial Banks",macro_indicator,Weekly,12148.0779,Billions of dollars,https://fred.stlouisfed.org/series/TOTLL,real_public_fred,20233
2023-08-09,2023Q3,TOTLL,"Loans and Leases in Bank Credit, All Commercial Banks",macro_indicator,Weekly,12150.6931,Billions of dollars,https://fred.stlouisfed.org/series/TOTLL,real_public_fred,20233
2023-08-16,2023Q3,TOTLL,"Loans and Leases in Bank Credit, All Commercial Banks",macro_indicator,Weekly,12171.3195,Billions of dollars,https://fred.stlouisfed.org/series/TOTLL,real_public_fred,20233
2023-08-23,2023Q3,TOTLL,"Loans and Leases in Bank Credit, All Commercial Banks",macro_indicator,Weekly,12185.4421,Billions of dollars,https://fred.stlouisfed.org/series/TOTLL,real_public_fred,20233
2023-08-30,2023Q3,TOTLL,"Loans and Leases in Bank Credit, All Commercial Banks",macro_indicator,Weekly,12189.3132,Billions of dollars,https://fred.stlouisfed.org/series/TOTLL,real_public_fred,20233
2023-09-06,2023Q3,TOTLL,"Loans and Leases in Bank Credit, All Commercial Banks",macro_indicator,Weekly,12197.2684,Billions of dollars,https://fred.stlouisfed.org/series/TOTLL,real_public_fred,20233
2023-09-13,2023Q3,TOTLL,"Loans and Leases in Bank Credit, All Commercial Banks",macro_indicator,Weekly,12202.1247,Billions of dollars,https://fred.stlouisfed.org/series/TOTLL,real_public_fred,20233
2023-09-20,2023Q3,TOTLL,"Loans and Leases in Bank Credit, All Commercial Banks",macro_indicator,Weekly,12207.7466,Billions of dollars,https://fred.stlouisfed.org/series/TOTLL,real_public_fred,20233
2023-09-27,2023Q3,TOTLL,"Loans and Leases in Bank Credit, All Commercial Banks",macro_indicator,Weekly,12212.142,Billions of dollars,https://fred.stlouisfed.org/series/TOTLL,real_public_fred,20233
2023-10-04,2023Q4,TOTLL,"Loans and Leases in Bank Credit, All Commercial Banks",macro_indicator,Weekly,12241.8511,Billions of dollars,https://fred.stlouisfed.org/series/TOTLL,real_public_fred,20234
2023-10-11,2023Q4,TOTLL,"Loans and Leases in Bank Credit, All Commercial Banks",macro_indicator,Weekly,12253.7848,Billions of dollars,https://fred.stlouisfed.org/series/TOTLL,real_public_fred,20234
2023-10-18,2023Q4,TOTLL,"Loans and Leases in Bank Credit, All Commercial Banks",macro_indicator,Weekly,12251.2306,Billions of dollars,https://fred.stlouisfed.org/series/TOTLL,real_public_fred,20234
2023-10-25,2023Q4,TOTLL,"Loans and Leases in Bank Credit, All Commercial Banks",macro_indicator,Weekly,12270.8897,Billions of dollars,https://fred.stlouisfed.org/series/TOTLL,real_public_fred,20234
2023-11-01,2023Q4,TOTLL,"Loans and Leases in Bank Credit, All Commercial Banks",macro_indicator,Weekly,12248.5862,Billions of dollars,https://fred.stlouisfed.org/series/TOTLL,real_public_fred,20234
2023-11-08,2023Q4,TOTLL,"Loans and Leases in Bank Credit, All Commercial Banks",macro_indicator,Weekly,12245.4831,Billions of dollars,https://fred.stlouisfed.org/series/TOTLL,real_public_fred,20234
2023-11-15,2023Q4,TOTLL,"Loans and Leases in Bank Credit, All Commercial Banks",macro_indicator,Weekly,12249.3698,Billions of dollars,https://fred.stlouisfed.org/series/TOTLL,real_public_fred,20234
2023-11-22,2023Q4,TOTLL,"Loans and Leases in Bank Credit, All Commercial Banks",macro_indicator,Weekly,12269.8564,Billions of dollars,https://fred.stlouisfed.org/series/TOTLL,real_public_fred,20234
2023-11-29,2023Q4,TOTLL,"Loans and Leases in Bank Credit, All Commercial Banks",macro_indicator,Weekly,12277.1002,Billions of dollars,https://fred.stlouisfed.org/series/TOTLL,real_public_fred,20234
2023-12-06,2023Q4,TOTLL,"Loans and Leases in Bank Credit, All Commercial Banks",macro_indicator,Weekly,12276.4733,Billions of dollars,https://fred.stlouisfed.org/series/TOTLL,real_public_fred,20234
2023-12-13,2023Q4,TOTLL,"Loans and Leases in Bank Credit, All Commercial Banks",macro_indicator,Weekly,12271.8398,Billions of dollars,https://fred.stlouisfed.org/series/TOTLL,real_public_fred,20234
2023-12-20,2023Q4,TOTLL,"Loans and Leases in Bank Credit, All Commercial Banks",macro_indicator,Weekly,12267.9446,Billions of dollars,https://fred.stlouisfed.org/series/TOTLL,real_public_fred,20234
2023-12-27,2023Q4,TOTLL,"Loans and Leases in Bank Credit, All Commercial Banks",macro_indicator,Weekly,12261.112,Billions of dollars,https://fred.stlouisfed.org/series/TOTLL,real_public_fred,20234
2024-01-03,2024Q1,TOTLL,"Loans and Leases in Bank Credit, All Commercial Banks",macro_indicator,Weekly,12263.0022,Billions of dollars,https://fred.stlouisfed.org/series/TOTLL,real_public_fred,20241
2024-01-10,2024Q1,TOTLL,"Loans and Leases in Bank Credit, All Commercial Banks",macro_indicator,Weekly,12283.1455,Billions of dollars,https://fred.stlouisfed.org/series/TOTLL,real_public_fred,20241
2024-01-17,2024Q1,TOTLL,"Loans and Leases in Bank Credit, All Commercial Banks",macro_indicator,Weekly,12293.5419,Billions of dollars,https://fred.stlouisfed.org/series/TOTLL,real_public_fred,20241
2024-01-24,2024Q1,TOTLL,"Loans and Leases in Bank Credit, All Commercial Banks",macro_indicator,Weekly,12296.1523,Billions of dollars,https://fred.stlouisfed.org/series/TOTLL,real_public_fred,20241
2024-01-31,2024Q1,TOTLL,"Loans and Leases in Bank Credit, All Commercial Banks",macro_indicator,Weekly,12329.1288,Billions of dollars,https://fred.stlouisfed.org/series/TOTLL,real_public_fred,20241
2024-02-07,2024Q1,TOTLL,"Loans and Leases in Bank Credit, All Commercial Banks",macro_indicator,Weekly,12320.9975,Billions of dollars,https://fred.stlouisfed.org/series/TOTLL,real_public_fred,20241
2024-02-14,2024Q1,TOTLL,"Loans and Leases in Bank Credit, All Commercial Banks",macro_indicator,Weekly,12339.7873,Billions of dollars,https://fred.stlouisfed.org/series/TOTLL,real_public_fred,20241
2024-02-21,2024Q1,TOTLL,"Loans and Leases in Bank Credit, All Commercial Banks",macro_indicator,Weekly,12334.6213,Billions of dollars,https://fred.stlouisfed.org/series/TOTLL,real_public_fred,20241
2024-02-28,2024Q1,TOTLL,"Loans and Leases in Bank Credit, All Commercial Banks",macro_indicator,Weekly,12353.6124,Billions of dollars,https://fred.stlouisfed.org/series/TOTLL,real_public_fred,20241
2024-03-06,2024Q1,TOTLL,"Loans and Leases in Bank Credit, All Commercial Banks",macro_indicator,Weekly,12336.792,Billions of dollars,https://fred.stlouisfed.org/series/TOTLL,real_public_fred,20241
2024-03-13,2024Q1,TOTLL,"Loans and Leases in Bank Credit, All Commercial Banks",macro_indicator,Weekly,12341.3326,Billions of dollars,https://fred.stlouisfed.org/series/TOTLL,real_public_fred,20241
2024-03-20,2024Q1,TOTLL,"Loans and Leases in Bank Credit, All Commercial Banks",macro_indicator,Weekly,12342.1246,Billions of dollars,https://fred.stlouisfed.org/series/TOTLL,real_public_fred,20241
2024-03-27,2024Q1,TOTLL,"Loans and Leases in Bank Credit, All Commercial Banks",macro_indicator,Weekly,12353.9575,Billions of dollars,https://fred.stlouisfed.org/series/TOTLL,real_public_fred,20241
2024-04-03,2024Q2,TOTLL,"Loans and Leases in Bank Credit, All Commercial Banks",macro_indicator,Weekly,12351.2751,Billions of dollars,https://fred.stlouisfed.org/series/TOTLL,real_public_fred,20242
2024-04-10,2024Q2,TOTLL,"Loans and Leases in Bank Credit, All Commercial Banks",macro_indicator,Weekly,12349.2205,Billions of dollars,https://fred.stlouisfed.org/series/TOTLL,real_public_fred,20242
2024-04-17,2024Q2,TOTLL,"Loans and Leases in Bank Credit, All Commercial Banks",macro_indicator,Weekly,12349.954,Billions of dollars,https://fred.stlouisfed.org/series/TOTLL,real_public_fred,20242
2024-04-24,2024Q2,TOTLL,"Loans and Leases in Bank Credit, All Commercial Banks",macro_indicator,Weekly,12365.6075,Billions of dollars,https://fred.stlouisfed.org/series/TOTLL,real_public_fred,20242
2024-05-01,2024Q2,TOTLL,"Loans and Leases in Bank Credit, All Commercial Banks",macro_indicator,Weekly,12384.4134,Billions of dollars,https://fred.stlouisfed.org/series/TOTLL,real_public_fred,20242
2024-05-08,2024Q2,TOTLL,"Loans and Leases in Bank Credit, All Commercial Banks",macro_indicator,Weekly,12390.6585,Billions of dollars,https://fred.stlouisfed.org/series/TOTLL,real_public_fred,20242
2024-05-15,2024Q2,TOTLL,"Loans and Leases in Bank Credit, All Commercial Banks",macro_indicator,Weekly,12397.9877,Billions of dollars,https://fred.stlouisfed.org/series/TOTLL,real_public_fred,20242
2024-05-22,2024Q2,TOTLL,"Loans and Leases in Bank Credit, All Commercial Banks",macro_indicator,Weekly,12391.0319,Billions of dollars,https://fred.stlouisfed.org/series/TOTLL,real_public_fred,20242
2024-05-29,2024Q2,TOTLL,"Loans and Leases in Bank Credit, All Commercial Banks",macro_indicator,Weekly,12390.5429,Billions of dollars,https://fred.stlouisfed.org/series/TOTLL,real_public_fred,20242
2024-06-05,2024Q2,TOTLL,"Loans and Leases in Bank Credit, All Commercial Banks",macro_indicator,Weekly,12399.8027,Billions of dollars,https://fred.stlouisfed.org/series/TOTLL,real_public_fred,20242
2024-06-12,2024Q2,TOTLL,"Loans and Leases in Bank Credit, All Commercial Banks",macro_indicator,Weekly,12407.7343,Billions of dollars,https://fred.stlouisfed.org/series/TOTLL,real_public_fred,20242
2024-06-19,2024Q2,TOTLL,"Loans and Leases in Bank Credit, All Commercial Banks",macro_indicator,Weekly,12420.1483,Billions of dollars,https://fred.stlouisfed.org/series/TOTLL,real_public_fred,20242
2024-06-26,2024Q2,TOTLL,"Loans and Leases in Bank Credit, All Commercial Banks",macro_indicator,Weekly,12427.9477,Billions of dollars,https://fred.stlouisfed.org/series/TOTLL,real_public_fred,20242
2024-07-03,2024Q3,TOTLL,"Loans and Leases in Bank Credit, All Commercial Banks",macro_indicator,Weekly,12427.8701,Billions of dollars,https://fred.stlouisfed.org/series/TOTLL,real_public_fred,20243
2024-07-10,2024Q3,TOTLL,"Loans and Leases in Bank Credit, All Commercial Banks",macro_indicator,Weekly,12429.9485,Billions of dollars,https://fred.stlouisfed.org/series/TOTLL,real_public_fred,20243
2024-07-17,2024Q3,TOTLL,"Loans and Leases in Bank Credit, All Commercial Banks",macro_indicator,Weekly,12436.1546,Billions of dollars,https://fred.stlouisfed.org/series/TOTLL,real_public_fred,20243
2024-07-24,2024Q3,TOTLL,"Loans and Leases in Bank Credit, All Commercial Banks",macro_indicator,Weekly,12447.9017,Billions of dollars,https://fred.stlouisfed.org/series/TOTLL,real_public_fred,20243
2024-07-31,2024Q3,TOTLL,"Loans and Leases in Bank Credit, All Commercial Banks",macro_indicator,Weekly,12460.9024,Billions of dollars,https://fred.stlouisfed.org/series/TOTLL,real_public_fred,20243
2024-08-07,2024Q3,TOTLL,"Loans and Leases in Bank Credit, All Commercial Banks",macro_indicator,Weekly,12457.6188,Billions of dollars,https://fred.stlouisfed.org/series/TOTLL,real_public_fred,20243
2024-08-14,2024Q3,TOTLL,"Loans and Leases in Bank Credit, All Commercial Banks",macro_indicator,Weekly,12466.0071,Billions of dollars,https://fred.stlouisfed.org/series/TOTLL,real_public_fred,20243
2024-08-21,2024Q3,TOTLL,"Loans and Leases in Bank Credit, All Commercial Banks",macro_indicator,Weekly,12478.047,Billions of dollars,https://fred.stlouisfed.org/series/TOTLL,real_public_fred,20243
2024-08-28,2024Q3,TOTLL,"Loans and Leases in Bank Credit, All Commercial Banks",macro_indicator,Weekly,12468.6783,Billions of dollars,https://fred.stlouisfed.org/series/TOTLL,real_public_fred,20243
2024-09-04,2024Q3,TOTLL,"Loans and Leases in Bank Credit, All Commercial Banks",macro_indicator,Weekly,12474.7866,Billions of dollars,https://fred.stlouisfed.org/series/TOTLL,real_public_fred,20243
2024-09-11,2024Q3,TOTLL,"Loans and Leases in Bank Credit, All Commercial Banks",macro_indicator,Weekly,12479.2154,Billions of dollars,https://fred.stlouisfed.org/series/TOTLL,real_public_fred,20243
2024-09-18,2024Q3,TOTLL,"Loans and Leases in Bank Credit, All Commercial Banks",macro_indicator,Weekly,12493.265,Billions of dollars,https://fred.stlouisfed.org/series/TOTLL,real_public_fred,20243
2024-09-25,2024Q3,TOTLL,"Loans and Leases in Bank Credit, All Commercial Banks",macro_indicator,Weekly,12497.9369,Billions of dollars,https://fred.stlouisfed.org/series/TOTLL,real_public_fred,20243
2024-10-02,2024Q4,TOTLL,"Loans and Leases in Bank Credit, All Commercial Banks",macro_indicator,Weekly,12505.7568,Billions of dollars,https://fred.stlouisfed.org/series/TOTLL,real_public_fred,20244
2024-10-09,2024Q4,TOTLL,"Loans and Leases in Bank Credit, All Commercial Banks",macro_indicator,Weekly,12504.6363,Billions of dollars,https://fred.stlouisfed.org/series/TOTLL,real_public_fred,20244
2024-10-16,2024Q4,TOTLL,"Loans and Leases in Bank Credit, All Commercial Banks",macro_indicator,Weekly,12529.0228,Billions of dollars,https://fred.stlouisfed.org/series/TOTLL,real_public_fred,20244
2024-10-23,2024Q4,TOTLL,"Loans and Leases in Bank Credit, All Commercial Banks",macro_indicator,Weekly,12535.9877,Billions of dollars,https://fred.stlouisfed.org/series/TOTLL,real_public_fred,20244
2024-10-30,2024Q4,TOTLL,"Loans and Leases in Bank Credit, All Commercial Banks",macro_indicator,Weekly,12543.4211,Billions of dollars,https://fred.stlouisfed.org/series/TOTLL,real_public_fred,20244
2024-11-06,2024Q4,TOTLL,"Loans and Leases in Bank Credit, All Commercial Banks",macro_indicator,Weekly,12534.2217,Billions of dollars,https://fred.stlouisfed.org/series/TOTLL,real_public_fred,20244
2024-11-13,2024Q4,TOTLL,"Loans and Leases in Bank Credit, All Commercial Banks",macro_indicator,Weekly,12551.4404,Billions of dollars,https://fred.stlouisfed.org/series/TOTLL,real_public_fred,20244
2024-11-20,2024Q4,TOTLL,"Loans and Leases in Bank Credit, All Commercial Banks",macro_indicator,Weekly,12550.4268,Billions of dollars,https://fred.stlouisfed.org/series/TOTLL,real_public_fred,20244
2024-11-27,2024Q4,TOTLL,"Loans and Leases in Bank Credit, All Commercial Banks",macro_indicator,Weekly,12565.0271,Billions of dollars,https://fred.stlouisfed.org/series/TOTLL,real_public_fred,20244
2024-12-04,2024Q4,TOTLL,"Loans and Leases in Bank Credit, All Commercial Banks",macro_indicator,Weekly,12569.628,Billions of dollars,https://fred.stlouisfed.org/series/TOTLL,real_public_fred,20244
2024-12-11,2024Q4,TOTLL,"Loans and Leases in Bank Credit, All Commercial Banks",macro_indicator,Weekly,12595.3194,Billions of dollars,https://fred.stlouisfed.org/series/TOTLL,real_public_fred,20244
2024-12-18,2024Q4,TOTLL,"Loans and Leases in Bank Credit, All Commercial Banks",macro_indicator,Weekly,12597.4617,Billions of dollars,https://fred.stlouisfed.org/series/TOTLL,real_public_fred,20244
2024-12-25,2024Q4,TOTLL,"Loans and Leases in Bank Credit, All Commercial Banks",macro_indicator,Weekly,12605.8081,Billions of dollars,https://fred.stlouisfed.org/series/TOTLL,real_public_fred,20244
2025-01-01,2025Q1,TOTLL,"Loans and Leases in Bank Credit, All Commercial Banks",macro_indicator,Weekly,12593.2599,Billions of dollars,https://fred.stlouisfed.org/series/TOTLL,real_public_fred,20251
2025-01-08,2025Q1,TOTLL,"Loans and Leases in Bank Credit, All Commercial Banks",macro_indicator,Weekly,12605.8509,Billions of dollars,https://fred.stlouisfed.org/series/TOTLL,real_public_fred,20251
2025-01-15,2025Q1,TOTLL,"Loans and Leases in Bank Credit, All Commercial Banks",macro_indicator,Weekly,12612.7868,Billions of dollars,https://fred.stlouisfed.org/series/TOTLL,real_public_fred,20251
2025-01-22,2025Q1,TOTLL,"Loans and Leases in Bank Credit, All Commercial Banks",macro_indicator,Weekly,12646.7731,Billions of dollars,https://fred.stlouisfed.org/series/TOTLL,real_public_fred,20251
2025-01-29,2025Q1,TOTLL,"Loans and Leases in Bank Credit, All Commercial Banks",macro_indicator,Weekly,12636.964,Billions of dollars,https://fred.stlouisfed.org/series/TOTLL,real_public_fred,20251
2025-02-05,2025Q1,TOTLL,"Loans and Leases in Bank Credit, All Commercial Banks",macro_indicator,Weekly,12644.1429,Billions of dollars,https://fred.stlouisfed.org/series/TOTLL,real_public_fred,20251
2025-02-12,2025Q1,TOTLL,"Loans and Leases in Bank Credit, All Commercial Banks",macro_indicator,Weekly,12660.5535,Billions of dollars,https://fred.stlouisfed.org/series/TOTLL,real_public_fred,20251
2025-02-19,2025Q1,TOTLL,"Loans and Leases in Bank Credit, All Commercial Banks",macro_indicator,Weekly,12687.9643,Billions of dollars,https://fred.stlouisfed.org/series/TOTLL,real_public_fred,20251
2025-02-26,2025Q1,TOTLL,"Loans and Leases in Bank Credit, All Commercial Banks",macro_indicator,Weekly,12690.7832,Billions of dollars,https://fred.stlouisfed.org/series/TOTLL,real_public_fred,20251
2025-03-05,2025Q1,TOTLL,"Loans and Leases in Bank Credit, All Commercial Banks",macro_indicator,Weekly,12709.7512,Billions of dollars,https://fred.stlouisfed.org/series/TOTLL,real_public_fred,20251
2025-03-12,2025Q1,TOTLL,"Loans and Leases in Bank Credit, All Commercial Banks",macro_indicator,Weekly,12723.0488,Billions of dollars,https://fred.stlouisfed.org/series/TOTLL,real_public_fred,20251
2025-03-19,2025Q1,TOTLL,"Loans and Leases in Bank Credit, All Commercial Banks",macro_indicator,Weekly,12731.4059,Billions of dollars,https://fred.stlouisfed.org/series/TOTLL,real_public_fred,20251
2025-03-26,2025Q1,TOTLL,"Loans and Leases in Bank Credit, All Commercial Banks",macro_indicator,Weekly,12744.6927,Billions of dollars,https://fred.stlouisfed.org/series/TOTLL,real_public_fred,20251
2025-04-02,2025Q2,TOTLL,"Loans and Leases in Bank Credit, All Commercial Banks",macro_indicator,Weekly,12748.8181,Billions of dollars,https://fred.stlouisfed.org/series/TOTLL,real_public_fred,20252
2025-04-09,2025Q2,TOTLL,"Loans and Leases in Bank Credit, All Commercial Banks",macro_indicator,Weekly,12777.8349,Billions of dollars,https://fred.stlouisfed.org/series/TOTLL,real_public_fred,20252
2025-04-16,2025Q2,TOTLL,"Loans and Leases in Bank Credit, All Commercial Banks",macro_indicator,Weekly,12813.7778,Billions of dollars,https://fred.stlouisfed.org/series/TOTLL,real_public_fred,20252
2025-04-23,2025Q2,TOTLL,"Loans and Leases in Bank Credit, All Commercial Banks",macro_indicator,Weekly,12822.691,Billions of dollars,https://fred.stlouisfed.org/series/TOTLL,real_public_fred,20252
2025-04-30,2025Q2,TOTLL,"Loans and Leases in Bank Credit, All Commercial Banks",macro_indicator,Weekly,12839.0506,Billions of dollars,https://fred.stlouisfed.org/series/TOTLL,real_public_fred,20252
2025-05-07,2025Q2,TOTLL,"Loans and Leases in Bank Credit, All Commercial Banks",macro_indicator,Weekly,12832.7569,Billions of dollars,https://fred.stlouisfed.org/series/TOTLL,real_public_fred,20252
2025-05-14,2025Q2,TOTLL,"Loans and Leases in Bank Credit, All Commercial Banks",macro_indicator,Weekly,12847.8505,Billions of dollars,https://fred.stlouisfed.org/series/TOTLL,real_public_fred,20252
2025-05-21,2025Q2,TOTLL,"Loans and Leases in Bank Credit, All Commercial Banks",macro_indicator,Weekly,12870.9596,Billions of dollars,https://fred.stlouisfed.org/series/TOTLL,real_public_fred,20252
2025-05-28,2025Q2,TOTLL,"Loans and Leases in Bank Credit, All Commercial Banks",macro_indicator,Weekly,12869.3802,Billions of dollars,https://fred.stlouisfed.org/series/TOTLL,real_public_fred,20252
2025-06-04,2025Q2,TOTLL,"Loans and Leases in Bank Credit, All Commercial Banks",macro_indicator,Weekly,12871.0608,Billions of dollars,https://fred.stlouisfed.org/series/TOTLL,real_public_fred,20252
2025-06-11,2025Q2,TOTLL,"Loans and Leases in Bank Credit, All Commercial Banks",macro_indicator,Weekly,12889.1099,Billions of dollars,https://fred.stlouisfed.org/series/TOTLL,real_public_fred,20252
2025-06-18,2025Q2,TOTLL,"Loans and Leases in Bank Credit, All Commercial Banks",macro_indicator,Weekly,12907.1738,Billions of dollars,https://fred.stlouisfed.org/series/TOTLL,real_public_fred,20252
2025-06-25,2025Q2,TOTLL,"Loans and Leases in Bank Credit, All Commercial Banks",macro_indicator,Weekly,12921.3087,Billions of dollars,https://fred.stlouisfed.org/series/TOTLL,real_public_fred,20252
2025-07-02,2025Q3,TOTLL,"Loans and Leases in Bank Credit, All Commercial Banks",macro_indicator,Weekly,12950.1719,Billions of dollars,https://fred.stlouisfed.org/series/TOTLL,real_public_fred,20253
2025-07-09,2025Q3,TOTLL,"Loans and Leases in Bank Credit, All Commercial Banks",macro_indicator,Weekly,12959.5112,Billions of dollars,https://fred.stlouisfed.org/series/TOTLL,real_public_fred,20253
2025-07-16,2025Q3,TOTLL,"Loans and Leases in Bank Credit, All Commercial Banks",macro_indicator,Weekly,12972.209,Billions of dollars,https://fred.stlouisfed.org/series/TOTLL,real_public_fred,20253
2025-07-23,2025Q3,TOTLL,"Loans and Leases in Bank Credit, All Commercial Banks",macro_indicator,Weekly,12987.0415,Billions of dollars,https://fred.stlouisfed.org/series/TOTLL,real_public_fred,20253
2025-07-30,2025Q3,TOTLL,"Loans and Leases in Bank Credit, All Commercial Banks",macro_indicator,Weekly,13000.9219,Billions of dollars,https://fred.stlouisfed.org/series/TOTLL,real_public_fred,20253
2025-08-06,2025Q3,TOTLL,"Loans and Leases in Bank Credit, All Commercial Banks",macro_indicator,Weekly,13012.5412,Billions of dollars,https://fred.stlouisfed.org/series/TOTLL,real_public_fred,20253
2025-08-13,2025Q3,TOTLL,"Loans and Leases in Bank Credit, All Commercial Banks",macro_indicator,Weekly,13028.8999,Billions of dollars,https://fred.stlouisfed.org/series/TOTLL,real_public_fred,20253
2025-08-20,2025Q3,TOTLL,"Loans and Leases in Bank Credit, All Commercial Banks",macro_indicator,Weekly,13037.8214,Billions of dollars,https://fred.stlouisfed.org/series/TOTLL,real_public_fred,20253
2025-08-27,2025Q3,TOTLL,"Loans and Leases in Bank Credit, All Commercial Banks",macro_indicator,Weekly,13061.0374,Billions of dollars,https://fred.stlouisfed.org/series/TOTLL,real_public_fred,20253
2025-09-03,2025Q3,TOTLL,"Loans and Leases in Bank Credit, All Commercial Banks",macro_indicator,Weekly,13066.1497,Billions of dollars,https://fred.stlouisfed.org/series/TOTLL,real_public_fred,20253
2025-09-10,2025Q3,TOTLL,"Loans and Leases in Bank Credit, All Commercial Banks",macro_indicator,Weekly,13073.153,Billions of dollars,https://fred.stlouisfed.org/series/TOTLL,real_public_fred,20253
2025-09-17,2025Q3,TOTLL,"Loans and Leases in Bank Credit, All Commercial Banks",macro_indicator,Weekly,13084.8173,Billions of dollars,https://fred.stlouisfed.org/series/TOTLL,real_public_fred,20253
2025-09-24,2025Q3,TOTLL,"Loans and Leases in Bank Credit, All Commercial Banks",macro_indicator,Weekly,13096.9077,Billions of dollars,https://fred.stlouisfed.org/series/TOTLL,real_public_fred,20253
2025-10-01,2025Q4,TOTLL,"Loans and Leases in Bank Credit, All Commercial Banks",macro_indicator,Weekly,13128.9857,Billions of dollars,https://fred.stlouisfed.org/series/TOTLL,real_public_fred,20254
2025-10-08,2025Q4,TOTLL,"Loans and Leases in Bank Credit, All Commercial Banks",macro_indicator,Weekly,13131.7296,Billions of dollars,https://fred.stlouisfed.org/series/TOTLL,real_public_fred,20254
2025-10-15,2025Q4,TOTLL,"Loans and Leases in Bank Credit, All Commercial Banks",macro_indicator,Weekly,13160.7745,Billions of dollars,https://fred.stlouisfed.org/series/TOTLL,real_public_fred,20254
2025-10-22,2025Q4,TOTLL,"Loans and Leases in Bank Credit, All Commercial Banks",macro_indicator,Weekly,13175.9832,Billions of dollars,https://fred.stlouisfed.org/series/TOTLL,real_public_fred,20254
2025-10-29,2025Q4,TOTLL,"Loans and Leases in Bank Credit, All Commercial Banks",macro_indicator,Weekly,13163.5556,Billions of dollars,https://fred.stlouisfed.org/series/TOTLL,real_public_fred,20254
2025-11-05,2025Q4,TOTLL,"Loans and Leases in Bank Credit, All Commercial Banks",macro_indicator,Weekly,13185.5912,Billions of dollars,https://fred.stlouisfed.org/series/TOTLL,real_public_fred,20254
2025-11-12,2025Q4,TOTLL,"Loans and Leases in Bank Credit, All Commercial Banks",macro_indicator,Weekly,13219.9202,Billions of dollars,https://fred.stlouisfed.org/series/TOTLL,real_public_fred,20254
2025-11-19,2025Q4,TOTLL,"Loans and Leases in Bank Credit, All Commercial Banks",macro_indicator,Weekly,13236.9552,Billions of dollars,https://fred.stlouisfed.org/series/TOTLL,real_public_fred,20254
2025-11-26,2025Q4,TOTLL,"Loans and Leases in Bank Credit, All Commercial Banks",macro_indicator,Weekly,13266.2833,Billions of dollars,https://fred.stlouisfed.org/series/TOTLL,real_public_fred,20254
2025-12-03,2025Q4,TOTLL,"Loans and Leases in Bank Credit, All Commercial Banks",macro_indicator,Weekly,13259.6437,Billions of dollars,https://fred.stlouisfed.org/series/TOTLL,real_public_fred,20254
2025-12-10,2025Q4,TOTLL,"Loans and Leases in Bank Credit, All Commercial Banks",macro_indicator,Weekly,13295.8603,Billions of dollars,https://fred.stlouisfed.org/series/TOTLL,real_public_fred,20254
2025-12-17,2025Q4,TOTLL,"Loans and Leases in Bank Credit, All Commercial Banks",macro_indicator,Weekly,13308.4347,Billions of dollars,https://fred.stlouisfed.org/series/TOTLL,real_public_fred,20254
2025-12-24,2025Q4,TOTLL,"Loans and Leases in Bank Credit, All Commercial Banks",macro_indicator,Weekly,13327.7674,Billions of dollars,https://fred.stlouisfed.org/series/TOTLL,real_public_fred,20254
2025-12-31,2025Q4,TOTLL,"Loans and Leases in Bank Credit, All Commercial Banks",macro_indicator,Weekly,13326.0254,Billions of dollars,https://fred.stlouisfed.org/series/TOTLL,real_public_fred,20254
2026-01-07,2026Q1,TOTLL,"Loans and Leases in Bank Credit, All Commercial Banks",macro_indicator,Weekly,13365.6062,Billions of dollars,https://fred.stlouisfed.org/series/TOTLL,real_public_fred,20261
2026-01-14,2026Q1,TOTLL,"Loans and Leases in Bank Credit, All Commercial Banks",macro_indicator,Weekly,13395.6778,Billions of dollars,https://fred.stlouisfed.org/series/TOTLL,real_public_fred,20261
2026-01-21,2026Q1,TOTLL,"Loans and Leases in Bank Credit, All Commercial Banks",macro_indicator,Weekly,13444.8185,Billions of dollars,https://fred.stlouisfed.org/series/TOTLL,real_public_fred,20261
2026-01-28,2026Q1,TOTLL,"Loans and Leases in Bank Credit, All Commercial Banks",macro_indicator,Weekly,13442.302,Billions of dollars,https://fred.stlouisfed.org/series/TOTLL,real_public_fred,20261
2026-02-04,2026Q1,TOTLL,"Loans and Leases in Bank Credit, All Commercial Banks",macro_indicator,Weekly,13488.7722,Billions of dollars,https://fred.stlouisfed.org/series/TOTLL,real_public_fred,20261
2026-02-11,2026Q1,TOTLL,"Loans and Leases in Bank Credit, All Commercial Banks",macro_indicator,Weekly,13527.805,Billions of dollars,https://fred.stlouisfed.org/series/TOTLL,real_public_fred,20261
2026-02-18,2026Q1,TOTLL,"Loans and Leases in Bank Credit, All Commercial Banks",macro_indicator,Weekly,13543.139,Billions of dollars,https://fred.stlouisfed.org/series/TOTLL,real_public_fred,20261
2026-02-25,2026Q1,TOTLL,"Loans and Leases in Bank Credit, All Commercial Banks",macro_indicator,Weekly,13548.0584,Billions of dollars,https://fred.stlouisfed.org/series/TOTLL,real_public_fred,20261
2026-03-04,2026Q1,TOTLL,"Loans and Leases in Bank Credit, All Commercial Banks",macro_indicator,Weekly,13577.4334,Billions of dollars,https://fred.stlouisfed.org/series/TOTLL,real_public_fred,20261
2026-03-11,2026Q1,TOTLL,"Loans and Leases in Bank Credit, All Commercial Banks",macro_indicator,Weekly,13600.9379,Billions of dollars,https://fred.stlouisfed.org/series/TOTLL,real_public_fred,20261
2026-03-18,2026Q1,TOTLL,"Loans and Leases in Bank Credit, All Commercial Banks",macro_indicator,Weekly,13607.3918,Billions of dollars,https://fred.stlouisfed.org/series/TOTLL,real_public_fred,20261
2026-03-25,2026Q1,TOTLL,"Loans and Leases in Bank Credit, All Commercial Banks",macro_indicator,Weekly,13640.0625,Billions of dollars,https://fred.stlouisfed.org/series/TOTLL,real_public_fred,20261
2026-04-01,2026Q2,TOTLL,"Loans and Leases in Bank Credit, All Commercial Banks",macro_indicator,Weekly,13694.4336,Billions of dollars,https://fred.stlouisfed.org/series/TOTLL,real_public_fred,20262
2026-04-08,2026Q2,TOTLL,"Loans and Leases in Bank Credit, All Commercial Banks",macro_indicator,Weekly,13717.7175,Billions of dollars,https://fred.stlouisfed.org/series/TOTLL,real_public_fred,20262
2026-04-15,2026Q2,TOTLL,"Loans and Leases in Bank Credit, All Commercial Banks",macro_indicator,Weekly,13726.6964,Billions of dollars,https://fred.stlouisfed.org/series/TOTLL,real_public_fred,20262
2026-04-22,2026Q2,TOTLL,"Loans and Leases in Bank Credit, All Commercial Banks",macro_indicator,Weekly,13739.1791,Billions of dollars,https://fred.stlouisfed.org/series/TOTLL,real_public_fred,20262
2026-04-29,2026Q2,TOTLL,"Loans and Leases in Bank Credit, All Commercial Banks",macro_indicator,Weekly,13748.3805,Billions of dollars,https://fred.stlouisfed.org/series/TOTLL,real_public_fred,20262
2018-07-01,2018Q3,DRALACBN,"Delinquency Rate on All Loans, All Commercial Banks",macro_indicator,Quarterly,1.59,Percent,https://fred.stlouisfed.org/series/DRALACBN,real_public_fred,20183
2018-10-01,2018Q4,DRALACBN,"Delinquency Rate on All Loans, All Commercial Banks",macro_indicator,Quarterly,1.56,Percent,https://fred.stlouisfed.org/series/DRALACBN,real_public_fred,20184
2019-01-01,2019Q1,DRALACBN,"Delinquency Rate on All Loans, All Commercial Banks",macro_indicator,Quarterly,1.55,Percent,https://fred.stlouisfed.org/series/DRALACBN,real_public_fred,20191
2019-04-01,2019Q2,DRALACBN,"Delinquency Rate on All Loans, All Commercial Banks",macro_indicator,Quarterly,1.45,Percent,https://fred.stlouisfed.org/series/DRALACBN,real_public_fred,20192
2019-07-01,2019Q3,DRALACBN,"Delinquency Rate on All Loans, All Commercial Banks",macro_indicator,Quarterly,1.46,Percent,https://fred.stlouisfed.org/series/DRALACBN,real_public_fred,20193
2019-10-01,2019Q4,DRALACBN,"Delinquency Rate on All Loans, All Commercial Banks",macro_indicator,Quarterly,1.47,Percent,https://fred.stlouisfed.org/series/DRALACBN,real_public_fred,20194
2020-01-01,2020Q1,DRALACBN,"Delinquency Rate on All Loans, All Commercial Banks",macro_indicator,Quarterly,1.52,Percent,https://fred.stlouisfed.org/series/DRALACBN,real_public_fred,20201
2020-04-01,2020Q2,DRALACBN,"Delinquency Rate on All Loans, All Commercial Banks",macro_indicator,Quarterly,1.5,Percent,https://fred.stlouisfed.org/series/DRALACBN,real_public_fred,20202
2020-07-01,2020Q3,DRALACBN,"Delinquency Rate on All Loans, All Commercial Banks",macro_indicator,Quarterly,1.58,Percent,https://fred.stlouisfed.org/series/DRALACBN,real_public_fred,20203
2020-10-01,2020Q4,DRALACBN,"Delinquency Rate on All Loans, All Commercial Banks",macro_indicator,Quarterly,1.64,Percent,https://fred.stlouisfed.org/series/DRALACBN,real_public_fred,20204
2021-01-01,2021Q1,DRALACBN,"Delinquency Rate on All Loans, All Commercial Banks",macro_indicator,Quarterly,1.48,Percent,https://fred.stlouisfed.org/series/DRALACBN,real_public_fred,20211
2021-04-01,2021Q2,DRALACBN,"Delinquency Rate on All Loans, All Commercial Banks",macro_indicator,Quarterly,1.32,Percent,https://fred.stlouisfed.org/series/DRALACBN,real_public_fred,20212
2021-07-01,2021Q3,DRALACBN,"Delinquency Rate on All Loans, All Commercial Banks",macro_indicator,Quarterly,1.28,Percent,https://fred.stlouisfed.org/series/DRALACBN,real_public_fred,20213
2021-10-01,2021Q4,DRALACBN,"Delinquency Rate on All Loans, All Commercial Banks",macro_indicator,Quarterly,1.31,Percent,https://fred.stlouisfed.org/series/DRALACBN,real_public_fred,20214
2022-01-01,2022Q1,DRALACBN,"Delinquency Rate on All Loans, All Commercial Banks",macro_indicator,Quarterly,1.24,Percent,https://fred.stlouisfed.org/series/DRALACBN,real_public_fred,20221
2022-04-01,2022Q2,DRALACBN,"Delinquency Rate on All Loans, All Commercial Banks",macro_indicator,Quarterly,1.19,Percent,https://fred.stlouisfed.org/series/DRALACBN,real_public_fred,20222
2022-07-01,2022Q3,DRALACBN,"Delinquency Rate on All Loans, All Commercial Banks",macro_indicator,Quarterly,1.19,Percent,https://fred.stlouisfed.org/series/DRALACBN,real_public_fred,20223
2022-10-01,2022Q4,DRALACBN,"Delinquency Rate on All Loans, All Commercial Banks",macro_indicator,Quarterly,1.24,Percent,https://fred.stlouisfed.org/series/DRALACBN,real_public_fred,20224
2023-01-01,2023Q1,DRALACBN,"Delinquency Rate on All Loans, All Commercial Banks",macro_indicator,Quarterly,1.22,Percent,https://fred.stlouisfed.org/series/DRALACBN,real_public_fred,20231
2023-04-01,2023Q2,DRALACBN,"Delinquency Rate on All Loans, All Commercial Banks",macro_indicator,Quarterly,1.22,Percent,https://fred.stlouisfed.org/series/DRALACBN,real_public_fred,20232
2023-07-01,2023Q3,DRALACBN,"Delinquency Rate on All Loans, All Commercial Banks",macro_indicator,Quarterly,1.32,Percent,https://fred.stlouisfed.org/series/DRALACBN,real_public_fred,20233
2023-10-01,2023Q4,DRALACBN,"Delinquency Rate on All Loans, All Commercial Banks",macro_indicator,Quarterly,1.42,Percent,https://fred.stlouisfed.org/series/DRALACBN,real_public_fred,20234
2024-01-01,2024Q1,DRALACBN,"Delinquency Rate on All Loans, All Commercial Banks",macro_indicator,Quarterly,1.44,Percent,https://fred.stlouisfed.org/series/DRALACBN,real_public_fred,20241
2024-04-01,2024Q2,DRALACBN,"Delinquency Rate on All Loans, All Commercial Banks",macro_indicator,Quarterly,1.44,Percent,https://fred.stlouisfed.org/series/DRALACBN,real_public_fred,20242
2024-07-01,2024Q3,DRALACBN,"Delinquency Rate on All Loans, All Commercial Banks",macro_indicator,Quarterly,1.5,Percent,https://fred.stlouisfed.org/series/DRALACBN,real_public_fred,20243
2024-10-01,2024Q4,DRALACBN,"Delinquency Rate on All Loans, All Commercial Banks",macro_indicator,Quarterly,1.59,Percent,https://fred.stlouisfed.org/series/DRALACBN,real_public_fred,20244
2025-01-01,2025Q1,DRALACBN,"Delinquency Rate on All Loans, All Commercial Banks",macro_indicator,Quarterly,1.56,Percent,https://fred.stlouisfed.org/series/DRALACBN,real_public_fred,20251
2025-04-01,2025Q2,DRALACBN,"Delinquency Rate on All Loans, All Commercial Banks",macro_indicator,Quarterly,1.47,Percent,https://fred.stlouisfed.org/series/DRALACBN,real_public_fred,20252
2025-07-01,2025Q3,DRALACBN,"Delinquency Rate on All Loans, All Commercial Banks",macro_indicator,Quarterly,1.47,Percent,https://fred.stlouisfed.org/series/DRALACBN,real_public_fred,20253
2025-10-01,2025Q4,DRALACBN,"Delinquency Rate on All Loans, All Commercial Banks",macro_indicator,Quarterly,1.53,Percent,https://fred.stlouisfed.org/series/DRALACBN,real_public_fred,20254
